"gene","gene_set","n_DE_clusters","direction","DE_clusters"
"Arid5b","MouseTFs",8,"Up","004 L6 IT CTX Glut; 006 L4/5 IT CTX Glut; 007 L2/3 IT CTX Glut; 022 L5 ET CTX Glut; 029 L6b CTX Glut; 030 L6 CT CTX Glut; 046 Vip Gaba; 053 Sst Gaba"
"Junb","MouseTFs",8,"Up","004 L6 IT CTX Glut; 005 L5 IT CTX Glut; 006 L4/5 IT CTX Glut; 007 L2/3 IT CTX Glut; 022 L5 ET CTX Glut; 029 L6b CTX Glut; 030 L6 CT CTX Glut; 052 Pvalb Gaba"
"Banp","MouseTFs",7,"Up","004 L6 IT CTX Glut; 005 L5 IT CTX Glut; 006 L4/5 IT CTX Glut; 007 L2/3 IT CTX Glut; 022 L5 ET CTX Glut; 030 L6 CT CTX Glut; 052 Pvalb Gaba"
"Fos","MouseTFs",7,"Up","004 L6 IT CTX Glut; 005 L5 IT CTX Glut; 006 L4/5 IT CTX Glut; 007 L2/3 IT CTX Glut; 022 L5 ET CTX Glut; 030 L6 CT CTX Glut; 047 Sncg Gaba"
"Chd2","MouseTFs",6,"Up","004 L6 IT CTX Glut; 005 L5 IT CTX Glut; 006 L4/5 IT CTX Glut; 007 L2/3 IT CTX Glut; 022 L5 ET CTX Glut; 030 L6 CT CTX Glut"
"Klf10","MouseTFs",6,"Up","004 L6 IT CTX Glut; 005 L5 IT CTX Glut; 006 L4/5 IT CTX Glut; 007 L2/3 IT CTX Glut; 022 L5 ET CTX Glut; 030 L6 CT CTX Glut"
"Zbtb25","MouseTFs",6,"Down","004 L6 IT CTX Glut; 005 L5 IT CTX Glut; 006 L4/5 IT CTX Glut; 007 L2/3 IT CTX Glut; 022 L5 ET CTX Glut; 030 L6 CT CTX Glut"
"Zbtb40","MouseTFs",6,"Up","004 L6 IT CTX Glut; 005 L5 IT CTX Glut; 006 L4/5 IT CTX Glut; 007 L2/3 IT CTX Glut; 030 L6 CT CTX Glut; 052 Pvalb Gaba"
"Zfp46","MouseTFs",6,"Down","004 L6 IT CTX Glut; 005 L5 IT CTX Glut; 006 L4/5 IT CTX Glut; 007 L2/3 IT CTX Glut; 022 L5 ET CTX Glut; 030 L6 CT CTX Glut"
"Zfp641","MouseTFs",6,"Down","004 L6 IT CTX Glut; 005 L5 IT CTX Glut; 006 L4/5 IT CTX Glut; 007 L2/3 IT CTX Glut; 022 L5 ET CTX Glut; 030 L6 CT CTX Glut"
"Egr1","MouseTFs",5,"Up","004 L6 IT CTX Glut; 005 L5 IT CTX Glut; 006 L4/5 IT CTX Glut; 022 L5 ET CTX Glut; 030 L6 CT CTX Glut"
"Etv5","MouseTFs",5,"Up","004 L6 IT CTX Glut; 006 L4/5 IT CTX Glut; 007 L2/3 IT CTX Glut; 030 L6 CT CTX Glut; 053 Sst Gaba"
"Hsf5","MouseTFs",5,"Up","005 L5 IT CTX Glut; 006 L4/5 IT CTX Glut; 007 L2/3 IT CTX Glut; 022 L5 ET CTX Glut; 030 L6 CT CTX Glut"
"Nr4a3","MouseTFs",5,"Up","004 L6 IT CTX Glut; 007 L2/3 IT CTX Glut; 022 L5 ET CTX Glut; 030 L6 CT CTX Glut; 047 Sncg Gaba"
"Sox8","MouseTFs",5,"Up","004 L6 IT CTX Glut; 006 L4/5 IT CTX Glut; 007 L2/3 IT CTX Glut; 022 L5 ET CTX Glut; 030 L6 CT CTX Glut"
"Zfp580","MouseTFs",5,"Down","004 L6 IT CTX Glut; 005 L5 IT CTX Glut; 006 L4/5 IT CTX Glut; 007 L2/3 IT CTX Glut; 030 L6 CT CTX Glut"
"Zkscan16","MouseTFs",5,"Down","004 L6 IT CTX Glut; 005 L5 IT CTX Glut; 006 L4/5 IT CTX Glut; 007 L2/3 IT CTX Glut; 030 L6 CT CTX Glut"
"Ahctf1","MouseTFs",4,"Up","004 L6 IT CTX Glut; 007 L2/3 IT CTX Glut; 022 L5 ET CTX Glut; 030 L6 CT CTX Glut"
"Bhlhe40","MouseTFs",4,"Up","004 L6 IT CTX Glut; 006 L4/5 IT CTX Glut; 007 L2/3 IT CTX Glut; 030 L6 CT CTX Glut"
"E2f6","MouseTFs",4,"Up","004 L6 IT CTX Glut; 005 L5 IT CTX Glut; 006 L4/5 IT CTX Glut; 030 L6 CT CTX Glut"
"Egr4","MouseTFs",4,"Up","004 L6 IT CTX Glut; 005 L5 IT CTX Glut; 022 L5 ET CTX Glut; 030 L6 CT CTX Glut"
"Emx1","MouseTFs",4,"Down","006 L4/5 IT CTX Glut; 007 L2/3 IT CTX Glut; 022 L5 ET CTX Glut; 030 L6 CT CTX Glut"
"Ep300","MouseTFs",4,"Up","004 L6 IT CTX Glut; 006 L4/5 IT CTX Glut; 007 L2/3 IT CTX Glut; 030 L6 CT CTX Glut"
"Fhl2","MouseTFs",4,"Down","004 L6 IT CTX Glut; 007 L2/3 IT CTX Glut; 022 L5 ET CTX Glut; 030 L6 CT CTX Glut"
"Fosb","MouseTFs",4,"Up","004 L6 IT CTX Glut; 005 L5 IT CTX Glut; 006 L4/5 IT CTX Glut; 022 L5 ET CTX Glut"
"Gabpa","MouseTFs",4,"Up","006 L4/5 IT CTX Glut; 007 L2/3 IT CTX Glut; 030 L6 CT CTX Glut; 053 Sst Gaba"
"Hes1","MouseTFs",4,"Up","002 IT EP_CLA Glut; 004 L6 IT CTX Glut; 006 L4/5 IT CTX Glut; 007 L2/3 IT CTX Glut"
"Hivep1","MouseTFs",4,"Up","004 L6 IT CTX Glut; 006 L4/5 IT CTX Glut; 007 L2/3 IT CTX Glut; 030 L6 CT CTX Glut"
"Hspa5","MouseTFs",4,"Up","004 L6 IT CTX Glut; 005 L5 IT CTX Glut; 022 L5 ET CTX Glut; 030 L6 CT CTX Glut"
"Meis2","MouseTFs",4,"Up","002 IT EP_CLA Glut; 029 L6b CTX Glut; 030 L6 CT CTX Glut; 052 Pvalb Gaba"
"Nr4a2","MouseTFs",4,"Up","004 L6 IT CTX Glut; 005 L5 IT CTX Glut; 022 L5 ET CTX Glut; 030 L6 CT CTX Glut"
"Smad5","MouseTFs",4,"Up","006 L4/5 IT CTX Glut; 007 L2/3 IT CTX Glut; 022 L5 ET CTX Glut; 030 L6 CT CTX Glut"
"Sox12","MouseTFs",4,"Down","004 L6 IT CTX Glut; 006 L4/5 IT CTX Glut; 007 L2/3 IT CTX Glut; 030 L6 CT CTX Glut"
"Zfp933","MouseTFs",4,"Up","005 L5 IT CTX Glut; 006 L4/5 IT CTX Glut; 007 L2/3 IT CTX Glut; 030 L6 CT CTX Glut"
"Zhx2","MouseTFs",4,"Up","004 L6 IT CTX Glut; 006 L4/5 IT CTX Glut; 007 L2/3 IT CTX Glut; 030 L6 CT CTX Glut"
"Zkscan2","MouseTFs",4,"Down","004 L6 IT CTX Glut; 006 L4/5 IT CTX Glut; 007 L2/3 IT CTX Glut; 030 L6 CT CTX Glut"
"Arid3b","MouseTFs",3,"Up","005 L5 IT CTX Glut; 006 L4/5 IT CTX Glut; 030 L6 CT CTX Glut"
"Bbx","MouseTFs",3,"Up","006 L4/5 IT CTX Glut; 007 L2/3 IT CTX Glut; 030 L6 CT CTX Glut"
"Bcl6","MouseTFs",3,"Up","004 L6 IT CTX Glut; 006 L4/5 IT CTX Glut; 007 L2/3 IT CTX Glut"
"Clk1","MouseTFs",3,"Up","006 L4/5 IT CTX Glut; 007 L2/3 IT CTX Glut; 030 L6 CT CTX Glut"
"Crem","MouseTFs",3,"Up","004 L6 IT CTX Glut; 022 L5 ET CTX Glut; 030 L6 CT CTX Glut"
"Dmc1","MouseTFs",3,"Up","005 L5 IT CTX Glut; 006 L4/5 IT CTX Glut; 007 L2/3 IT CTX Glut"
"Dusp22","MouseTFs",3,"Down","004 L6 IT CTX Glut; 007 L2/3 IT CTX Glut; 030 L6 CT CTX Glut"
"Egr3","MouseTFs",3,"Up","004 L6 IT CTX Glut; 005 L5 IT CTX Glut; 030 L6 CT CTX Glut"
"Hnrnpll","MouseTFs",3,"Up","005 L5 IT CTX Glut; 006 L4/5 IT CTX Glut; 030 L6 CT CTX Glut"
"Irf9","MouseTFs",3,"Up","005 L5 IT CTX Glut; 006 L4/5 IT CTX Glut; 022 L5 ET CTX Glut"
"Kdm7a","MouseTFs",3,"Up","004 L6 IT CTX Glut; 007 L2/3 IT CTX Glut; 030 L6 CT CTX Glut"
"Nr4a1","MouseTFs",3,"Up","004 L6 IT CTX Glut; 006 L4/5 IT CTX Glut; 030 L6 CT CTX Glut"
"Nuak1","MouseTFs",3,"Up","004 L6 IT CTX Glut; 006 L4/5 IT CTX Glut; 007 L2/3 IT CTX Glut"
"Odc1","MouseTFs",3,"Up","004 L6 IT CTX Glut; 007 L2/3 IT CTX Glut; 030 L6 CT CTX Glut"
"Pparg","MouseTFs",3,"Down","004 L6 IT CTX Glut; 005 L5 IT CTX Glut; 007 L2/3 IT CTX Glut"
"Prox2","MouseTFs",3,"Up","004 L6 IT CTX Glut; 007 L2/3 IT CTX Glut; 030 L6 CT CTX Glut"
"Rbm3","MouseTFs",3,"Up","006 L4/5 IT CTX Glut; 030 L6 CT CTX Glut; 052 Pvalb Gaba"
"Zdhhc5","MouseTFs",3,"Up","006 L4/5 IT CTX Glut; 007 L2/3 IT CTX Glut; 030 L6 CT CTX Glut"
"Zfp286","MouseTFs",3,"Down","004 L6 IT CTX Glut; 007 L2/3 IT CTX Glut; 030 L6 CT CTX Glut"
"Zfp414","MouseTFs",3,"Down","006 L4/5 IT CTX Glut; 007 L2/3 IT CTX Glut; 030 L6 CT CTX Glut"
"Zfp867","MouseTFs",3,"Down","004 L6 IT CTX Glut; 006 L4/5 IT CTX Glut; 007 L2/3 IT CTX Glut"
"Zfp938","MouseTFs",3,"Up","004 L6 IT CTX Glut; 006 L4/5 IT CTX Glut; 007 L2/3 IT CTX Glut"
"Zfp941","MouseTFs",3,"Down","006 L4/5 IT CTX Glut; 052 Pvalb Gaba; 053 Sst Gaba"
"Zmiz1","MouseTFs",3,"Up","004 L6 IT CTX Glut; 022 L5 ET CTX Glut; 030 L6 CT CTX Glut"
"2610021A01Rik","MouseTFs",2,"Up","007 L2/3 IT CTX Glut; 030 L6 CT CTX Glut"
"Aspscr1","MouseTFs",2,"Down","006 L4/5 IT CTX Glut; 030 L6 CT CTX Glut"
"Atoh7","MouseTFs",2,"Down","004 L6 IT CTX Glut; 030 L6 CT CTX Glut"
"Bcl11b","MouseTFs",2,"Up","002 IT EP_CLA Glut; 030 L6 CT CTX Glut"
"Creb3l2","MouseTFs",2,"Up","004 L6 IT CTX Glut; 007 L2/3 IT CTX Glut"
"Dnajc21","MouseTFs",2,"Up","004 L6 IT CTX Glut; 030 L6 CT CTX Glut"
"Fosl2","MouseTFs",2,"Up","004 L6 IT CTX Glut; 006 L4/5 IT CTX Glut"
"Foxp4","MouseTFs",2,"Down","006 L4/5 IT CTX Glut; 030 L6 CT CTX Glut"
"Mbnl2","MouseTFs",2,"Up","006 L4/5 IT CTX Glut; 030 L6 CT CTX Glut"
"Mtf1","MouseTFs",2,"Up","004 L6 IT CTX Glut; 030 L6 CT CTX Glut"
"Nfic","MouseTFs",2,"Down","022 L5 ET CTX Glut; 030 L6 CT CTX Glut"
"Nfkb2","MouseTFs",2,"Up","004 L6 IT CTX Glut; 030 L6 CT CTX Glut"
"Npas4","MouseTFs",2,"Up","004 L6 IT CTX Glut; 006 L4/5 IT CTX Glut"
"Nr1d1","MouseTFs",2,"Down","030 L6 CT CTX Glut; 053 Sst Gaba"
"Ovol2","MouseTFs",2,"Down","007 L2/3 IT CTX Glut; 022 L5 ET CTX Glut"
"Pou2f2","MouseTFs",2,"Down","004 L6 IT CTX Glut; 006 L4/5 IT CTX Glut"
"Pou3f3","MouseTFs",2,"Up","007 L2/3 IT CTX Glut; 030 L6 CT CTX Glut"
"Pou6f2","MouseTFs",2,"Down","002 IT EP_CLA Glut; 030 L6 CT CTX Glut"
"Ppargc1a","MouseTFs",2,"Up","004 L6 IT CTX Glut; 006 L4/5 IT CTX Glut"
"Rcor1","MouseTFs",2,"Up","006 L4/5 IT CTX Glut; 007 L2/3 IT CTX Glut"
"Tob2","MouseTFs",2,"Up","007 L2/3 IT CTX Glut; 022 L5 ET CTX Glut"
"Zbtb2","MouseTFs",2,"Up","006 L4/5 IT CTX Glut; 022 L5 ET CTX Glut"
"Zfp2","MouseTFs",2,"Down","004 L6 IT CTX Glut; 030 L6 CT CTX Glut"
"Zfp316","MouseTFs",2,"Down","006 L4/5 IT CTX Glut; 030 L6 CT CTX Glut"
"Zfp326","MouseTFs",2,"Up","004 L6 IT CTX Glut; 006 L4/5 IT CTX Glut"
"Zfp426","MouseTFs",2,"Up","007 L2/3 IT CTX Glut; 030 L6 CT CTX Glut"
"Zfp575","MouseTFs",2,"Down","006 L4/5 IT CTX Glut; 030 L6 CT CTX Glut"
"Zfp64","MouseTFs",2,"Down","004 L6 IT CTX Glut; 030 L6 CT CTX Glut"
"Zfp667","MouseTFs",2,"Up","004 L6 IT CTX Glut; 030 L6 CT CTX Glut"
"Zscan22","MouseTFs",2,"Up","007 L2/3 IT CTX Glut; 030 L6 CT CTX Glut"
"Ahr","MouseTFs",1,"Up","007 L2/3 IT CTX Glut"
"Anxa11","MouseTFs",1,"Down","002 IT EP_CLA Glut"
"Ascc1","MouseTFs",1,"Down","007 L2/3 IT CTX Glut"
"Atf7","MouseTFs",1,"Down","030 L6 CT CTX Glut"
"Bdp1","MouseTFs",1,"Up","030 L6 CT CTX Glut"
"Bhlhe41","MouseTFs",1,"Up","007 L2/3 IT CTX Glut"
"Carf","MouseTFs",1,"Down","030 L6 CT CTX Glut"
"Ccnt2","MouseTFs",1,"Up","007 L2/3 IT CTX Glut"
"Cebpd","MouseTFs",1,"Down","030 L6 CT CTX Glut"
"Chd1","MouseTFs",1,"Up","030 L6 CT CTX Glut"
"Cnot3","MouseTFs",1,"Up","030 L6 CT CTX Glut"
"Ddit3","MouseTFs",1,"Up","030 L6 CT CTX Glut"
"Dpf2","MouseTFs",1,"Up","004 L6 IT CTX Glut"
"Dusp26","MouseTFs",1,"Down","002 IT EP_CLA Glut"
"E2f1","MouseTFs",1,"Down","006 L4/5 IT CTX Glut"
"E2f5","MouseTFs",1,"Up","030 L6 CT CTX Glut"
"Egr2","MouseTFs",1,"Up","004 L6 IT CTX Glut"
"Elf2","MouseTFs",1,"Up","004 L6 IT CTX Glut"
"Etv1","MouseTFs",1,"Down","022 L5 ET CTX Glut"
"Etv4","MouseTFs",1,"Up","030 L6 CT CTX Glut"
"Etv6","MouseTFs",1,"Up","030 L6 CT CTX Glut"
"Ewsr1","MouseTFs",1,"Up","030 L6 CT CTX Glut"
"Fank1","MouseTFs",1,"Down","004 L6 IT CTX Glut"
"Foxp2","MouseTFs",1,"Down","006 L4/5 IT CTX Glut"
"Gadd45a","MouseTFs",1,"Up","030 L6 CT CTX Glut"
"Glis1","MouseTFs",1,"Down","007 L2/3 IT CTX Glut"
"Glis2","MouseTFs",1,"Down","030 L6 CT CTX Glut"
"Hbp1","MouseTFs",1,"Up","007 L2/3 IT CTX Glut"
"Hdac1","MouseTFs",1,"Down","007 L2/3 IT CTX Glut"
"Hivep2","MouseTFs",1,"Up","006 L4/5 IT CTX Glut"
"Hlf","MouseTFs",1,"Up","007 L2/3 IT CTX Glut"
"Id2","MouseTFs",1,"Down","030 L6 CT CTX Glut"
"Insm1","MouseTFs",1,"Up","006 L4/5 IT CTX Glut"
"Irf2","MouseTFs",1,"Up","007 L2/3 IT CTX Glut"
"Klf3","MouseTFs",1,"Up","030 L6 CT CTX Glut"
"Kmt2a","MouseTFs",1,"Up","030 L6 CT CTX Glut"
"Lcorl","MouseTFs",1,"Down","006 L4/5 IT CTX Glut"
"Mitf","MouseTFs",1,"Up","030 L6 CT CTX Glut"
"Mkx","MouseTFs",1,"Down","004 L6 IT CTX Glut"
"Morn1","MouseTFs",1,"Down","030 L6 CT CTX Glut"
"Mzf1","MouseTFs",1,"Down","006 L4/5 IT CTX Glut"
"Ncor2","MouseTFs",1,"Up","007 L2/3 IT CTX Glut"
"Nelfe","MouseTFs",1,"Down","006 L4/5 IT CTX Glut"
"Neurod2","MouseTFs",1,"Down","030 L6 CT CTX Glut"
"Nfatc3","MouseTFs",1,"Down","007 L2/3 IT CTX Glut"
"Nfe2l3","MouseTFs",1,"Down","030 L6 CT CTX Glut"
"Nfil3","MouseTFs",1,"Up","004 L6 IT CTX Glut"
"Nfix","MouseTFs",1,"Down","002 IT EP_CLA Glut"
"Nr2f1","MouseTFs",1,"Down","007 L2/3 IT CTX Glut"
"Nr3c1","MouseTFs",1,"Up","030 L6 CT CTX Glut"
"Poli","MouseTFs",1,"Down","006 L4/5 IT CTX Glut"
"Ptcd1","MouseTFs",1,"Up","030 L6 CT CTX Glut"
"R3hdm2","MouseTFs",1,"Up","006 L4/5 IT CTX Glut"
"Rbbp9","MouseTFs",1,"Up","030 L6 CT CTX Glut"
"Rfx5","MouseTFs",1,"Down","006 L4/5 IT CTX Glut"
"Rorb","MouseTFs",1,"Up","029 L6b CTX Glut"
"Satb1","MouseTFs",1,"Down","030 L6 CT CTX Glut"
"Sfpq","MouseTFs",1,"Up","030 L6 CT CTX Glut"
"Smad4","MouseTFs",1,"Up","030 L6 CT CTX Glut"
"Sox11","MouseTFs",1,"Up","007 L2/3 IT CTX Glut"
"Sox9","MouseTFs",1,"Down","007 L2/3 IT CTX Glut"
"Terf2","MouseTFs",1,"Down","007 L2/3 IT CTX Glut"
"Thrb","MouseTFs",1,"Up","029 L6b CTX Glut"
"Tsnax","MouseTFs",1,"Down","007 L2/3 IT CTX Glut"
"Twist2","MouseTFs",1,"Down","007 L2/3 IT CTX Glut"
"Zbtb22","MouseTFs",1,"Down","030 L6 CT CTX Glut"
"Zbtb4","MouseTFs",1,"Up","004 L6 IT CTX Glut"
"Zbtb8a","MouseTFs",1,"Down","030 L6 CT CTX Glut"
"Zc3h11a","MouseTFs",1,"Up","006 L4/5 IT CTX Glut"
"Zfp3","MouseTFs",1,"Down","030 L6 CT CTX Glut"
"Zfp322a","MouseTFs",1,"Up","030 L6 CT CTX Glut"
"Zfp367","MouseTFs",1,"Down","006 L4/5 IT CTX Glut"
"Zfp39","MouseTFs",1,"Down","030 L6 CT CTX Glut"
"Zfp397","MouseTFs",1,"Up","007 L2/3 IT CTX Glut"
"Zfp420","MouseTFs",1,"Up","006 L4/5 IT CTX Glut"
"Zfp444","MouseTFs",1,"Down","030 L6 CT CTX Glut"
"Zfp512","MouseTFs",1,"Down","030 L6 CT CTX Glut"
"Zfp518a","MouseTFs",1,"Down","006 L4/5 IT CTX Glut"
"Zfp536","MouseTFs",1,"Down","022 L5 ET CTX Glut"
"Zfp597","MouseTFs",1,"Up","030 L6 CT CTX Glut"
"Zfp598","MouseTFs",1,"Up","007 L2/3 IT CTX Glut"
"Zfp62","MouseTFs",1,"Up","030 L6 CT CTX Glut"
"Zfp704","MouseTFs",1,"Down","030 L6 CT CTX Glut"
"Zfp707","MouseTFs",1,"Down","030 L6 CT CTX Glut"
"Zfp760","MouseTFs",1,"Up","006 L4/5 IT CTX Glut"
"Zfp777","MouseTFs",1,"Down","006 L4/5 IT CTX Glut"
"Zfp874b","MouseTFs",1,"Up","030 L6 CT CTX Glut"
"Zkscan17","MouseTFs",1,"Down","007 L2/3 IT CTX Glut"
"Zkscan5","MouseTFs",1,"Down","006 L4/5 IT CTX Glut"
