region_user,subclass_A_positive,subclass_B_negative,same_cell_type_label,separator_gene,mean_log2_A,mean_log2_B,pct_A,pct_B,log2_gap
BMAp,012 MEA Slc17a7 Glut,073 MEA-BST Sox6 Gaba,False,Slc17a7,8.206,0.174,93.5,3.3,8.032
BMAp,012 MEA Slc17a7 Glut,073 MEA-BST Sox6 Gaba,False,Chst9,6.794,0.457,82.0,7.6,6.337
BMAp,012 MEA Slc17a7 Glut,073 MEA-BST Sox6 Gaba,False,Crym,5.657,0.427,81.8,7.8,5.231
BMAp,012 MEA Slc17a7 Glut,073 MEA-BST Sox6 Gaba,False,Slc30a3,5.307,0.236,77.4,4.3,5.072
BMAp,012 MEA Slc17a7 Glut,073 MEA-BST Sox6 Gaba,False,Rorb,4.219,0.742,55.6,12.2,3.476
BMAp,012 MEA Slc17a7 Glut,073 MEA-BST Sox6 Gaba,False,Slc29a4,3.819,0.534,64.9,10.2,3.285
BMAp,012 MEA Slc17a7 Glut,073 MEA-BST Sox6 Gaba,False,Zic2,3.169,0.054,57.3,1.0,3.115
BMAp,012 MEA Slc17a7 Glut,073 MEA-BST Sox6 Gaba,False,Lpl,3.565,0.73,56.9,13.2,2.835
BMAp,012 MEA Slc17a7 Glut,073 MEA-BST Sox6 Gaba,False,Slc17a6,2.568,0.26,39.7,4.8,2.308
BMAp,012 MEA Slc17a7 Glut,073 MEA-BST Sox6 Gaba,False,Tbr1,2.15,0.076,40.5,1.5,2.074
BMAp,012 MEA Slc17a7 Glut,073 MEA-BST Sox6 Gaba,False,Fezf2,1.976,0.005,36.7,0.1,1.971
BMAp,012 MEA Slc17a7 Glut,073 MEA-BST Sox6 Gaba,False,Abca8a,1.835,0.157,31.9,2.8,1.677
BMAp,012 MEA Slc17a7 Glut,074 MEA-BST Lhx6 Sp9 Gaba,False,Nfib,9.157,0.534,92.9,9.4,8.623
BMAp,012 MEA Slc17a7 Glut,074 MEA-BST Lhx6 Sp9 Gaba,False,Slc17a7,8.206,0.161,93.5,3.1,8.044
BMAp,012 MEA Slc17a7 Glut,074 MEA-BST Lhx6 Sp9 Gaba,False,Chst9,6.794,0.185,82.0,3.3,6.609
BMAp,012 MEA Slc17a7 Glut,074 MEA-BST Lhx6 Sp9 Gaba,False,Crym,5.657,0.196,81.8,3.7,5.461
BMAp,012 MEA Slc17a7 Glut,074 MEA-BST Lhx6 Sp9 Gaba,False,Slc30a3,5.307,0.242,77.4,4.3,5.065
BMAp,012 MEA Slc17a7 Glut,074 MEA-BST Lhx6 Sp9 Gaba,False,Rorb,4.219,0.838,55.6,13.6,3.381
BMAp,012 MEA Slc17a7 Glut,074 MEA-BST Lhx6 Sp9 Gaba,False,Slc29a4,3.819,0.554,64.9,10.7,3.265
BMAp,012 MEA Slc17a7 Glut,074 MEA-BST Lhx6 Sp9 Gaba,False,Zic2,3.169,0.014,57.3,0.3,3.155
BMAp,012 MEA Slc17a7 Glut,074 MEA-BST Lhx6 Sp9 Gaba,False,Slc17a6,2.568,0.28,39.7,5.4,2.288
BMAp,012 MEA Slc17a7 Glut,074 MEA-BST Lhx6 Sp9 Gaba,False,Tbr1,2.15,0.094,40.5,1.8,2.056
BMAp,012 MEA Slc17a7 Glut,074 MEA-BST Lhx6 Sp9 Gaba,False,Fezf2,1.976,0.005,36.7,0.1,1.97
BMAp,012 MEA Slc17a7 Glut,074 MEA-BST Lhx6 Sp9 Gaba,False,Dnah5,2.764,0.8,48.4,14.8,1.964
BMAp,012 MEA Slc17a7 Glut,082 CEA-BST Ebf1 Pdyn Gaba,False,Nfib,9.157,0.453,92.9,8.7,8.704
BMAp,012 MEA Slc17a7 Glut,082 CEA-BST Ebf1 Pdyn Gaba,False,Slc17a7,8.206,0.13,93.5,2.6,8.076
BMAp,012 MEA Slc17a7 Glut,082 CEA-BST Ebf1 Pdyn Gaba,False,Chst9,6.794,0.337,82.0,5.9,6.458
BMAp,012 MEA Slc17a7 Glut,082 CEA-BST Ebf1 Pdyn Gaba,False,Slc30a3,5.307,0.238,77.4,4.3,5.069
BMAp,012 MEA Slc17a7 Glut,082 CEA-BST Ebf1 Pdyn Gaba,False,Cck,5.781,0.72,79.0,13.8,5.061
BMAp,012 MEA Slc17a7 Glut,082 CEA-BST Ebf1 Pdyn Gaba,False,Rorb,4.219,0.693,55.6,12.0,3.526
BMAp,012 MEA Slc17a7 Glut,082 CEA-BST Ebf1 Pdyn Gaba,False,Zic2,3.169,0.008,57.3,0.2,3.16
BMAp,012 MEA Slc17a7 Glut,082 CEA-BST Ebf1 Pdyn Gaba,False,Lpl,3.565,0.842,56.9,14.5,2.723
BMAp,012 MEA Slc17a7 Glut,082 CEA-BST Ebf1 Pdyn Gaba,False,Slc17a6,2.568,0.289,39.7,5.6,2.279
BMAp,012 MEA Slc17a7 Glut,082 CEA-BST Ebf1 Pdyn Gaba,False,Moxd1,2.244,0.113,36.6,2.2,2.131
BMAp,012 MEA Slc17a7 Glut,082 CEA-BST Ebf1 Pdyn Gaba,False,Tbr1,2.15,0.092,40.5,1.8,2.058
BMAp,012 MEA Slc17a7 Glut,082 CEA-BST Ebf1 Pdyn Gaba,False,Fezf2,1.976,0.003,36.7,0.1,1.973
BMAp,012 MEA Slc17a7 Glut,113 MEA-COA-BMA Ccdc42 Glut,True,Nfib,9.157,0.505,92.9,9.0,8.652
BMAp,012 MEA Slc17a7 Glut,113 MEA-COA-BMA Ccdc42 Glut,True,Slc17a7,8.206,0.604,93.5,10.4,7.601
BMAp,012 MEA Slc17a7 Glut,113 MEA-COA-BMA Ccdc42 Glut,True,Chst9,6.794,0.361,82.0,6.2,6.433
BMAp,012 MEA Slc17a7 Glut,113 MEA-COA-BMA Ccdc42 Glut,True,Slc30a3,5.307,0.076,77.4,1.4,5.231
BMAp,012 MEA Slc17a7 Glut,113 MEA-COA-BMA Ccdc42 Glut,True,Reln,4.409,0.434,60.8,7.8,3.974
BMAp,012 MEA Slc17a7 Glut,113 MEA-COA-BMA Ccdc42 Glut,True,Etv1,3.932,0.444,61.6,8.2,3.489
BMAp,012 MEA Slc17a7 Glut,113 MEA-COA-BMA Ccdc42 Glut,True,Slc29a4,3.819,0.405,64.9,7.9,3.414
BMAp,012 MEA Slc17a7 Glut,113 MEA-COA-BMA Ccdc42 Glut,True,Rorb,4.219,0.907,55.6,13.7,3.312
BMAp,012 MEA Slc17a7 Glut,113 MEA-COA-BMA Ccdc42 Glut,True,Zic2,3.169,0.034,57.3,0.6,3.135
BMAp,012 MEA Slc17a7 Glut,113 MEA-COA-BMA Ccdc42 Glut,True,Lpl,3.565,0.64,56.9,12.0,2.925
BMAp,012 MEA Slc17a7 Glut,113 MEA-COA-BMA Ccdc42 Glut,True,Moxd1,2.244,0.107,36.6,2.0,2.137
BMAp,012 MEA Slc17a7 Glut,113 MEA-COA-BMA Ccdc42 Glut,True,Fezf2,1.976,0.019,36.7,0.3,1.957
BMAp,012 MEA Slc17a7 Glut,119 SI-MA-LPO-LHA Skor1 Glut,False,Slc17a7,8.206,0.573,93.5,9.9,7.633
BMAp,012 MEA Slc17a7 Glut,119 SI-MA-LPO-LHA Skor1 Glut,False,Chst9,6.794,0.176,82.0,3.1,6.619
BMAp,012 MEA Slc17a7 Glut,119 SI-MA-LPO-LHA Skor1 Glut,False,Trhr,6.584,0.56,87.3,9.6,6.024
BMAp,012 MEA Slc17a7 Glut,119 SI-MA-LPO-LHA Skor1 Glut,False,Crym,5.657,0.171,81.8,3.3,5.486
BMAp,012 MEA Slc17a7 Glut,119 SI-MA-LPO-LHA Skor1 Glut,False,Col23a1,5.807,0.341,80.2,6.4,5.466
BMAp,012 MEA Slc17a7 Glut,119 SI-MA-LPO-LHA Skor1 Glut,False,Slc30a3,5.307,0.49,77.4,8.8,4.817
BMAp,012 MEA Slc17a7 Glut,119 SI-MA-LPO-LHA Skor1 Glut,False,Rorb,4.219,0.342,55.6,5.8,3.877
BMAp,012 MEA Slc17a7 Glut,119 SI-MA-LPO-LHA Skor1 Glut,False,Lpl,3.565,0.082,56.9,1.6,3.483
BMAp,012 MEA Slc17a7 Glut,119 SI-MA-LPO-LHA Skor1 Glut,False,Otof,3.764,0.476,63.3,8.9,3.288
BMAp,012 MEA Slc17a7 Glut,119 SI-MA-LPO-LHA Skor1 Glut,False,Dnah5,2.764,0.2,48.4,3.7,2.564
BMAp,012 MEA Slc17a7 Glut,119 SI-MA-LPO-LHA Skor1 Glut,False,Moxd1,2.244,0.089,36.6,1.6,2.155
BMAp,012 MEA Slc17a7 Glut,119 SI-MA-LPO-LHA Skor1 Glut,False,Abca8a,1.835,0.057,31.9,1.1,1.778
BMAp,012 MEA Slc17a7 Glut,120 MEA Otp Foxp2 Glut,False,Nfib,9.157,0.426,92.9,8.1,8.731
BMAp,012 MEA Slc17a7 Glut,120 MEA Otp Foxp2 Glut,False,Slc17a7,8.206,0.171,93.5,3.4,8.034
BMAp,012 MEA Slc17a7 Glut,120 MEA Otp Foxp2 Glut,False,Slc30a3,5.307,0.055,77.4,1.1,5.252
BMAp,012 MEA Slc17a7 Glut,120 MEA Otp Foxp2 Glut,False,Reln,4.409,0.504,60.8,9.1,3.904
BMAp,012 MEA Slc17a7 Glut,120 MEA Otp Foxp2 Glut,False,Etv1,3.932,0.241,61.6,4.6,3.691
BMAp,012 MEA Slc17a7 Glut,120 MEA Otp Foxp2 Glut,False,Rorb,4.219,0.838,55.6,14.4,3.381
BMAp,012 MEA Slc17a7 Glut,120 MEA Otp Foxp2 Glut,False,Slc29a4,3.819,0.595,64.9,11.8,3.224
BMAp,012 MEA Slc17a7 Glut,120 MEA Otp Foxp2 Glut,False,Zic2,3.169,0.134,57.3,2.7,3.035
BMAp,012 MEA Slc17a7 Glut,120 MEA Otp Foxp2 Glut,False,Moxd1,2.244,0.117,36.6,2.1,2.127
BMAp,012 MEA Slc17a7 Glut,120 MEA Otp Foxp2 Glut,False,Tbr1,2.15,0.114,40.5,2.3,2.036
BMAp,012 MEA Slc17a7 Glut,120 MEA Otp Foxp2 Glut,False,Fezf2,1.976,0.003,36.7,0.1,1.973
BMAp,012 MEA Slc17a7 Glut,120 MEA Otp Foxp2 Glut,False,Abca8a,1.835,0.041,31.9,0.8,1.794
BMAp,012 MEA Slc17a7 Glut,121 MEA-BST Otp Zic2 Glut,False,Cck,5.781,0.603,79.0,11.2,5.178
BMAp,012 MEA Slc17a7 Glut,121 MEA-BST Otp Zic2 Glut,False,Slc30a3,5.307,0.133,77.4,2.5,5.174
BMAp,012 MEA Slc17a7 Glut,121 MEA-BST Otp Zic2 Glut,False,Crym,5.657,0.723,81.8,12.8,4.934
BMAp,012 MEA Slc17a7 Glut,121 MEA-BST Otp Zic2 Glut,False,Rorb,4.219,0.659,55.6,11.0,3.56
BMAp,012 MEA Slc17a7 Glut,121 MEA-BST Otp Zic2 Glut,False,Etv1,3.932,0.76,61.6,11.4,3.172
BMAp,012 MEA Slc17a7 Glut,121 MEA-BST Otp Zic2 Glut,False,Moxd1,2.244,0.075,36.6,1.4,2.169
BMAp,012 MEA Slc17a7 Glut,121 MEA-BST Otp Zic2 Glut,False,Tbr1,2.15,0.1,40.5,1.8,2.05
BMAp,012 MEA Slc17a7 Glut,121 MEA-BST Otp Zic2 Glut,False,Fezf2,1.976,0.011,36.7,0.2,1.965
BMAp,012 MEA Slc17a7 Glut,121 MEA-BST Otp Zic2 Glut,False,Abca8a,1.835,0.028,31.9,0.6,1.807
BMAp,012 MEA Slc17a7 Glut,121 MEA-BST Otp Zic2 Glut,False,Ntsr1,1.865,0.158,35.0,2.9,1.707
BMAp,073 MEA-BST Sox6 Gaba,012 MEA Slc17a7 Glut,False,Slc32a1,7.734,0.335,98.1,6.7,7.399
BMAp,073 MEA-BST Sox6 Gaba,012 MEA Slc17a7 Glut,False,Sox6,5.018,0.315,58.2,6.2,4.704
BMAp,073 MEA-BST Sox6 Gaba,012 MEA Slc17a7 Glut,False,Foxp2,2.629,0.383,32.4,7.5,2.247
BMAp,073 MEA-BST Sox6 Gaba,012 MEA Slc17a7 Glut,False,Oprk1,2.068,0.148,32.1,2.7,1.92
BMAp,073 MEA-BST Sox6 Gaba,012 MEA Slc17a7 Glut,False,Sp8,1.907,0.013,31.6,0.3,1.895
BMAp,073 MEA-BST Sox6 Gaba,012 MEA Slc17a7 Glut,False,Pnoc,2.193,0.333,35.0,5.7,1.86
BMAp,073 MEA-BST Sox6 Gaba,012 MEA Slc17a7 Glut,False,Penk,2.346,0.608,37.3,10.6,1.738
BMAp,073 MEA-BST Sox6 Gaba,012 MEA Slc17a7 Glut,False,Lamb3,1.931,0.457,33.0,9.0,1.474
BMAp,073 MEA-BST Sox6 Gaba,012 MEA Slc17a7 Glut,False,Mpped1,1.877,0.677,30.9,12.2,1.2
BMAp,073 MEA-BST Sox6 Gaba,012 MEA Slc17a7 Glut,False,Unc5b,1.497,0.332,26.4,6.2,1.165
BMAp,073 MEA-BST Sox6 Gaba,074 MEA-BST Lhx6 Sp9 Gaba,True,Prox1,4.302,0.441,57.0,7.1,3.861
BMAp,073 MEA-BST Sox6 Gaba,074 MEA-BST Lhx6 Sp9 Gaba,True,Nfib,3.307,0.534,39.0,9.4,2.772
BMAp,073 MEA-BST Sox6 Gaba,074 MEA-BST Lhx6 Sp9 Gaba,True,Sp8,1.907,0.056,31.6,0.9,1.851
BMAp,073 MEA-BST Sox6 Gaba,082 CEA-BST Ebf1 Pdyn Gaba,True,Sox6,5.018,0.316,58.2,6.1,4.702
BMAp,073 MEA-BST Sox6 Gaba,082 CEA-BST Ebf1 Pdyn Gaba,True,Prox1,4.302,0.128,57.0,2.5,4.174
BMAp,073 MEA-BST Sox6 Gaba,082 CEA-BST Ebf1 Pdyn Gaba,True,Nfib,3.307,0.453,39.0,8.7,2.854
BMAp,073 MEA-BST Sox6 Gaba,082 CEA-BST Ebf1 Pdyn Gaba,True,Sp8,1.907,0.017,31.6,0.3,1.89
BMAp,073 MEA-BST Sox6 Gaba,082 CEA-BST Ebf1 Pdyn Gaba,True,Unc5b,1.497,0.109,26.4,2.2,1.388
BMAp,073 MEA-BST Sox6 Gaba,082 CEA-BST Ebf1 Pdyn Gaba,True,Lamb3,1.931,0.684,33.0,13.2,1.247
BMAp,073 MEA-BST Sox6 Gaba,113 MEA-COA-BMA Ccdc42 Glut,False,Slc32a1,7.734,0.394,98.1,7.4,7.34
BMAp,073 MEA-BST Sox6 Gaba,113 MEA-COA-BMA Ccdc42 Glut,False,Sox6,5.018,0.4,58.2,7.6,4.618
BMAp,073 MEA-BST Sox6 Gaba,113 MEA-COA-BMA Ccdc42 Glut,False,Prox1,4.302,0.403,57.0,7.5,3.898
BMAp,073 MEA-BST Sox6 Gaba,113 MEA-COA-BMA Ccdc42 Glut,False,Nfib,3.307,0.505,39.0,9.0,2.801
BMAp,073 MEA-BST Sox6 Gaba,113 MEA-COA-BMA Ccdc42 Glut,False,Reln,3.1,0.434,40.5,7.8,2.666
BMAp,073 MEA-BST Sox6 Gaba,113 MEA-COA-BMA Ccdc42 Glut,False,Sp8,1.907,0.015,31.6,0.3,1.892
BMAp,073 MEA-BST Sox6 Gaba,113 MEA-COA-BMA Ccdc42 Glut,False,Pnoc,2.193,0.353,35.0,6.8,1.84
BMAp,073 MEA-BST Sox6 Gaba,119 SI-MA-LPO-LHA Skor1 Glut,False,Slc32a1,7.734,0.705,98.1,11.6,7.029
BMAp,073 MEA-BST Sox6 Gaba,119 SI-MA-LPO-LHA Skor1 Glut,False,Sox6,5.018,0.346,58.2,6.4,4.672
BMAp,073 MEA-BST Sox6 Gaba,119 SI-MA-LPO-LHA Skor1 Glut,False,Prox1,4.302,0.157,57.0,2.8,4.145
BMAp,073 MEA-BST Sox6 Gaba,119 SI-MA-LPO-LHA Skor1 Glut,False,Foxp2,2.629,0.426,32.4,7.8,2.203
BMAp,073 MEA-BST Sox6 Gaba,119 SI-MA-LPO-LHA Skor1 Glut,False,Pnoc,2.193,0.272,35.0,4.9,1.921
BMAp,073 MEA-BST Sox6 Gaba,119 SI-MA-LPO-LHA Skor1 Glut,False,Sp8,1.907,0.017,31.6,0.3,1.891
BMAp,073 MEA-BST Sox6 Gaba,119 SI-MA-LPO-LHA Skor1 Glut,False,Penk,2.346,0.475,37.3,9.0,1.871
BMAp,073 MEA-BST Sox6 Gaba,119 SI-MA-LPO-LHA Skor1 Glut,False,Otof,2.191,0.476,36.1,8.9,1.715
BMAp,073 MEA-BST Sox6 Gaba,119 SI-MA-LPO-LHA Skor1 Glut,False,Col23a1,2.003,0.341,32.2,6.4,1.662
BMAp,073 MEA-BST Sox6 Gaba,119 SI-MA-LPO-LHA Skor1 Glut,False,Lamb3,1.931,0.462,33.0,8.6,1.469
BMAp,073 MEA-BST Sox6 Gaba,119 SI-MA-LPO-LHA Skor1 Glut,False,Trhr,1.7,0.56,26.6,9.6,1.14
BMAp,073 MEA-BST Sox6 Gaba,120 MEA Otp Foxp2 Glut,False,Slc32a1,7.734,0.389,98.1,7.5,7.345
BMAp,073 MEA-BST Sox6 Gaba,120 MEA Otp Foxp2 Glut,False,Sox6,5.018,0.55,58.2,9.7,4.468
BMAp,073 MEA-BST Sox6 Gaba,120 MEA Otp Foxp2 Glut,False,Prox1,4.302,0.059,57.0,1.2,4.243
BMAp,073 MEA-BST Sox6 Gaba,120 MEA Otp Foxp2 Glut,False,Nfib,3.307,0.426,39.0,8.1,2.88
BMAp,073 MEA-BST Sox6 Gaba,120 MEA Otp Foxp2 Glut,False,Reln,3.1,0.504,40.5,9.1,2.596
BMAp,073 MEA-BST Sox6 Gaba,120 MEA Otp Foxp2 Glut,False,Sp8,1.907,0.009,31.6,0.2,1.898
BMAp,073 MEA-BST Sox6 Gaba,120 MEA Otp Foxp2 Glut,False,Pnoc,2.193,0.7,35.0,12.8,1.493
BMAp,073 MEA-BST Sox6 Gaba,120 MEA Otp Foxp2 Glut,False,Oprk1,2.068,0.728,32.1,13.1,1.34
BMAp,073 MEA-BST Sox6 Gaba,121 MEA-BST Otp Zic2 Glut,False,Slc32a1,7.734,0.654,98.1,11.5,7.08
BMAp,073 MEA-BST Sox6 Gaba,121 MEA-BST Otp Zic2 Glut,False,Sox6,5.018,0.349,58.2,6.5,4.669
BMAp,073 MEA-BST Sox6 Gaba,121 MEA-BST Otp Zic2 Glut,False,Prox1,4.302,0.219,57.0,4.0,4.083
BMAp,073 MEA-BST Sox6 Gaba,121 MEA-BST Otp Zic2 Glut,False,Sp8,1.907,0.024,31.6,0.5,1.884
BMAp,073 MEA-BST Sox6 Gaba,121 MEA-BST Otp Zic2 Glut,False,Oprk1,2.068,0.684,32.1,12.1,1.384
BMAp,074 MEA-BST Lhx6 Sp9 Gaba,012 MEA Slc17a7 Glut,False,Slc32a1,7.868,0.335,98.7,6.7,7.533
BMAp,074 MEA-BST Lhx6 Sp9 Gaba,012 MEA Slc17a7 Glut,False,Lhx6,6.194,0.119,88.7,2.4,6.075
BMAp,074 MEA-BST Lhx6 Sp9 Gaba,012 MEA Slc17a7 Glut,False,Foxp2,5.772,0.383,66.5,7.5,5.389
BMAp,074 MEA-BST Lhx6 Sp9 Gaba,012 MEA Slc17a7 Glut,False,Sp9,5.198,0.092,79.0,1.9,5.106
BMAp,074 MEA-BST Lhx6 Sp9 Gaba,012 MEA Slc17a7 Glut,False,Sox6,3.803,0.315,48.7,6.2,3.489
BMAp,074 MEA-BST Lhx6 Sp9 Gaba,012 MEA Slc17a7 Glut,False,Nr2e1,3.499,0.046,58.6,0.9,3.454
BMAp,074 MEA-BST Lhx6 Sp9 Gaba,012 MEA Slc17a7 Glut,False,Tac1,3.844,0.852,50.4,14.1,2.992
BMAp,074 MEA-BST Lhx6 Sp9 Gaba,012 MEA Slc17a7 Glut,False,Pnoc,2.97,0.333,44.1,5.7,2.637
BMAp,074 MEA-BST Lhx6 Sp9 Gaba,012 MEA Slc17a7 Glut,False,Cartpt,2.454,0.297,35.7,5.9,2.157
BMAp,074 MEA-BST Lhx6 Sp9 Gaba,012 MEA Slc17a7 Glut,False,Lamb3,2.521,0.457,42.5,9.0,2.064
BMAp,074 MEA-BST Lhx6 Sp9 Gaba,012 MEA Slc17a7 Glut,False,Unc5b,2.356,0.332,39.8,6.2,2.023
BMAp,074 MEA-BST Lhx6 Sp9 Gaba,012 MEA Slc17a7 Glut,False,Oprk1,1.664,0.148,27.7,2.7,1.516
BMAp,074 MEA-BST Lhx6 Sp9 Gaba,073 MEA-BST Sox6 Gaba,True,Lhx6,6.194,0.295,88.7,5.3,5.898
BMAp,074 MEA-BST Lhx6 Sp9 Gaba,073 MEA-BST Sox6 Gaba,True,Sp9,5.198,0.778,79.0,13.2,4.42
BMAp,074 MEA-BST Lhx6 Sp9 Gaba,073 MEA-BST Sox6 Gaba,True,Lpl,2.868,0.73,45.9,13.2,2.138
BMAp,074 MEA-BST Lhx6 Sp9 Gaba,082 CEA-BST Ebf1 Pdyn Gaba,True,Lhx6,6.194,0.198,88.7,3.9,5.995
BMAp,074 MEA-BST Lhx6 Sp9 Gaba,082 CEA-BST Ebf1 Pdyn Gaba,True,Sp9,5.198,0.145,79.0,2.8,5.053
BMAp,074 MEA-BST Lhx6 Sp9 Gaba,082 CEA-BST Ebf1 Pdyn Gaba,True,Sox6,3.803,0.316,48.7,6.1,3.487
BMAp,074 MEA-BST Lhx6 Sp9 Gaba,082 CEA-BST Ebf1 Pdyn Gaba,True,Nr2e1,3.499,0.034,58.6,0.7,3.466
BMAp,074 MEA-BST Lhx6 Sp9 Gaba,082 CEA-BST Ebf1 Pdyn Gaba,True,Unc5b,2.356,0.109,39.8,2.2,2.247
BMAp,074 MEA-BST Lhx6 Sp9 Gaba,082 CEA-BST Ebf1 Pdyn Gaba,True,Lpl,2.868,0.842,45.9,14.5,2.026
BMAp,074 MEA-BST Lhx6 Sp9 Gaba,082 CEA-BST Ebf1 Pdyn Gaba,True,Lamb3,2.521,0.684,42.5,13.2,1.837
BMAp,074 MEA-BST Lhx6 Sp9 Gaba,082 CEA-BST Ebf1 Pdyn Gaba,True,Cartpt,2.454,0.722,35.7,13.1,1.732
BMAp,074 MEA-BST Lhx6 Sp9 Gaba,082 CEA-BST Ebf1 Pdyn Gaba,True,Cck,1.972,0.72,30.2,13.8,1.252
BMAp,074 MEA-BST Lhx6 Sp9 Gaba,113 MEA-COA-BMA Ccdc42 Glut,False,Slc32a1,7.868,0.394,98.7,7.4,7.474
BMAp,074 MEA-BST Lhx6 Sp9 Gaba,113 MEA-COA-BMA Ccdc42 Glut,False,Lhx6,6.194,0.143,88.7,2.7,6.051
BMAp,074 MEA-BST Lhx6 Sp9 Gaba,113 MEA-COA-BMA Ccdc42 Glut,False,Sp9,5.198,0.11,79.0,2.1,5.088
BMAp,074 MEA-BST Lhx6 Sp9 Gaba,113 MEA-COA-BMA Ccdc42 Glut,False,Nr2e1,3.499,0.032,58.6,0.6,3.467
BMAp,074 MEA-BST Lhx6 Sp9 Gaba,113 MEA-COA-BMA Ccdc42 Glut,False,Sox6,3.803,0.4,48.7,7.6,3.403
BMAp,074 MEA-BST Lhx6 Sp9 Gaba,113 MEA-COA-BMA Ccdc42 Glut,False,Pnoc,2.97,0.353,44.1,6.8,2.617
BMAp,074 MEA-BST Lhx6 Sp9 Gaba,113 MEA-COA-BMA Ccdc42 Glut,False,Lpl,2.868,0.64,45.9,12.0,2.228
BMAp,074 MEA-BST Lhx6 Sp9 Gaba,119 SI-MA-LPO-LHA Skor1 Glut,False,Slc32a1,7.868,0.705,98.7,11.6,7.163
BMAp,074 MEA-BST Lhx6 Sp9 Gaba,119 SI-MA-LPO-LHA Skor1 Glut,False,Lhx6,6.194,0.189,88.7,3.5,6.005
BMAp,074 MEA-BST Lhx6 Sp9 Gaba,119 SI-MA-LPO-LHA Skor1 Glut,False,Foxp2,5.772,0.426,66.5,7.8,5.346
BMAp,074 MEA-BST Lhx6 Sp9 Gaba,119 SI-MA-LPO-LHA Skor1 Glut,False,Sp9,5.198,0.112,79.0,2.1,5.086
BMAp,074 MEA-BST Lhx6 Sp9 Gaba,119 SI-MA-LPO-LHA Skor1 Glut,False,Nr2e1,3.499,0.026,58.6,0.5,3.473
BMAp,074 MEA-BST Lhx6 Sp9 Gaba,119 SI-MA-LPO-LHA Skor1 Glut,False,Sox6,3.803,0.346,48.7,6.4,3.458
BMAp,074 MEA-BST Lhx6 Sp9 Gaba,119 SI-MA-LPO-LHA Skor1 Glut,False,Tac1,3.844,0.68,50.4,12.2,3.164
BMAp,074 MEA-BST Lhx6 Sp9 Gaba,119 SI-MA-LPO-LHA Skor1 Glut,False,Lpl,2.868,0.082,45.9,1.6,2.786
BMAp,074 MEA-BST Lhx6 Sp9 Gaba,119 SI-MA-LPO-LHA Skor1 Glut,False,Pnoc,2.97,0.272,44.1,4.9,2.698
BMAp,074 MEA-BST Lhx6 Sp9 Gaba,119 SI-MA-LPO-LHA Skor1 Glut,False,Cartpt,2.454,0.252,35.7,4.8,2.203
BMAp,074 MEA-BST Lhx6 Sp9 Gaba,119 SI-MA-LPO-LHA Skor1 Glut,False,Lamb3,2.521,0.462,42.5,8.6,2.059
BMAp,074 MEA-BST Lhx6 Sp9 Gaba,119 SI-MA-LPO-LHA Skor1 Glut,False,Col23a1,2.121,0.341,35.0,6.4,1.78
BMAp,074 MEA-BST Lhx6 Sp9 Gaba,120 MEA Otp Foxp2 Glut,False,Slc32a1,7.868,0.389,98.7,7.5,7.479
BMAp,074 MEA-BST Lhx6 Sp9 Gaba,120 MEA Otp Foxp2 Glut,False,Lhx6,6.194,0.125,88.7,2.4,6.068
BMAp,074 MEA-BST Lhx6 Sp9 Gaba,120 MEA Otp Foxp2 Glut,False,Sp9,5.198,0.094,79.0,1.9,5.104
BMAp,074 MEA-BST Lhx6 Sp9 Gaba,120 MEA Otp Foxp2 Glut,False,Nr2e1,3.499,0.033,58.6,0.7,3.467
BMAp,074 MEA-BST Lhx6 Sp9 Gaba,120 MEA Otp Foxp2 Glut,False,Sox6,3.803,0.55,48.7,9.7,3.253
BMAp,074 MEA-BST Lhx6 Sp9 Gaba,120 MEA Otp Foxp2 Glut,False,Pnoc,2.97,0.7,44.1,12.8,2.27
BMAp,074 MEA-BST Lhx6 Sp9 Gaba,120 MEA Otp Foxp2 Glut,False,Unc5b,2.356,0.745,39.8,14.5,1.61
BMAp,074 MEA-BST Lhx6 Sp9 Gaba,120 MEA Otp Foxp2 Glut,False,Zfp57,1.373,0.326,25.8,6.5,1.048
BMAp,074 MEA-BST Lhx6 Sp9 Gaba,121 MEA-BST Otp Zic2 Glut,False,Slc32a1,7.868,0.654,98.7,11.5,7.214
BMAp,074 MEA-BST Lhx6 Sp9 Gaba,121 MEA-BST Otp Zic2 Glut,False,Lhx6,6.194,0.19,88.7,3.6,6.004
BMAp,074 MEA-BST Lhx6 Sp9 Gaba,121 MEA-BST Otp Zic2 Glut,False,Sp9,5.198,0.134,79.0,2.5,5.064
BMAp,074 MEA-BST Lhx6 Sp9 Gaba,121 MEA-BST Otp Zic2 Glut,False,Nr2e1,3.499,0.026,58.6,0.6,3.474
BMAp,074 MEA-BST Lhx6 Sp9 Gaba,121 MEA-BST Otp Zic2 Glut,False,Sox6,3.803,0.349,48.7,6.5,3.454
BMAp,074 MEA-BST Lhx6 Sp9 Gaba,121 MEA-BST Otp Zic2 Glut,False,Cartpt,2.454,0.404,35.7,7.3,2.05
BMAp,074 MEA-BST Lhx6 Sp9 Gaba,121 MEA-BST Otp Zic2 Glut,False,Cck,1.972,0.603,30.2,11.2,1.368
BMAp,082 CEA-BST Ebf1 Pdyn Gaba,012 MEA Slc17a7 Glut,False,Slc32a1,7.669,0.335,97.8,6.7,7.334
BMAp,082 CEA-BST Ebf1 Pdyn Gaba,012 MEA Slc17a7 Glut,False,Mpped1,7.085,0.677,93.4,12.2,6.408
BMAp,082 CEA-BST Ebf1 Pdyn Gaba,012 MEA Slc17a7 Glut,False,Ebf1,6.307,0.223,73.3,4.5,6.084
BMAp,082 CEA-BST Ebf1 Pdyn Gaba,012 MEA Slc17a7 Glut,False,Pdyn,4.606,0.259,63.0,5.0,4.347
BMAp,082 CEA-BST Ebf1 Pdyn Gaba,012 MEA Slc17a7 Glut,False,Isl1,3.665,0.025,54.8,0.5,3.64
BMAp,082 CEA-BST Ebf1 Pdyn Gaba,012 MEA Slc17a7 Glut,False,Syndig1l,2.957,0.567,46.5,10.9,2.39
BMAp,082 CEA-BST Ebf1 Pdyn Gaba,012 MEA Slc17a7 Glut,False,Penk,2.897,0.608,44.2,10.6,2.289
BMAp,082 CEA-BST Ebf1 Pdyn Gaba,012 MEA Slc17a7 Glut,False,Pnoc,2.544,0.333,38.6,5.7,2.211
BMAp,082 CEA-BST Ebf1 Pdyn Gaba,012 MEA Slc17a7 Glut,False,Drd1,2.292,0.14,38.9,2.7,2.151
BMAp,082 CEA-BST Ebf1 Pdyn Gaba,012 MEA Slc17a7 Glut,False,Nts,2.253,0.22,31.2,4.3,2.034
BMAp,082 CEA-BST Ebf1 Pdyn Gaba,012 MEA Slc17a7 Glut,False,Tac1,2.841,0.852,36.9,14.1,1.989
BMAp,082 CEA-BST Ebf1 Pdyn Gaba,012 MEA Slc17a7 Glut,False,Trpc3,2.617,0.696,45.6,12.7,1.921
BMAp,082 CEA-BST Ebf1 Pdyn Gaba,073 MEA-BST Sox6 Gaba,True,Ebf1,6.307,0.152,73.3,2.9,6.154
BMAp,082 CEA-BST Ebf1 Pdyn Gaba,073 MEA-BST Sox6 Gaba,True,Isl1,3.665,0.067,54.8,1.1,3.598
BMAp,082 CEA-BST Ebf1 Pdyn Gaba,073 MEA-BST Sox6 Gaba,True,Syndig1l,2.957,0.365,46.5,6.8,2.593
BMAp,082 CEA-BST Ebf1 Pdyn Gaba,073 MEA-BST Sox6 Gaba,True,Nts,2.253,0.223,31.2,4.0,2.031
BMAp,082 CEA-BST Ebf1 Pdyn Gaba,073 MEA-BST Sox6 Gaba,True,Trpc3,2.617,0.729,45.6,13.2,1.888
BMAp,082 CEA-BST Ebf1 Pdyn Gaba,073 MEA-BST Sox6 Gaba,True,Ppp1r1b,2.302,0.461,35.5,8.8,1.841
BMAp,082 CEA-BST Ebf1 Pdyn Gaba,073 MEA-BST Sox6 Gaba,True,Gabre,1.946,0.5,32.0,9.1,1.445
BMAp,082 CEA-BST Ebf1 Pdyn Gaba,073 MEA-BST Sox6 Gaba,True,Syt6,2.114,0.757,37.1,12.1,1.358
BMAp,082 CEA-BST Ebf1 Pdyn Gaba,074 MEA-BST Lhx6 Sp9 Gaba,True,Ebf1,6.307,0.151,73.3,2.9,6.155
BMAp,082 CEA-BST Ebf1 Pdyn Gaba,074 MEA-BST Lhx6 Sp9 Gaba,True,Pdyn,4.606,0.807,63.0,13.7,3.799
BMAp,082 CEA-BST Ebf1 Pdyn Gaba,074 MEA-BST Lhx6 Sp9 Gaba,True,Isl1,3.665,0.061,54.8,1.0,3.604
BMAp,082 CEA-BST Ebf1 Pdyn Gaba,074 MEA-BST Lhx6 Sp9 Gaba,True,Syndig1l,2.957,0.548,46.5,9.9,2.41
BMAp,082 CEA-BST Ebf1 Pdyn Gaba,074 MEA-BST Lhx6 Sp9 Gaba,True,Ppp1r1b,2.302,0.267,35.5,5.1,2.035
BMAp,082 CEA-BST Ebf1 Pdyn Gaba,074 MEA-BST Lhx6 Sp9 Gaba,True,Drd1,2.292,0.269,38.9,5.1,2.022
BMAp,082 CEA-BST Ebf1 Pdyn Gaba,074 MEA-BST Lhx6 Sp9 Gaba,True,Matn2,2.048,0.784,35.9,14.9,1.264
BMAp,082 CEA-BST Ebf1 Pdyn Gaba,113 MEA-COA-BMA Ccdc42 Glut,False,Slc32a1,7.669,0.394,97.8,7.4,7.275
BMAp,082 CEA-BST Ebf1 Pdyn Gaba,113 MEA-COA-BMA Ccdc42 Glut,False,Isl1,3.665,0.029,54.8,0.6,3.636
BMAp,082 CEA-BST Ebf1 Pdyn Gaba,113 MEA-COA-BMA Ccdc42 Glut,False,Syndig1l,2.957,0.385,46.5,7.4,2.572
BMAp,082 CEA-BST Ebf1 Pdyn Gaba,113 MEA-COA-BMA Ccdc42 Glut,False,Pnoc,2.544,0.353,38.6,6.8,2.191
BMAp,082 CEA-BST Ebf1 Pdyn Gaba,113 MEA-COA-BMA Ccdc42 Glut,False,Trpc3,2.617,0.516,45.6,9.5,2.1
BMAp,082 CEA-BST Ebf1 Pdyn Gaba,113 MEA-COA-BMA Ccdc42 Glut,False,Syt6,2.114,0.22,37.1,4.0,1.895
BMAp,082 CEA-BST Ebf1 Pdyn Gaba,113 MEA-COA-BMA Ccdc42 Glut,False,Reln,2.282,0.434,34.5,7.8,1.848
BMAp,082 CEA-BST Ebf1 Pdyn Gaba,113 MEA-COA-BMA Ccdc42 Glut,False,Nts,2.253,0.406,31.2,7.2,1.847
BMAp,082 CEA-BST Ebf1 Pdyn Gaba,113 MEA-COA-BMA Ccdc42 Glut,False,Gabre,1.946,0.157,32.0,2.9,1.788
BMAp,082 CEA-BST Ebf1 Pdyn Gaba,119 SI-MA-LPO-LHA Skor1 Glut,False,Slc32a1,7.669,0.705,97.8,11.6,6.964
BMAp,082 CEA-BST Ebf1 Pdyn Gaba,119 SI-MA-LPO-LHA Skor1 Glut,False,Ebf1,6.307,0.346,73.3,5.9,5.96
BMAp,082 CEA-BST Ebf1 Pdyn Gaba,119 SI-MA-LPO-LHA Skor1 Glut,False,Pdyn,4.606,0.235,63.0,4.3,4.371
BMAp,082 CEA-BST Ebf1 Pdyn Gaba,119 SI-MA-LPO-LHA Skor1 Glut,False,Isl1,3.665,0.015,54.8,0.3,3.65
BMAp,082 CEA-BST Ebf1 Pdyn Gaba,119 SI-MA-LPO-LHA Skor1 Glut,False,Penk,2.897,0.475,44.2,9.0,2.422
BMAp,082 CEA-BST Ebf1 Pdyn Gaba,119 SI-MA-LPO-LHA Skor1 Glut,False,Otof,2.807,0.476,46.1,8.9,2.331
BMAp,082 CEA-BST Ebf1 Pdyn Gaba,119 SI-MA-LPO-LHA Skor1 Glut,False,Pnoc,2.544,0.272,38.6,4.9,2.272
BMAp,082 CEA-BST Ebf1 Pdyn Gaba,119 SI-MA-LPO-LHA Skor1 Glut,False,Tac1,2.841,0.68,36.9,12.2,2.161
BMAp,082 CEA-BST Ebf1 Pdyn Gaba,119 SI-MA-LPO-LHA Skor1 Glut,False,Ppp1r1b,2.302,0.302,35.5,5.8,2.0
BMAp,082 CEA-BST Ebf1 Pdyn Gaba,119 SI-MA-LPO-LHA Skor1 Glut,False,Gabre,1.946,0.123,32.0,2.4,1.823
BMAp,082 CEA-BST Ebf1 Pdyn Gaba,119 SI-MA-LPO-LHA Skor1 Glut,False,Gfra1,1.947,0.613,30.5,10.6,1.334
BMAp,082 CEA-BST Ebf1 Pdyn Gaba,119 SI-MA-LPO-LHA Skor1 Glut,False,Matn2,2.048,0.758,35.9,14.3,1.289
BMAp,082 CEA-BST Ebf1 Pdyn Gaba,120 MEA Otp Foxp2 Glut,False,Slc32a1,7.669,0.389,97.8,7.5,7.28
BMAp,082 CEA-BST Ebf1 Pdyn Gaba,120 MEA Otp Foxp2 Glut,False,Ebf1,6.307,0.178,73.3,3.5,6.129
BMAp,082 CEA-BST Ebf1 Pdyn Gaba,120 MEA Otp Foxp2 Glut,False,Pdyn,4.606,0.804,63.0,13.8,3.802
BMAp,082 CEA-BST Ebf1 Pdyn Gaba,120 MEA Otp Foxp2 Glut,False,Isl1,3.665,0.028,54.8,0.5,3.637
BMAp,082 CEA-BST Ebf1 Pdyn Gaba,120 MEA Otp Foxp2 Glut,False,Syndig1l,2.957,0.298,46.5,6.1,2.66
BMAp,082 CEA-BST Ebf1 Pdyn Gaba,120 MEA Otp Foxp2 Glut,False,Syt6,2.114,0.27,37.1,4.9,1.844
BMAp,082 CEA-BST Ebf1 Pdyn Gaba,120 MEA Otp Foxp2 Glut,False,Pnoc,2.544,0.7,38.6,12.8,1.844
BMAp,082 CEA-BST Ebf1 Pdyn Gaba,120 MEA Otp Foxp2 Glut,False,Reln,2.282,0.504,34.5,9.1,1.778
BMAp,082 CEA-BST Ebf1 Pdyn Gaba,120 MEA Otp Foxp2 Glut,False,Gabre,1.946,0.263,32.0,5.1,1.683
BMAp,082 CEA-BST Ebf1 Pdyn Gaba,121 MEA-BST Otp Zic2 Glut,False,Slc32a1,7.669,0.654,97.8,11.5,7.015
BMAp,082 CEA-BST Ebf1 Pdyn Gaba,121 MEA-BST Otp Zic2 Glut,False,Pdyn,4.606,0.159,63.0,3.0,4.447
BMAp,082 CEA-BST Ebf1 Pdyn Gaba,121 MEA-BST Otp Zic2 Glut,False,Isl1,3.665,0.029,54.8,0.6,3.636
BMAp,082 CEA-BST Ebf1 Pdyn Gaba,121 MEA-BST Otp Zic2 Glut,False,Syndig1l,2.957,0.537,46.5,9.8,2.42
BMAp,082 CEA-BST Ebf1 Pdyn Gaba,121 MEA-BST Otp Zic2 Glut,False,Drd1,2.292,0.173,38.9,3.3,2.119
BMAp,082 CEA-BST Ebf1 Pdyn Gaba,121 MEA-BST Otp Zic2 Glut,False,Ppp1r1b,2.302,0.503,35.5,9.4,1.799
BMAp,082 CEA-BST Ebf1 Pdyn Gaba,121 MEA-BST Otp Zic2 Glut,False,Gabre,1.946,0.195,32.0,3.8,1.751
BMAp,082 CEA-BST Ebf1 Pdyn Gaba,121 MEA-BST Otp Zic2 Glut,False,Syt6,2.114,0.485,37.1,7.6,1.63
BMAp,082 CEA-BST Ebf1 Pdyn Gaba,121 MEA-BST Otp Zic2 Glut,False,Nts,2.253,0.802,31.2,13.9,1.451
BMAp,113 MEA-COA-BMA Ccdc42 Glut,012 MEA Slc17a7 Glut,True,Penk,5.203,0.608,75.7,10.6,4.595
BMAp,113 MEA-COA-BMA Ccdc42 Glut,012 MEA Slc17a7 Glut,True,Lamb3,4.026,0.457,66.7,9.0,3.569
BMAp,113 MEA-COA-BMA Ccdc42 Glut,012 MEA Slc17a7 Glut,True,Fezf1,3.18,0.032,53.4,0.7,3.148
BMAp,113 MEA-COA-BMA Ccdc42 Glut,012 MEA Slc17a7 Glut,True,Drd1,2.971,0.14,51.5,2.7,2.831
BMAp,113 MEA-COA-BMA Ccdc42 Glut,012 MEA Slc17a7 Glut,True,Ccdc42,2.728,0.143,48.0,2.7,2.585
BMAp,113 MEA-COA-BMA Ccdc42 Glut,012 MEA Slc17a7 Glut,True,Tac1,3.393,0.852,46.9,14.1,2.542
BMAp,113 MEA-COA-BMA Ccdc42 Glut,012 MEA Slc17a7 Glut,True,Krt9,3.135,0.625,52.7,12.3,2.51
BMAp,113 MEA-COA-BMA Ccdc42 Glut,012 MEA Slc17a7 Glut,True,Pdyn,2.487,0.259,39.9,5.0,2.228
BMAp,113 MEA-COA-BMA Ccdc42 Glut,012 MEA Slc17a7 Glut,True,Otp,2.098,0.068,30.9,1.4,2.03
BMAp,113 MEA-COA-BMA Ccdc42 Glut,012 MEA Slc17a7 Glut,True,Unc5b,2.342,0.332,41.7,6.2,2.01
BMAp,113 MEA-COA-BMA Ccdc42 Glut,012 MEA Slc17a7 Glut,True,St8sia2,2.136,0.307,37.8,6.0,1.83
BMAp,113 MEA-COA-BMA Ccdc42 Glut,012 MEA Slc17a7 Glut,True,Cd36,1.63,0.045,27.6,0.9,1.586
BMAp,113 MEA-COA-BMA Ccdc42 Glut,073 MEA-BST Sox6 Gaba,False,Slc17a6,8.062,0.26,98.8,4.8,7.802
BMAp,113 MEA-COA-BMA Ccdc42 Glut,073 MEA-BST Sox6 Gaba,False,Fezf1,3.18,0.032,53.4,0.6,3.148
BMAp,113 MEA-COA-BMA Ccdc42 Glut,073 MEA-BST Sox6 Gaba,False,Krt9,3.135,0.429,52.7,8.0,2.706
BMAp,113 MEA-COA-BMA Ccdc42 Glut,073 MEA-BST Sox6 Gaba,False,Ccdc42,2.728,0.598,48.0,11.4,2.13
BMAp,113 MEA-COA-BMA Ccdc42 Glut,073 MEA-BST Sox6 Gaba,False,Crym,2.48,0.427,42.0,7.8,2.053
BMAp,113 MEA-COA-BMA Ccdc42 Glut,073 MEA-BST Sox6 Gaba,False,Otp,2.098,0.08,30.9,1.5,2.017
BMAp,113 MEA-COA-BMA Ccdc42 Glut,073 MEA-BST Sox6 Gaba,False,Calcrl,2.036,0.388,34.6,6.9,1.649
BMAp,113 MEA-COA-BMA Ccdc42 Glut,073 MEA-BST Sox6 Gaba,False,Cd36,1.63,0.098,27.6,1.8,1.532
BMAp,113 MEA-COA-BMA Ccdc42 Glut,074 MEA-BST Lhx6 Sp9 Gaba,False,Slc17a6,8.062,0.28,98.8,5.4,7.782
BMAp,113 MEA-COA-BMA Ccdc42 Glut,074 MEA-BST Lhx6 Sp9 Gaba,False,Fezf1,3.18,0.029,53.4,0.6,3.151
BMAp,113 MEA-COA-BMA Ccdc42 Glut,074 MEA-BST Lhx6 Sp9 Gaba,False,Krt9,3.135,0.091,52.7,1.8,3.044
BMAp,113 MEA-COA-BMA Ccdc42 Glut,074 MEA-BST Lhx6 Sp9 Gaba,False,Matn2,3.636,0.784,60.0,14.9,2.852
BMAp,113 MEA-COA-BMA Ccdc42 Glut,074 MEA-BST Lhx6 Sp9 Gaba,False,Drd1,2.971,0.269,51.5,5.1,2.702
BMAp,113 MEA-COA-BMA Ccdc42 Glut,074 MEA-BST Lhx6 Sp9 Gaba,False,Ccdc42,2.728,0.381,48.0,7.4,2.348
BMAp,113 MEA-COA-BMA Ccdc42 Glut,074 MEA-BST Lhx6 Sp9 Gaba,False,Crym,2.48,0.196,42.0,3.7,2.284
BMAp,113 MEA-COA-BMA Ccdc42 Glut,074 MEA-BST Lhx6 Sp9 Gaba,False,Otp,2.098,0.08,30.9,1.5,2.018
BMAp,113 MEA-COA-BMA Ccdc42 Glut,074 MEA-BST Lhx6 Sp9 Gaba,False,Calcrl,2.036,0.199,34.6,3.7,1.837
BMAp,113 MEA-COA-BMA Ccdc42 Glut,074 MEA-BST Lhx6 Sp9 Gaba,False,Pdyn,2.487,0.807,39.9,13.7,1.68
BMAp,113 MEA-COA-BMA Ccdc42 Glut,074 MEA-BST Lhx6 Sp9 Gaba,False,Cd36,1.63,0.104,27.6,1.9,1.527
BMAp,113 MEA-COA-BMA Ccdc42 Glut,074 MEA-BST Lhx6 Sp9 Gaba,False,Dnah5,2.235,0.8,39.3,14.8,1.435
BMAp,113 MEA-COA-BMA Ccdc42 Glut,082 CEA-BST Ebf1 Pdyn Gaba,False,Slc17a6,8.062,0.289,98.8,5.6,7.773
BMAp,113 MEA-COA-BMA Ccdc42 Glut,082 CEA-BST Ebf1 Pdyn Gaba,False,Lamb3,4.026,0.684,66.7,13.2,3.342
BMAp,113 MEA-COA-BMA Ccdc42 Glut,082 CEA-BST Ebf1 Pdyn Gaba,False,Fezf1,3.18,0.029,53.4,0.6,3.151
BMAp,113 MEA-COA-BMA Ccdc42 Glut,082 CEA-BST Ebf1 Pdyn Gaba,False,Krt9,3.135,0.195,52.7,3.9,2.94
BMAp,113 MEA-COA-BMA Ccdc42 Glut,082 CEA-BST Ebf1 Pdyn Gaba,False,Ccdc42,2.728,0.147,48.0,3.0,2.582
BMAp,113 MEA-COA-BMA Ccdc42 Glut,082 CEA-BST Ebf1 Pdyn Gaba,False,Unc5b,2.342,0.109,41.7,2.2,2.233
BMAp,113 MEA-COA-BMA Ccdc42 Glut,082 CEA-BST Ebf1 Pdyn Gaba,False,Otp,2.098,0.103,30.9,2.0,1.994
BMAp,113 MEA-COA-BMA Ccdc42 Glut,082 CEA-BST Ebf1 Pdyn Gaba,False,Calcrl,2.036,0.127,34.6,2.5,1.91
BMAp,113 MEA-COA-BMA Ccdc42 Glut,082 CEA-BST Ebf1 Pdyn Gaba,False,Cck,2.519,0.72,36.5,13.8,1.8
BMAp,113 MEA-COA-BMA Ccdc42 Glut,082 CEA-BST Ebf1 Pdyn Gaba,False,St8sia2,2.136,0.451,37.8,8.2,1.685
BMAp,113 MEA-COA-BMA Ccdc42 Glut,082 CEA-BST Ebf1 Pdyn Gaba,False,Cd36,1.63,0.288,27.6,5.1,1.342
BMAp,113 MEA-COA-BMA Ccdc42 Glut,119 SI-MA-LPO-LHA Skor1 Glut,False,Trhr,5.296,0.56,72.9,9.6,4.736
BMAp,113 MEA-COA-BMA Ccdc42 Glut,119 SI-MA-LPO-LHA Skor1 Glut,False,Penk,5.203,0.475,75.7,9.0,4.728
BMAp,113 MEA-COA-BMA Ccdc42 Glut,119 SI-MA-LPO-LHA Skor1 Glut,False,Otof,4.437,0.476,70.0,8.9,3.962
BMAp,113 MEA-COA-BMA Ccdc42 Glut,119 SI-MA-LPO-LHA Skor1 Glut,False,Lamb3,4.026,0.462,66.7,8.6,3.564
BMAp,113 MEA-COA-BMA Ccdc42 Glut,119 SI-MA-LPO-LHA Skor1 Glut,False,Krt9,3.135,0.03,52.7,0.6,3.105
BMAp,113 MEA-COA-BMA Ccdc42 Glut,119 SI-MA-LPO-LHA Skor1 Glut,False,Matn2,3.636,0.758,60.0,14.3,2.877
BMAp,113 MEA-COA-BMA Ccdc42 Glut,119 SI-MA-LPO-LHA Skor1 Glut,False,Tac1,3.393,0.68,46.9,12.2,2.713
BMAp,113 MEA-COA-BMA Ccdc42 Glut,119 SI-MA-LPO-LHA Skor1 Glut,False,Ccdc42,2.728,0.068,48.0,1.3,2.66
BMAp,113 MEA-COA-BMA Ccdc42 Glut,119 SI-MA-LPO-LHA Skor1 Glut,False,Crym,2.48,0.171,42.0,3.3,2.308
BMAp,113 MEA-COA-BMA Ccdc42 Glut,119 SI-MA-LPO-LHA Skor1 Glut,False,Pdyn,2.487,0.235,39.9,4.3,2.252
BMAp,113 MEA-COA-BMA Ccdc42 Glut,119 SI-MA-LPO-LHA Skor1 Glut,False,Dnah5,2.235,0.2,39.3,3.7,2.036
BMAp,113 MEA-COA-BMA Ccdc42 Glut,119 SI-MA-LPO-LHA Skor1 Glut,False,Otp,2.098,0.091,30.9,1.7,2.006
BMAp,113 MEA-COA-BMA Ccdc42 Glut,120 MEA Otp Foxp2 Glut,False,Pdyn,2.487,0.804,39.9,13.8,1.683
BMAp,113 MEA-COA-BMA Ccdc42 Glut,120 MEA Otp Foxp2 Glut,False,Unc5b,2.342,0.745,41.7,14.5,1.597
BMAp,113 MEA-COA-BMA Ccdc42 Glut,121 MEA-BST Otp Zic2 Glut,False,Drd1,2.971,0.173,51.5,3.3,2.799
BMAp,113 MEA-COA-BMA Ccdc42 Glut,121 MEA-BST Otp Zic2 Glut,False,Krt9,3.135,0.353,52.7,6.4,2.782
BMAp,113 MEA-COA-BMA Ccdc42 Glut,121 MEA-BST Otp Zic2 Glut,False,Ccdc42,2.728,0.225,48.0,4.1,2.503
BMAp,113 MEA-COA-BMA Ccdc42 Glut,121 MEA-BST Otp Zic2 Glut,False,Pdyn,2.487,0.159,39.9,3.0,2.328
BMAp,113 MEA-COA-BMA Ccdc42 Glut,121 MEA-BST Otp Zic2 Glut,False,Cck,2.519,0.603,36.5,11.2,1.916
BMAp,113 MEA-COA-BMA Ccdc42 Glut,121 MEA-BST Otp Zic2 Glut,False,Crym,2.48,0.723,42.0,12.8,1.756
BMAp,119 SI-MA-LPO-LHA Skor1 Glut,012 MEA Slc17a7 Glut,False,Nxph4,4.478,0.088,65.0,1.7,4.39
BMAp,119 SI-MA-LPO-LHA Skor1 Glut,012 MEA Slc17a7 Glut,False,Mpped1,4.086,0.677,63.2,12.2,3.409
BMAp,119 SI-MA-LPO-LHA Skor1 Glut,012 MEA Slc17a7 Glut,False,Skor1,3.153,0.012,53.6,0.2,3.141
BMAp,119 SI-MA-LPO-LHA Skor1 Glut,012 MEA Slc17a7 Glut,False,Deptor,3.291,0.672,52.8,11.9,2.619
BMAp,119 SI-MA-LPO-LHA Skor1 Glut,012 MEA Slc17a7 Glut,False,Oprk1,2.457,0.148,39.3,2.7,2.309
BMAp,119 SI-MA-LPO-LHA Skor1 Glut,012 MEA Slc17a7 Glut,False,Trpc3,2.784,0.696,44.2,12.7,2.089
BMAp,119 SI-MA-LPO-LHA Skor1 Glut,012 MEA Slc17a7 Glut,False,Npnt,2.145,0.256,33.7,4.3,1.889
BMAp,119 SI-MA-LPO-LHA Skor1 Glut,012 MEA Slc17a7 Glut,False,Drd2,1.859,0.134,28.9,2.5,1.726
BMAp,119 SI-MA-LPO-LHA Skor1 Glut,012 MEA Slc17a7 Glut,False,Fst,1.669,0.01,25.3,0.2,1.659
BMAp,119 SI-MA-LPO-LHA Skor1 Glut,012 MEA Slc17a7 Glut,False,Syt6,1.635,0.203,25.4,3.7,1.433
BMAp,119 SI-MA-LPO-LHA Skor1 Glut,012 MEA Slc17a7 Glut,False,Unc5b,1.76,0.332,31.1,6.2,1.427
BMAp,119 SI-MA-LPO-LHA Skor1 Glut,012 MEA Slc17a7 Glut,False,Tspan18,1.576,0.156,26.8,3.0,1.42
BMAp,119 SI-MA-LPO-LHA Skor1 Glut,073 MEA-BST Sox6 Gaba,False,Slc17a6,8.381,0.26,99.5,4.8,8.121
BMAp,119 SI-MA-LPO-LHA Skor1 Glut,073 MEA-BST Sox6 Gaba,False,Tbr1,4.856,0.076,77.3,1.5,4.78
BMAp,119 SI-MA-LPO-LHA Skor1 Glut,073 MEA-BST Sox6 Gaba,False,Nxph4,4.478,0.049,65.0,0.9,4.429
BMAp,119 SI-MA-LPO-LHA Skor1 Glut,073 MEA-BST Sox6 Gaba,False,Skor1,3.153,0.008,53.6,0.1,3.145
BMAp,119 SI-MA-LPO-LHA Skor1 Glut,073 MEA-BST Sox6 Gaba,False,Trpc3,2.784,0.729,44.2,13.2,2.055
BMAp,119 SI-MA-LPO-LHA Skor1 Glut,073 MEA-BST Sox6 Gaba,False,Npnt,2.145,0.666,33.7,10.7,1.479
BMAp,119 SI-MA-LPO-LHA Skor1 Glut,073 MEA-BST Sox6 Gaba,False,Fst,1.669,0.195,25.3,3.5,1.474
BMAp,119 SI-MA-LPO-LHA Skor1 Glut,073 MEA-BST Sox6 Gaba,False,Tspan18,1.576,0.28,26.8,5.1,1.296
BMAp,119 SI-MA-LPO-LHA Skor1 Glut,073 MEA-BST Sox6 Gaba,False,Drd2,1.859,0.584,28.9,10.3,1.275
BMAp,119 SI-MA-LPO-LHA Skor1 Glut,073 MEA-BST Sox6 Gaba,False,Syndig1l,1.639,0.365,29.8,6.8,1.274
BMAp,119 SI-MA-LPO-LHA Skor1 Glut,074 MEA-BST Lhx6 Sp9 Gaba,False,Slc17a6,8.381,0.28,99.5,5.4,8.101
BMAp,119 SI-MA-LPO-LHA Skor1 Glut,074 MEA-BST Lhx6 Sp9 Gaba,False,Tbr1,4.856,0.094,77.3,1.8,4.761
BMAp,119 SI-MA-LPO-LHA Skor1 Glut,074 MEA-BST Lhx6 Sp9 Gaba,False,Nxph4,4.478,0.085,65.0,1.6,4.393
BMAp,119 SI-MA-LPO-LHA Skor1 Glut,074 MEA-BST Lhx6 Sp9 Gaba,False,Nfib,3.737,0.534,46.7,9.4,3.203
BMAp,119 SI-MA-LPO-LHA Skor1 Glut,074 MEA-BST Lhx6 Sp9 Gaba,False,Skor1,3.153,0.013,53.6,0.3,3.14
BMAp,119 SI-MA-LPO-LHA Skor1 Glut,074 MEA-BST Lhx6 Sp9 Gaba,False,Npnt,2.145,0.183,33.7,3.5,1.962
BMAp,119 SI-MA-LPO-LHA Skor1 Glut,074 MEA-BST Lhx6 Sp9 Gaba,False,Fst,1.669,0.032,25.3,0.6,1.637
BMAp,119 SI-MA-LPO-LHA Skor1 Glut,074 MEA-BST Lhx6 Sp9 Gaba,False,Drd2,1.859,0.27,28.9,4.9,1.589
BMAp,119 SI-MA-LPO-LHA Skor1 Glut,074 MEA-BST Lhx6 Sp9 Gaba,False,Tspan18,1.576,0.222,26.8,4.1,1.354
BMAp,119 SI-MA-LPO-LHA Skor1 Glut,074 MEA-BST Lhx6 Sp9 Gaba,False,Ntsr1,1.544,0.426,26.6,8.1,1.117
BMAp,119 SI-MA-LPO-LHA Skor1 Glut,074 MEA-BST Lhx6 Sp9 Gaba,False,Syndig1l,1.639,0.548,29.8,9.9,1.091
BMAp,119 SI-MA-LPO-LHA Skor1 Glut,082 CEA-BST Ebf1 Pdyn Gaba,False,Slc17a6,8.381,0.289,99.5,5.6,8.092
BMAp,119 SI-MA-LPO-LHA Skor1 Glut,082 CEA-BST Ebf1 Pdyn Gaba,False,Tbr1,4.856,0.092,77.3,1.8,4.763
BMAp,119 SI-MA-LPO-LHA Skor1 Glut,082 CEA-BST Ebf1 Pdyn Gaba,False,Nxph4,4.478,0.182,65.0,3.5,4.296
BMAp,119 SI-MA-LPO-LHA Skor1 Glut,082 CEA-BST Ebf1 Pdyn Gaba,False,Nfib,3.737,0.453,46.7,8.7,3.284
BMAp,119 SI-MA-LPO-LHA Skor1 Glut,082 CEA-BST Ebf1 Pdyn Gaba,False,Skor1,3.153,0.012,53.6,0.2,3.141
BMAp,119 SI-MA-LPO-LHA Skor1 Glut,082 CEA-BST Ebf1 Pdyn Gaba,False,Cck,2.607,0.72,36.6,13.8,1.887
BMAp,119 SI-MA-LPO-LHA Skor1 Glut,082 CEA-BST Ebf1 Pdyn Gaba,False,Unc5b,1.76,0.109,31.1,2.2,1.651
BMAp,119 SI-MA-LPO-LHA Skor1 Glut,082 CEA-BST Ebf1 Pdyn Gaba,False,Fst,1.669,0.476,25.3,7.6,1.193
BMAp,119 SI-MA-LPO-LHA Skor1 Glut,082 CEA-BST Ebf1 Pdyn Gaba,False,Drd2,1.859,0.794,28.9,14.7,1.065
BMAp,119 SI-MA-LPO-LHA Skor1 Glut,113 MEA-COA-BMA Ccdc42 Glut,False,Nxph4,4.478,0.335,65.0,6.0,4.144
BMAp,119 SI-MA-LPO-LHA Skor1 Glut,113 MEA-COA-BMA Ccdc42 Glut,False,Reln,3.699,0.434,44.5,7.8,3.265
BMAp,119 SI-MA-LPO-LHA Skor1 Glut,113 MEA-COA-BMA Ccdc42 Glut,False,Nfib,3.737,0.505,46.7,9.0,3.231
BMAp,119 SI-MA-LPO-LHA Skor1 Glut,113 MEA-COA-BMA Ccdc42 Glut,False,Skor1,3.153,0.005,53.6,0.1,3.147
BMAp,119 SI-MA-LPO-LHA Skor1 Glut,113 MEA-COA-BMA Ccdc42 Glut,False,Trpc3,2.784,0.516,44.2,9.5,2.268
BMAp,119 SI-MA-LPO-LHA Skor1 Glut,113 MEA-COA-BMA Ccdc42 Glut,False,Npnt,2.145,0.275,33.7,5.3,1.87
BMAp,119 SI-MA-LPO-LHA Skor1 Glut,113 MEA-COA-BMA Ccdc42 Glut,False,Pde1c,2.372,0.63,35.6,12.2,1.742
BMAp,119 SI-MA-LPO-LHA Skor1 Glut,113 MEA-COA-BMA Ccdc42 Glut,False,Fst,1.669,0.027,25.3,0.5,1.641
BMAp,119 SI-MA-LPO-LHA Skor1 Glut,113 MEA-COA-BMA Ccdc42 Glut,False,Drd2,1.859,0.238,28.9,4.5,1.621
BMAp,119 SI-MA-LPO-LHA Skor1 Glut,113 MEA-COA-BMA Ccdc42 Glut,False,Ntsr1,1.544,0.046,26.6,0.9,1.497
BMAp,119 SI-MA-LPO-LHA Skor1 Glut,113 MEA-COA-BMA Ccdc42 Glut,False,Syt6,1.635,0.22,25.4,4.0,1.415
BMAp,119 SI-MA-LPO-LHA Skor1 Glut,113 MEA-COA-BMA Ccdc42 Glut,False,Syndig1l,1.639,0.385,29.8,7.4,1.254
BMAp,119 SI-MA-LPO-LHA Skor1 Glut,120 MEA Otp Foxp2 Glut,True,Tbr1,4.856,0.114,77.3,2.3,4.741
BMAp,119 SI-MA-LPO-LHA Skor1 Glut,120 MEA Otp Foxp2 Glut,True,Nfib,3.737,0.426,46.7,8.1,3.311
BMAp,119 SI-MA-LPO-LHA Skor1 Glut,120 MEA Otp Foxp2 Glut,True,Reln,3.699,0.504,44.5,9.1,3.195
BMAp,119 SI-MA-LPO-LHA Skor1 Glut,120 MEA Otp Foxp2 Glut,True,Skor1,3.153,0.013,53.6,0.3,3.14
BMAp,119 SI-MA-LPO-LHA Skor1 Glut,120 MEA Otp Foxp2 Glut,True,Npnt,2.145,0.246,33.7,4.8,1.899
BMAp,119 SI-MA-LPO-LHA Skor1 Glut,120 MEA Otp Foxp2 Glut,True,Drd2,1.859,0.121,28.9,2.5,1.738
BMAp,119 SI-MA-LPO-LHA Skor1 Glut,120 MEA Otp Foxp2 Glut,True,Oprk1,2.457,0.728,39.3,13.1,1.729
BMAp,119 SI-MA-LPO-LHA Skor1 Glut,120 MEA Otp Foxp2 Glut,True,Fst,1.669,0.006,25.3,0.1,1.662
BMAp,119 SI-MA-LPO-LHA Skor1 Glut,120 MEA Otp Foxp2 Glut,True,Ntsr1,1.544,0.117,26.6,2.3,1.427
BMAp,119 SI-MA-LPO-LHA Skor1 Glut,120 MEA Otp Foxp2 Glut,True,Syt6,1.635,0.27,25.4,4.9,1.365
BMAp,119 SI-MA-LPO-LHA Skor1 Glut,120 MEA Otp Foxp2 Glut,True,Syndig1l,1.639,0.298,29.8,6.1,1.341
BMAp,119 SI-MA-LPO-LHA Skor1 Glut,120 MEA Otp Foxp2 Glut,True,Tspan18,1.576,0.278,26.8,5.4,1.298
BMAp,119 SI-MA-LPO-LHA Skor1 Glut,121 MEA-BST Otp Zic2 Glut,True,Tbr1,4.856,0.1,77.3,1.8,4.756
BMAp,119 SI-MA-LPO-LHA Skor1 Glut,121 MEA-BST Otp Zic2 Glut,True,Nxph4,4.478,0.645,65.0,11.0,3.833
BMAp,119 SI-MA-LPO-LHA Skor1 Glut,121 MEA-BST Otp Zic2 Glut,True,Skor1,3.153,0.0,53.6,0.0,3.153
BMAp,119 SI-MA-LPO-LHA Skor1 Glut,121 MEA-BST Otp Zic2 Glut,True,Cck,2.607,0.603,36.6,11.2,2.004
BMAp,119 SI-MA-LPO-LHA Skor1 Glut,121 MEA-BST Otp Zic2 Glut,True,Npnt,2.145,0.35,33.7,6.6,1.795
BMAp,119 SI-MA-LPO-LHA Skor1 Glut,121 MEA-BST Otp Zic2 Glut,True,Oprk1,2.457,0.684,39.3,12.1,1.773
BMAp,119 SI-MA-LPO-LHA Skor1 Glut,121 MEA-BST Otp Zic2 Glut,True,Fst,1.669,0.011,25.3,0.2,1.658
BMAp,119 SI-MA-LPO-LHA Skor1 Glut,121 MEA-BST Otp Zic2 Glut,True,Ntsr1,1.544,0.158,26.6,2.9,1.386
BMAp,119 SI-MA-LPO-LHA Skor1 Glut,121 MEA-BST Otp Zic2 Glut,True,Tspan18,1.576,0.262,26.8,4.9,1.314
BMAp,119 SI-MA-LPO-LHA Skor1 Glut,121 MEA-BST Otp Zic2 Glut,True,Drd2,1.859,0.613,28.9,11.4,1.246
BMAp,119 SI-MA-LPO-LHA Skor1 Glut,121 MEA-BST Otp Zic2 Glut,True,Syt6,1.635,0.485,25.4,7.6,1.151
BMAp,119 SI-MA-LPO-LHA Skor1 Glut,121 MEA-BST Otp Zic2 Glut,True,Syndig1l,1.639,0.537,29.8,9.8,1.101
BMAp,120 MEA Otp Foxp2 Glut,012 MEA Slc17a7 Glut,False,Foxp2,9.274,0.383,99.0,7.5,8.891
BMAp,120 MEA Otp Foxp2 Glut,012 MEA Slc17a7 Glut,False,Otp,7.974,0.068,97.9,1.4,7.906
BMAp,120 MEA Otp Foxp2 Glut,012 MEA Slc17a7 Glut,False,Mpped1,5.936,0.677,86.6,12.2,5.259
BMAp,120 MEA Otp Foxp2 Glut,012 MEA Slc17a7 Glut,False,Fezf1,4.487,0.032,71.7,0.7,4.455
BMAp,120 MEA Otp Foxp2 Glut,012 MEA Slc17a7 Glut,False,Calcrl,4.426,0.554,68.1,10.4,3.872
BMAp,120 MEA Otp Foxp2 Glut,012 MEA Slc17a7 Glut,False,Nxph4,3.02,0.088,48.1,1.7,2.932
BMAp,120 MEA Otp Foxp2 Glut,012 MEA Slc17a7 Glut,False,Tac1,3.068,0.852,45.4,14.1,2.216
BMAp,120 MEA Otp Foxp2 Glut,012 MEA Slc17a7 Glut,False,Nts,2.024,0.22,34.1,4.3,1.804
BMAp,120 MEA Otp Foxp2 Glut,012 MEA Slc17a7 Glut,False,Cartpt,1.786,0.297,28.1,5.9,1.489
BMAp,120 MEA Otp Foxp2 Glut,012 MEA Slc17a7 Glut,False,St8sia2,1.75,0.307,31.6,6.0,1.443
BMAp,120 MEA Otp Foxp2 Glut,073 MEA-BST Sox6 Gaba,False,Otp,7.974,0.08,97.9,1.5,7.894
BMAp,120 MEA Otp Foxp2 Glut,073 MEA-BST Sox6 Gaba,False,Slc17a6,7.995,0.26,98.6,4.8,7.735
BMAp,120 MEA Otp Foxp2 Glut,073 MEA-BST Sox6 Gaba,False,Fezf1,4.487,0.032,71.7,0.6,4.455
BMAp,120 MEA Otp Foxp2 Glut,073 MEA-BST Sox6 Gaba,False,Trh,4.288,0.04,64.0,0.8,4.248
BMAp,120 MEA Otp Foxp2 Glut,073 MEA-BST Sox6 Gaba,False,Calcrl,4.426,0.388,68.1,6.9,4.038
BMAp,120 MEA Otp Foxp2 Glut,073 MEA-BST Sox6 Gaba,False,Nxph4,3.02,0.049,48.1,0.9,2.971
BMAp,120 MEA Otp Foxp2 Glut,073 MEA-BST Sox6 Gaba,False,Nts,2.024,0.223,34.1,4.0,1.801
BMAp,120 MEA Otp Foxp2 Glut,073 MEA-BST Sox6 Gaba,False,Sulf1,2.392,0.747,39.3,12.0,1.645
BMAp,120 MEA Otp Foxp2 Glut,073 MEA-BST Sox6 Gaba,False,Ppp1r1b,2.072,0.461,38.0,8.8,1.61
BMAp,120 MEA Otp Foxp2 Glut,073 MEA-BST Sox6 Gaba,False,Crym,1.717,0.427,30.6,7.8,1.291
BMAp,120 MEA Otp Foxp2 Glut,073 MEA-BST Sox6 Gaba,False,Krt9,1.57,0.429,27.5,8.0,1.141
BMAp,120 MEA Otp Foxp2 Glut,074 MEA-BST Lhx6 Sp9 Gaba,False,Otp,7.974,0.08,97.9,1.5,7.894
BMAp,120 MEA Otp Foxp2 Glut,074 MEA-BST Lhx6 Sp9 Gaba,False,Slc17a6,7.995,0.28,98.6,5.4,7.715
BMAp,120 MEA Otp Foxp2 Glut,074 MEA-BST Lhx6 Sp9 Gaba,False,Fezf1,4.487,0.029,71.7,0.6,4.458
BMAp,120 MEA Otp Foxp2 Glut,074 MEA-BST Lhx6 Sp9 Gaba,False,Trh,4.288,0.047,64.0,0.9,4.24
BMAp,120 MEA Otp Foxp2 Glut,074 MEA-BST Lhx6 Sp9 Gaba,False,Calcrl,4.426,0.199,68.1,3.7,4.227
BMAp,120 MEA Otp Foxp2 Glut,074 MEA-BST Lhx6 Sp9 Gaba,False,Nxph4,3.02,0.085,48.1,1.6,2.935
BMAp,120 MEA Otp Foxp2 Glut,074 MEA-BST Lhx6 Sp9 Gaba,False,Sulf1,2.392,0.391,39.3,6.8,2.0
BMAp,120 MEA Otp Foxp2 Glut,074 MEA-BST Lhx6 Sp9 Gaba,False,Ppp1r1b,2.072,0.267,38.0,5.1,1.805
BMAp,120 MEA Otp Foxp2 Glut,074 MEA-BST Lhx6 Sp9 Gaba,False,Crym,1.717,0.196,30.6,3.7,1.521
BMAp,120 MEA Otp Foxp2 Glut,074 MEA-BST Lhx6 Sp9 Gaba,False,Krt9,1.57,0.091,27.5,1.8,1.479
BMAp,120 MEA Otp Foxp2 Glut,082 CEA-BST Ebf1 Pdyn Gaba,False,Otp,7.974,0.103,97.9,2.0,7.871
BMAp,120 MEA Otp Foxp2 Glut,082 CEA-BST Ebf1 Pdyn Gaba,False,Slc17a6,7.995,0.289,98.6,5.6,7.706
BMAp,120 MEA Otp Foxp2 Glut,082 CEA-BST Ebf1 Pdyn Gaba,False,Fezf1,4.487,0.029,71.7,0.6,4.457
BMAp,120 MEA Otp Foxp2 Glut,082 CEA-BST Ebf1 Pdyn Gaba,False,Calcrl,4.426,0.127,68.1,2.5,4.299
BMAp,120 MEA Otp Foxp2 Glut,082 CEA-BST Ebf1 Pdyn Gaba,False,Trh,4.288,0.044,64.0,0.9,4.244
BMAp,120 MEA Otp Foxp2 Glut,082 CEA-BST Ebf1 Pdyn Gaba,False,Nxph4,3.02,0.182,48.1,3.5,2.838
BMAp,120 MEA Otp Foxp2 Glut,082 CEA-BST Ebf1 Pdyn Gaba,False,Cck,3.134,0.72,49.7,13.8,2.414
BMAp,120 MEA Otp Foxp2 Glut,082 CEA-BST Ebf1 Pdyn Gaba,False,Sulf1,2.392,0.719,39.3,12.3,1.673
BMAp,120 MEA Otp Foxp2 Glut,082 CEA-BST Ebf1 Pdyn Gaba,False,Krt9,1.57,0.195,27.5,3.9,1.375
BMAp,120 MEA Otp Foxp2 Glut,082 CEA-BST Ebf1 Pdyn Gaba,False,St8sia2,1.75,0.451,31.6,8.2,1.298
BMAp,120 MEA Otp Foxp2 Glut,082 CEA-BST Ebf1 Pdyn Gaba,False,Cartpt,1.786,0.722,28.1,13.1,1.065
BMAp,120 MEA Otp Foxp2 Glut,113 MEA-COA-BMA Ccdc42 Glut,False,Trh,4.288,0.12,64.0,2.2,4.167
BMAp,120 MEA Otp Foxp2 Glut,113 MEA-COA-BMA Ccdc42 Glut,False,Nxph4,3.02,0.335,48.1,6.0,2.685
BMAp,120 MEA Otp Foxp2 Glut,113 MEA-COA-BMA Ccdc42 Glut,False,Nts,2.024,0.406,34.1,7.2,1.618
BMAp,120 MEA Otp Foxp2 Glut,119 SI-MA-LPO-LHA Skor1 Glut,True,Foxp2,9.274,0.426,99.0,7.8,8.848
BMAp,120 MEA Otp Foxp2 Glut,119 SI-MA-LPO-LHA Skor1 Glut,True,Otp,7.974,0.091,97.9,1.7,7.882
BMAp,120 MEA Otp Foxp2 Glut,119 SI-MA-LPO-LHA Skor1 Glut,True,Calcrl,4.426,0.172,68.1,3.0,4.253
BMAp,120 MEA Otp Foxp2 Glut,119 SI-MA-LPO-LHA Skor1 Glut,True,Trh,4.288,0.044,64.0,0.8,4.244
BMAp,120 MEA Otp Foxp2 Glut,119 SI-MA-LPO-LHA Skor1 Glut,True,Otof,4.702,0.476,71.5,8.9,4.226
BMAp,120 MEA Otp Foxp2 Glut,119 SI-MA-LPO-LHA Skor1 Glut,True,Tac1,3.068,0.68,45.4,12.2,2.388
BMAp,120 MEA Otp Foxp2 Glut,119 SI-MA-LPO-LHA Skor1 Glut,True,Trhr,2.5,0.56,41.0,9.6,1.94
BMAp,120 MEA Otp Foxp2 Glut,119 SI-MA-LPO-LHA Skor1 Glut,True,Ppp1r1b,2.072,0.302,38.0,5.8,1.77
BMAp,120 MEA Otp Foxp2 Glut,119 SI-MA-LPO-LHA Skor1 Glut,True,Col23a1,2.094,0.341,36.5,6.4,1.754
BMAp,120 MEA Otp Foxp2 Glut,119 SI-MA-LPO-LHA Skor1 Glut,True,Crym,1.717,0.171,30.6,3.3,1.546
BMAp,120 MEA Otp Foxp2 Glut,119 SI-MA-LPO-LHA Skor1 Glut,True,Krt9,1.57,0.03,27.5,0.6,1.54
BMAp,120 MEA Otp Foxp2 Glut,119 SI-MA-LPO-LHA Skor1 Glut,True,Cartpt,1.786,0.252,28.1,4.8,1.535
BMAp,120 MEA Otp Foxp2 Glut,121 MEA-BST Otp Zic2 Glut,True,Trh,4.288,0.874,64.0,13.6,3.414
BMAp,120 MEA Otp Foxp2 Glut,121 MEA-BST Otp Zic2 Glut,True,Cck,3.134,0.603,49.7,11.2,2.53
BMAp,120 MEA Otp Foxp2 Glut,121 MEA-BST Otp Zic2 Glut,True,Nxph4,3.02,0.645,48.1,11.0,2.375
BMAp,120 MEA Otp Foxp2 Glut,121 MEA-BST Otp Zic2 Glut,True,Ppp1r1b,2.072,0.503,38.0,9.4,1.569
BMAp,120 MEA Otp Foxp2 Glut,121 MEA-BST Otp Zic2 Glut,True,Cartpt,1.786,0.404,28.1,7.3,1.382
BMAp,120 MEA Otp Foxp2 Glut,121 MEA-BST Otp Zic2 Glut,True,Nts,2.024,0.802,34.1,13.9,1.222
BMAp,120 MEA Otp Foxp2 Glut,121 MEA-BST Otp Zic2 Glut,True,Krt9,1.57,0.353,27.5,6.4,1.217
BMAp,121 MEA-BST Otp Zic2 Glut,012 MEA Slc17a7 Glut,False,Otp,7.282,0.068,94.0,1.4,7.215
BMAp,121 MEA-BST Otp Zic2 Glut,012 MEA Slc17a7 Glut,False,Sim1,6.488,0.391,88.0,6.2,6.098
BMAp,121 MEA-BST Otp Zic2 Glut,012 MEA Slc17a7 Glut,False,Mpped1,4.119,0.677,66.7,12.2,3.443
BMAp,121 MEA-BST Otp Zic2 Glut,012 MEA Slc17a7 Glut,False,Cd36,3.431,0.045,53.1,0.9,3.386
BMAp,121 MEA-BST Otp Zic2 Glut,012 MEA Slc17a7 Glut,False,Fezf1,2.697,0.032,44.9,0.7,2.665
BMAp,121 MEA-BST Otp Zic2 Glut,012 MEA Slc17a7 Glut,False,Calcrl,2.856,0.554,46.4,10.4,2.302
BMAp,121 MEA-BST Otp Zic2 Glut,012 MEA Slc17a7 Glut,False,Foxp2,2.448,0.383,36.2,7.5,2.065
BMAp,121 MEA-BST Otp Zic2 Glut,012 MEA Slc17a7 Glut,False,St8sia2,1.752,0.307,30.4,6.0,1.445
BMAp,121 MEA-BST Otp Zic2 Glut,012 MEA Slc17a7 Glut,False,Tac1,2.278,0.852,32.7,14.1,1.426
BMAp,121 MEA-BST Otp Zic2 Glut,012 MEA Slc17a7 Glut,False,Bcan,1.421,0.22,26.2,4.6,1.201
BMAp,121 MEA-BST Otp Zic2 Glut,012 MEA Slc17a7 Glut,False,Lamb3,1.635,0.457,29.8,9.0,1.178
BMAp,121 MEA-BST Otp Zic2 Glut,012 MEA Slc17a7 Glut,False,Unc5b,1.468,0.332,26.9,6.2,1.135
BMAp,121 MEA-BST Otp Zic2 Glut,073 MEA-BST Sox6 Gaba,False,Slc17a6,7.965,0.26,98.8,4.8,7.705
BMAp,121 MEA-BST Otp Zic2 Glut,073 MEA-BST Sox6 Gaba,False,Otp,7.282,0.08,94.0,1.5,7.202
BMAp,121 MEA-BST Otp Zic2 Glut,073 MEA-BST Sox6 Gaba,False,Sim1,6.488,0.022,88.0,0.4,6.466
BMAp,121 MEA-BST Otp Zic2 Glut,073 MEA-BST Sox6 Gaba,False,Zic2,3.528,0.054,60.6,1.0,3.474
BMAp,121 MEA-BST Otp Zic2 Glut,073 MEA-BST Sox6 Gaba,False,Cd36,3.431,0.098,53.1,1.8,3.333
BMAp,121 MEA-BST Otp Zic2 Glut,073 MEA-BST Sox6 Gaba,False,Lpl,3.481,0.73,54.6,13.2,2.751
BMAp,121 MEA-BST Otp Zic2 Glut,073 MEA-BST Sox6 Gaba,False,Fezf1,2.697,0.032,44.9,0.6,2.665
BMAp,121 MEA-BST Otp Zic2 Glut,073 MEA-BST Sox6 Gaba,False,Calcrl,2.856,0.388,46.4,6.9,2.468
BMAp,121 MEA-BST Otp Zic2 Glut,073 MEA-BST Sox6 Gaba,False,Sulf1,2.972,0.747,46.9,12.0,2.225
BMAp,121 MEA-BST Otp Zic2 Glut,073 MEA-BST Sox6 Gaba,False,Chst9,2.613,0.457,37.6,7.6,2.156
BMAp,121 MEA-BST Otp Zic2 Glut,073 MEA-BST Sox6 Gaba,False,Slc17a7,1.66,0.174,26.8,3.3,1.486
BMAp,121 MEA-BST Otp Zic2 Glut,073 MEA-BST Sox6 Gaba,False,Bcan,1.421,0.339,26.2,6.7,1.082
BMAp,121 MEA-BST Otp Zic2 Glut,074 MEA-BST Lhx6 Sp9 Gaba,False,Slc17a6,7.965,0.28,98.8,5.4,7.685
BMAp,121 MEA-BST Otp Zic2 Glut,074 MEA-BST Lhx6 Sp9 Gaba,False,Otp,7.282,0.08,94.0,1.5,7.203
BMAp,121 MEA-BST Otp Zic2 Glut,074 MEA-BST Lhx6 Sp9 Gaba,False,Sim1,6.488,0.027,88.0,0.5,6.461
BMAp,121 MEA-BST Otp Zic2 Glut,074 MEA-BST Lhx6 Sp9 Gaba,False,Zic2,3.528,0.014,60.6,0.3,3.514
BMAp,121 MEA-BST Otp Zic2 Glut,074 MEA-BST Lhx6 Sp9 Gaba,False,Cd36,3.431,0.104,53.1,1.9,3.327
BMAp,121 MEA-BST Otp Zic2 Glut,074 MEA-BST Lhx6 Sp9 Gaba,False,Matn2,3.668,0.784,59.4,14.9,2.884
BMAp,121 MEA-BST Otp Zic2 Glut,074 MEA-BST Lhx6 Sp9 Gaba,False,Fezf1,2.697,0.029,44.9,0.6,2.668
BMAp,121 MEA-BST Otp Zic2 Glut,074 MEA-BST Lhx6 Sp9 Gaba,False,Calcrl,2.856,0.199,46.4,3.7,2.657
BMAp,121 MEA-BST Otp Zic2 Glut,074 MEA-BST Lhx6 Sp9 Gaba,False,Sulf1,2.972,0.391,46.9,6.8,2.581
BMAp,121 MEA-BST Otp Zic2 Glut,074 MEA-BST Lhx6 Sp9 Gaba,False,Chst9,2.613,0.185,37.6,3.3,2.428
BMAp,121 MEA-BST Otp Zic2 Glut,074 MEA-BST Lhx6 Sp9 Gaba,False,Slc17a7,1.66,0.161,26.8,3.1,1.499
BMAp,121 MEA-BST Otp Zic2 Glut,074 MEA-BST Lhx6 Sp9 Gaba,False,Bcan,1.421,0.379,26.2,7.5,1.042
BMAp,121 MEA-BST Otp Zic2 Glut,082 CEA-BST Ebf1 Pdyn Gaba,False,Slc17a6,7.965,0.289,98.8,5.6,7.675
BMAp,121 MEA-BST Otp Zic2 Glut,082 CEA-BST Ebf1 Pdyn Gaba,False,Otp,7.282,0.103,94.0,2.0,7.179
BMAp,121 MEA-BST Otp Zic2 Glut,082 CEA-BST Ebf1 Pdyn Gaba,False,Sim1,6.488,0.038,88.0,0.7,6.45
BMAp,121 MEA-BST Otp Zic2 Glut,082 CEA-BST Ebf1 Pdyn Gaba,False,Zic2,3.528,0.008,60.6,0.2,3.519
BMAp,121 MEA-BST Otp Zic2 Glut,082 CEA-BST Ebf1 Pdyn Gaba,False,Cd36,3.431,0.288,53.1,5.1,3.143
BMAp,121 MEA-BST Otp Zic2 Glut,082 CEA-BST Ebf1 Pdyn Gaba,False,Calcrl,2.856,0.127,46.4,2.5,2.729
BMAp,121 MEA-BST Otp Zic2 Glut,082 CEA-BST Ebf1 Pdyn Gaba,False,Fezf1,2.697,0.029,44.9,0.6,2.668
BMAp,121 MEA-BST Otp Zic2 Glut,082 CEA-BST Ebf1 Pdyn Gaba,False,Lpl,3.481,0.842,54.6,14.5,2.64
BMAp,121 MEA-BST Otp Zic2 Glut,082 CEA-BST Ebf1 Pdyn Gaba,False,Chst9,2.613,0.337,37.6,5.9,2.277
BMAp,121 MEA-BST Otp Zic2 Glut,082 CEA-BST Ebf1 Pdyn Gaba,False,Sulf1,2.972,0.719,46.9,12.3,2.253
BMAp,121 MEA-BST Otp Zic2 Glut,082 CEA-BST Ebf1 Pdyn Gaba,False,Slc17a7,1.66,0.13,26.8,2.6,1.531
BMAp,121 MEA-BST Otp Zic2 Glut,082 CEA-BST Ebf1 Pdyn Gaba,False,Unc5b,1.468,0.109,26.9,2.2,1.359
BMAp,121 MEA-BST Otp Zic2 Glut,113 MEA-COA-BMA Ccdc42 Glut,False,Sim1,6.488,0.864,88.0,13.8,5.624
BMAp,121 MEA-BST Otp Zic2 Glut,113 MEA-COA-BMA Ccdc42 Glut,False,Pde1c,4.156,0.63,59.0,12.2,3.526
BMAp,121 MEA-BST Otp Zic2 Glut,113 MEA-COA-BMA Ccdc42 Glut,False,Zic2,3.528,0.034,60.6,0.6,3.494
BMAp,121 MEA-BST Otp Zic2 Glut,113 MEA-COA-BMA Ccdc42 Glut,False,Lpl,3.481,0.64,54.6,12.0,2.841
BMAp,121 MEA-BST Otp Zic2 Glut,113 MEA-COA-BMA Ccdc42 Glut,False,Chst9,2.613,0.361,37.6,6.2,2.252
BMAp,121 MEA-BST Otp Zic2 Glut,113 MEA-COA-BMA Ccdc42 Glut,False,Bcan,1.421,0.35,26.2,7.1,1.07
BMAp,121 MEA-BST Otp Zic2 Glut,113 MEA-COA-BMA Ccdc42 Glut,False,Slc17a7,1.66,0.604,26.8,10.4,1.056
BMAp,121 MEA-BST Otp Zic2 Glut,119 SI-MA-LPO-LHA Skor1 Glut,True,Otp,7.282,0.091,94.0,1.7,7.191
BMAp,121 MEA-BST Otp Zic2 Glut,119 SI-MA-LPO-LHA Skor1 Glut,True,Sim1,6.488,0.059,88.0,1.1,6.429
BMAp,121 MEA-BST Otp Zic2 Glut,119 SI-MA-LPO-LHA Skor1 Glut,True,Trhr,6.032,0.56,80.3,9.6,5.471
BMAp,121 MEA-BST Otp Zic2 Glut,119 SI-MA-LPO-LHA Skor1 Glut,True,Otof,4.354,0.476,66.8,8.9,3.878
BMAp,121 MEA-BST Otp Zic2 Glut,119 SI-MA-LPO-LHA Skor1 Glut,True,Gfra1,4.072,0.613,64.0,10.6,3.459
BMAp,121 MEA-BST Otp Zic2 Glut,119 SI-MA-LPO-LHA Skor1 Glut,True,Cd36,3.431,0.01,53.1,0.2,3.421
BMAp,121 MEA-BST Otp Zic2 Glut,119 SI-MA-LPO-LHA Skor1 Glut,True,Lpl,3.481,0.082,54.6,1.6,3.399
BMAp,121 MEA-BST Otp Zic2 Glut,119 SI-MA-LPO-LHA Skor1 Glut,True,Matn2,3.668,0.758,59.4,14.3,2.909
BMAp,121 MEA-BST Otp Zic2 Glut,119 SI-MA-LPO-LHA Skor1 Glut,True,Calcrl,2.856,0.172,46.4,3.0,2.683
BMAp,121 MEA-BST Otp Zic2 Glut,119 SI-MA-LPO-LHA Skor1 Glut,True,Chst9,2.613,0.176,37.6,3.1,2.437
BMAp,121 MEA-BST Otp Zic2 Glut,119 SI-MA-LPO-LHA Skor1 Glut,True,Foxp2,2.448,0.426,36.2,7.8,2.022
BMAp,121 MEA-BST Otp Zic2 Glut,119 SI-MA-LPO-LHA Skor1 Glut,True,Tac1,2.278,0.68,32.7,12.2,1.598
BMAp,121 MEA-BST Otp Zic2 Glut,120 MEA Otp Foxp2 Glut,True,Sim1,6.488,0.344,88.0,5.4,6.144
BMAp,121 MEA-BST Otp Zic2 Glut,120 MEA Otp Foxp2 Glut,True,Zic2,3.528,0.134,60.6,2.7,3.394
BMAp,121 MEA-BST Otp Zic2 Glut,120 MEA Otp Foxp2 Glut,True,Slc17a7,1.66,0.171,26.8,3.4,1.489
BMAp,121 MEA-BST Otp Zic2 Glut,120 MEA Otp Foxp2 Glut,True,Zfp57,1.647,0.326,30.1,6.5,1.321
BMAp,121 MEA-BST Otp Zic2 Glut,120 MEA Otp Foxp2 Glut,True,Bcan,1.421,0.267,26.2,5.5,1.153
