roi_name,anatomy,module,n_cells,fraction
bla_r1_left,BLA,BLA_principal,358,0.3432406519654842
bla_r1_left,BLA,unassigned,222,0.21284755512943432
bla_r1_left,BLA,oligo,109,0.10450623202301054
bla_r1_left,BLA,astrocyte,73,0.06999041227229147
bla_r1_left,BLA,microglia,70,0.06711409395973154
bla_r1_left,BLA,BLA_Sst_GABA,66,0.06327900287631831
bla_r1_left,BLA,OPC,64,0.061361457334611694
bla_r1_left,BLA,vascular,51,0.0488974113135187
bla_r1_left,BLA,BLA_Pvalb_GABA,24,0.023010546500479387
bla_r1_left,BLA,BLA_Vip_Lamp5_GABA,6,0.005752636625119847
bla_r1_right,BLA,BLA_principal,396,0.43278688524590164
bla_r1_right,BLA,unassigned,174,0.1901639344262295
bla_r1_right,BLA,astrocyte,63,0.06885245901639345
bla_r1_right,BLA,microglia,61,0.06666666666666667
bla_r1_right,BLA,oligo,57,0.06229508196721312
bla_r1_right,BLA,BLA_Sst_GABA,55,0.060109289617486336
bla_r1_right,BLA,OPC,44,0.048087431693989074
bla_r1_right,BLA,vascular,41,0.04480874316939891
bla_r1_right,BLA,BLA_Pvalb_GABA,14,0.015300546448087432
bla_r1_right,BLA,BLA_Vip_Lamp5_GABA,10,0.01092896174863388
bla_r2_left,BLA,BLA_principal,279,0.374496644295302
bla_r2_left,BLA,unassigned,192,0.25771812080536916
bla_r2_left,BLA,oligo,59,0.07919463087248323
bla_r2_left,BLA,astrocyte,54,0.07248322147651007
bla_r2_left,BLA,microglia,40,0.053691275167785234
bla_r2_left,BLA,OPC,38,0.05100671140939597
bla_r2_left,BLA,vascular,35,0.04697986577181208
bla_r2_left,BLA,BLA_Sst_GABA,28,0.03758389261744966
bla_r2_left,BLA,BLA_Pvalb_GABA,13,0.0174496644295302
bla_r2_left,BLA,BLA_Vip_Lamp5_GABA,7,0.009395973154362415
bla_r2_right,BLA,BLA_principal,561,0.36357744653272844
bla_r2_right,BLA,unassigned,353,0.2287751134154245
bla_r2_right,BLA,astrocyte,147,0.09526895657809462
bla_r2_right,BLA,oligo,120,0.07777057679844458
bla_r2_right,BLA,OPC,95,0.06156837329876863
bla_r2_right,BLA,microglia,83,0.053791315618924175
bla_r2_right,BLA,vascular,72,0.046662346079066754
bla_r2_right,BLA,BLA_Sst_GABA,63,0.04082955281918341
bla_r2_right,BLA,BLA_Pvalb_GABA,39,0.025275437459494492
bla_r2_right,BLA,BLA_Vip_Lamp5_GABA,10,0.0064808813998703824
cea_r2_left,CEA,unassigned,278,0.26577437858508607
cea_r2_left,CEA,CEA_Six3_Cyp26b1_like,264,0.25239005736137665
cea_r2_left,CEA,astrocyte,145,0.13862332695984703
cea_r2_left,CEA,oligo,122,0.11663479923518165
cea_r2_left,CEA,CEA_Rai14_Pdyn_Crh_like,75,0.07170172084130019
cea_r2_left,CEA,OPC,47,0.044933078393881457
cea_r2_left,CEA,microglia,45,0.043021032504780114
cea_r2_left,CEA,CEA_Ebf1_Pdyn_like,35,0.033460803059273424
cea_r2_left,CEA,vascular,26,0.0248565965583174
cea_r2_left,CEA,CEA_Six3_Sp9_like,5,0.004780114722753346
cea_r2_left,CEA,CEA_Gal_Avp_like,4,0.0038240917782026767
cea_r2_right,CEA,unassigned,253,0.29452852153667053
cea_r2_right,CEA,CEA_Six3_Cyp26b1_like,234,0.2724097788125728
cea_r2_right,CEA,astrocyte,90,0.10477299185098952
cea_r2_right,CEA,CEA_Rai14_Pdyn_Crh_like,86,0.10011641443538999
cea_r2_right,CEA,microglia,58,0.06752037252619325
cea_r2_right,CEA,oligo,54,0.06286379511059371
cea_r2_right,CEA,vascular,32,0.037252619324796274
cea_r2_right,CEA,OPC,30,0.034924330616996506
cea_r2_right,CEA,CEA_Ebf1_Pdyn_like,15,0.017462165308498253
cea_r2_right,CEA,CEA_Six3_Sp9_like,5,0.005820721769499418
cea_r2_right,CEA,CEA_Gal_Avp_like,2,0.002328288707799767
