level,label,n_cells,gene,pct_detected,mean_log2_expression,gap_vs_best_other_pp,marker_score
subclass,014 LA-BLA-BMA-PA Glut,113,Slc17a7,100.0,9.215371131896973,96.34703196347031,8.878736570001193
subclass,014 LA-BLA-BMA-PA Glut,113,Nrn1,100.0,8.889486312866211,95.38461538461539,8.479202329195463
subclass,014 LA-BLA-BMA-PA Glut,113,Bhlhe22,92.92035398230088,6.038016319274902,91.89471295665986,5.54861776487395
subclass,014 LA-BLA-BMA-PA Glut,113,Zfpm2,100.0,8.727473258972168,52.67078101723771,4.59682832857121
subclass,014 LA-BLA-BMA-PA Glut,113,Prdm8,83.1858407079646,5.168531894683838,78.1630096577363,4.039880084004909
subclass,014 LA-BLA-BMA-PA Glut,113,Pdzrn3,78.76106194690266,5.97311544418335,66.16263675005226,3.9519706739963
subclass,014 LA-BLA-BMA-PA Glut,113,Adamtsl1,86.72566371681415,7.250277042388916,48.10042430417317,3.4874140206171256
subclass,014 LA-BLA-BMA-PA Glut,113,Fezf2,72.56637168141593,4.276479721069336,72.05355116859542,3.081355504035301
subclass,014 LA-BLA-BMA-PA Glut,113,Nwd2,82.30088495575221,5.5918474197387695,42.163368840582464,2.357711252587051
subclass,014 LA-BLA-BMA-PA Glut,113,Neurod6,61.06194690265486,3.9156391620635986,60.03630587701383,2.3508051043766436
subclass,014 LA-BLA-BMA-PA Glut,113,Pkib,83.1858407079646,5.180539608001709,40.720087283307066,2.1095202501245898
subclass,014 LA-BLA-BMA-PA Glut,113,Slc17a6,61.06194690265486,3.669365167617798,54.90810074880871,2.014778723077274
subclass,014 LA-BLA-BMA-PA Glut,113,Zfp536,63.716814159292035,4.529654502868652,43.463997451405255,1.9687689176842944
subclass,014 LA-BLA-BMA-PA Glut,113,Rorb,64.60176991150442,4.7815752029418945,37.89395973912732,1.8119281822988968
subclass,014 LA-BLA-BMA-PA Glut,113,Myl4,53.09734513274337,3.6466104984283447,46.94349897889722,1.7118465620940688
subclass,077 CEA-BST Gal Avp Gaba,195,Rspo1,92.82051282051282,6.180861949920654,70.34180988014458,4.347730161767384
subclass,077 CEA-BST Gal Avp Gaba,195,Calb2,93.84615384615384,6.947420120239258,52.20455522131499,3.6268697731270514
subclass,077 CEA-BST Gal Avp Gaba,195,Syt6,88.71794871794872,6.033079147338867,47.19555245523918,2.847345033648412
subclass,077 CEA-BST Gal Avp Gaba,195,Parm1,100.0,8.960196495056152,31.107447100851886,2.787288384831977
subclass,077 CEA-BST Gal Avp Gaba,195,Igfbp5,94.87179487179486,6.558467864990234,41.010844061132595,2.6896830289106375
subclass,077 CEA-BST Gal Avp Gaba,195,Plch1,76.92307692307693,4.950467109680176,52.14431586113003,2.5813872062729852
subclass,077 CEA-BST Gal Avp Gaba,195,Tmem255a,98.97435897435898,7.772655487060547,31.347944420570116,2.4365677220861337
subclass,077 CEA-BST Gal Avp Gaba,195,Vwc2l,89.74358974358975,6.553633213043213,36.64624461084638,2.401660458149487
subclass,077 CEA-BST Gal Avp Gaba,195,Gfra2,85.64102564102564,5.851119518280029,38.026070763500925,2.2249508484781786
subclass,077 CEA-BST Gal Avp Gaba,195,Btbd11,98.46153846153847,7.616415500640869,25.234207133648482,1.9219420635910271
subclass,077 CEA-BST Gal Avp Gaba,195,Rmst,100.0,10.12182331085205,15.785704053860485,1.5978010727057677
subclass,077 CEA-BST Gal Avp Gaba,195,Slc44a5,91.28205128205128,6.180299758911133,20.485591105060138,1.266070937677552
subclass,077 CEA-BST Gal Avp Gaba,195,Thsd7a,98.97435897435898,8.167340278625488,14.95609413417634,1.2215151003297282
subclass,077 CEA-BST Gal Avp Gaba,195,Nxph3,47.179487179487175,2.4967153072357178,41.86975266621284,1.045368523919071
subclass,077 CEA-BST Gal Avp Gaba,195,Chrm2,78.46153846153847,5.247869491577148,19.55742887249737,1.02634834313669
subclass,079 CEA-BST Six3 Cyp26b1 Gaba,4699,Arhgap6,95.8714620131943,8.766578674316406,28.133072345703226,2.4663079206884255
subclass,079 CEA-BST Six3 Cyp26b1 Gaba,4699,Penk,76.82485635241541,6.023849964141846,32.56185678215327,1.961477398095659
subclass,079 CEA-BST Six3 Cyp26b1 Gaba,4699,Calb1,80.67673973185784,5.83705472946167,27.432218889571637,1.6012336300900187
subclass,079 CEA-BST Six3 Cyp26b1 Gaba,4699,Gm19410,72.67503724196638,5.187520980834961,27.542293879134526,1.4287622735833267
subclass,079 CEA-BST Six3 Cyp26b1 Gaba,4699,Strip2,57.52287720791658,4.021333694458008,27.385890906546717,1.1012780585524746
subclass,079 CEA-BST Six3 Cyp26b1 Gaba,4699,Kctd12,74.18599702064269,4.8484368324279785,22.131202500094744,1.073017373473815
subclass,079 CEA-BST Six3 Cyp26b1 Gaba,4699,Trpc4,81.8472015322409,5.896807670593262,17.60139147637497,1.0379202027100278
subclass,079 CEA-BST Six3 Cyp26b1 Gaba,4699,Pcsk5,60.43839114705256,4.280211925506592,23.515314223975636,1.006505283734953
subclass,079 CEA-BST Six3 Cyp26b1 Gaba,4699,Cobll1,34.53926367312194,2.090552806854248,25.16855743514447,0.5261619839051364
subclass,079 CEA-BST Six3 Cyp26b1 Gaba,4699,Eya4,29.36795062779315,1.9376881122589111,23.377293853954182,0.4529790439759032
subclass,079 CEA-BST Six3 Cyp26b1 Gaba,4699,Npnt,36.36944030644818,2.1754274368286133,20.387705146630832,0.4435197314995264
subclass,079 CEA-BST Six3 Cyp26b1 Gaba,4699,Sema3e,32.326026814215794,2.099487066268921,18.83330903460601,0.3954028873320094
subclass,079 CEA-BST Six3 Cyp26b1 Gaba,4699,Gsg1l,79.39987231325813,5.15654993057251,6.579359492745311,0.3392679573552742
subclass,079 CEA-BST Six3 Cyp26b1 Gaba,4699,Kdr,27.495211747180253,1.555933952331543,19.71834997196728,0.3068045020533962
subclass,079 CEA-BST Six3 Cyp26b1 Gaba,4699,Kctd8,72.14300915088316,5.541592597961426,5.338942099495426,0.2958624201950849
subclass,080 CEA-AAA-BST Six3 Sp9 Gaba,3639,Foxp2,60.043968123110744,5.331180572509766,39.73169194491278,2.1181682420966177
subclass,080 CEA-AAA-BST Six3 Sp9 Gaba,3639,Grik3,95.71310799670239,7.443723678588867,9.971460837732394,0.742247991479502
subclass,080 CEA-AAA-BST Six3 Sp9 Gaba,3639,Nts,45.0123660346249,3.595679759979248,13.85637119147922,0.4982307343996137
subclass,080 CEA-AAA-BST Six3 Sp9 Gaba,3639,Sema5b,32.09672987084364,1.9648337364196777,22.520224231345875,0.4424849632148428
subclass,080 CEA-AAA-BST Six3 Sp9 Gaba,3639,Rnf152,41.08271503160209,2.5834531784057617,11.230258363502966,0.2901284666350962
subclass,080 CEA-AAA-BST Six3 Sp9 Gaba,3639,Ndst4,39.43391041494916,2.6294965744018555,10.927965707887136,0.28735048394070173
subclass,080 CEA-AAA-BST Six3 Sp9 Gaba,3639,Fhod3,68.20555097554274,4.582394599914551,6.2586483206754835,0.2867959626742761
subclass,080 CEA-AAA-BST Six3 Sp9 Gaba,3639,Prox1,25.309150865622428,1.7040576934814453,12.919770334648977,0.22016034036771936
subclass,082 CEA-BST Ebf1 Pdyn Gaba,6981,Plcxd2,84.72998137802608,5.72860860824585,19.601776249820958,1.1229090416163339
subclass,082 CEA-BST Ebf1 Pdyn Gaba,6981,Sst,52.38504512247529,4.111212253570557,24.974957869868355,1.0267735282701118
subclass,082 CEA-BST Ebf1 Pdyn Gaba,6981,Unc13c,70.26214009454233,5.687849521636963,12.973355246702361,0.7379049243398241
subclass,082 CEA-BST Ebf1 Pdyn Gaba,6981,Sema6a,65.8501647328463,4.436723709106445,16.29264260895249,0.7228595374713741
subclass,082 CEA-BST Ebf1 Pdyn Gaba,6981,Cdh20,44.79300959747887,3.070505380630493,10.946855751325025,0.3361237948542935
subclass,083 CEA-BST Rai14 Pdyn Crh Gaba,219,Hs3st2,81.7351598173516,5.347299575805664,29.522770436820622,1.578670978334189
subclass,083 CEA-BST Rai14 Pdyn Crh Gaba,219,Sntb1,57.99086757990868,3.664078950881958,42.51949069120896,1.557947708438801
subclass,083 CEA-BST Rai14 Pdyn Crh Gaba,219,Pdyn,86.3013698630137,6.118765830993652,23.201527433562333,1.4196471328734304
subclass,083 CEA-BST Rai14 Pdyn Crh Gaba,219,Col6a1,60.73059360730594,4.021363258361816,34.43063658109193,1.384580969092114
subclass,083 CEA-BST Rai14 Pdyn Crh Gaba,219,Fgd5,59.817351598173516,3.4841158390045166,35.2019669827889,1.2264773072884885
subclass,083 CEA-BST Rai14 Pdyn Crh Gaba,219,Htr1f,90.8675799086758,7.689483642578125,14.761385218410311,1.1350743017876062
subclass,083 CEA-BST Rai14 Pdyn Crh Gaba,219,Necab2,91.32420091324201,6.453563213348389,14.137565458890023,0.9123767237179748
subclass,083 CEA-BST Rai14 Pdyn Crh Gaba,219,Mapk4,92.69406392694064,6.802200794219971,10.929273782262229,0.7434311480195163
subclass,083 CEA-BST Rai14 Pdyn Crh Gaba,219,Pdzd2,92.23744292237443,7.597593784332275,9.051602214409826,0.6877039672244836
subclass,083 CEA-BST Rai14 Pdyn Crh Gaba,219,Ppp1r1b,64.84018264840182,4.001673221588135,9.972926011233682,0.3990839096003359
subclass,083 CEA-BST Rai14 Pdyn Crh Gaba,219,Stard5,38.81278538812785,2.0420236587524414,16.853180746958962,0.34414593810521343
subclass,083 CEA-BST Rai14 Pdyn Crh Gaba,219,Pou3f1,23.28767123287671,1.315908670425415,13.532621813022821,0.1780769437734483
subclass,083 CEA-BST Rai14 Pdyn Crh Gaba,219,Ror1,31.506849315068493,1.9943733215332031,7.225087238030827,0.14409521233278696
supertype,0060 LA-BLA-BMA-PA Glut_1,26,Bdnf,100.0,9.511007308959961,85.5421686746988,8.13592191489346
supertype,0060 LA-BLA-BMA-PA Glut_1,26,Tanc1,100.0,7.591368675231934,30.769230769230774,2.3358057462252106
supertype,0060 LA-BLA-BMA-PA Glut_1,26,Arc,76.92307692307693,5.208220481872559,40.02987303958179,2.0848440465150797
supertype,0060 LA-BLA-BMA-PA Glut_1,26,Nwd2,96.15384615384616,7.1276679039001465,17.88159484494564,1.2745406964686534
supertype,0060 LA-BLA-BMA-PA Glut_1,26,Galnt14,76.92307692307693,5.443858623504639,14.74033580632566,0.8024430419262015
supertype,0060 LA-BLA-BMA-PA Glut_1,26,Rorb,76.92307692307693,5.2738165855407715,14.272474513438375,0.7527041280567925
supertype,0060 LA-BLA-BMA-PA Glut_1,26,Sipa1l3,96.15384615384616,5.737431526184082,12.658700522778204,0.7262842745991059
supertype,0060 LA-BLA-BMA-PA Glut_1,26,Shisa6,96.15384615384616,7.10308313369751,8.981071284736217,0.6379329596514485
supertype,0060 LA-BLA-BMA-PA Glut_1,26,Cd24a,61.53846153846154,3.892543315887451,13.46153846153846,0.5239962156002338
supertype,0060 LA-BLA-BMA-PA Glut_1,26,Igfbp4,38.46153846153847,2.020028591156006,23.310023310023315,0.4708691354676005
supertype,0060 LA-BLA-BMA-PA Glut_1,26,Tmem163,80.76923076923077,5.378113269805908,6.526806526806524,0.3510190479127398
supertype,0060 LA-BLA-BMA-PA Glut_1,26,Cabp7,38.46153846153847,1.963057279586792,15.961538461538467,0.31333414270327653
supertype,0060 LA-BLA-BMA-PA Glut_1,26,Orai2,88.46153846153845,5.341283798217773,5.712212315985894,0.3051054709535548
supertype,0060 LA-BLA-BMA-PA Glut_1,26,Hat1,46.15384615384615,2.388463020324707,8.717948717948715,0.20822498125907696
supertype,0060 LA-BLA-BMA-PA Glut_1,26,Cd68,26.923076923076923,1.3221104145050049,5.102628045271437,0.06746237679998683
supertype,0062 LA-BLA-BMA-PA Glut_3,83,Pdzrn3,95.18072289156626,7.5365424156188965,71.48994982423459,5.387870391408106
supertype,0062 LA-BLA-BMA-PA Glut_3,83,Neurod6,78.3132530120482,4.968932151794434,70.6209453197405,3.5091068578937517
supertype,0062 LA-BLA-BMA-PA Glut_3,83,Adamtsl1,97.59036144578313,8.366551399230957,38.176396358501336,3.19404782370815
supertype,0062 LA-BLA-BMA-PA Glut_3,83,Slc17a6,75.90361445783132,4.613257884979248,64.36515291936979,2.969330492231778
supertype,0062 LA-BLA-BMA-PA Glut_3,83,Myl4,67.46987951807229,4.680716037750244,60.00719295090811,2.8087663042568902
supertype,0062 LA-BLA-BMA-PA Glut_3,83,Tox,100.0,9.263004302978516,22.250423011844333,2.0610576410180625
supertype,0062 LA-BLA-BMA-PA Glut_3,83,Rprm,95.18072289156626,7.303635120391846,17.5687825930588,1.2831597756919317
supertype,0062 LA-BLA-BMA-PA Glut_3,83,Cux2,92.7710843373494,6.665158748626709,17.013508579773642,1.1339773555531387
supertype,0062 LA-BLA-BMA-PA Glut_3,83,Cpne6,98.79518072289156,6.861630439758301,14.179796107506945,0.9729652060083592
supertype,0062 LA-BLA-BMA-PA Glut_3,83,Prdm8,86.74698795180723,5.60260534286499,13.670064874884162,0.7658797850533703
supertype,0062 LA-BLA-BMA-PA Glut_3,83,Cntn6,96.3855421686747,7.5326714515686035,9.862631117461774,0.7429195985585646
supertype,0062 LA-BLA-BMA-PA Glut_3,83,Car4,57.831325301204814,3.01778244972229,23.2159406858202,0.7006065835546187
supertype,0062 LA-BLA-BMA-PA Glut_3,83,Id2,83.13253012048193,5.763812065124512,7.747914735866544,0.4465752443414358
supertype,0062 LA-BLA-BMA-PA Glut_3,83,Arhgef28,93.97590361445783,6.574449062347412,5.989439993476438,0.39377268149097255
supertype,0062 LA-BLA-BMA-PA Glut_3,83,Igsf21,80.72289156626506,4.791848659515381,5.284295075036994,0.25321542271799746
supertype,0363 CEA-BST Gal Avp Gaba_1,195,Rspo1,92.82051282051282,6.180861949920654,42.82051282051282,2.646676783683972
supertype,0363 CEA-BST Gal Avp Gaba_1,195,Calb2,93.84615384615384,6.947420120239258,18.461538461538453,1.2826006375826315
supertype,0363 CEA-BST Gal Avp Gaba_1,195,Igfbp5,94.87179487179486,6.558467864990234,17.2598545732874,1.1319820157331015
supertype,0363 CEA-BST Gal Avp Gaba_1,195,Nxph3,47.179487179487175,2.4967153072357178,35.05827505827506,0.8753053198327551
supertype,0363 CEA-BST Gal Avp Gaba_1,195,Parm1,100.0,8.960196495056152,6.666666666666671,0.5973464330037439
supertype,0363 CEA-BST Gal Avp Gaba_1,195,Tmem255a,98.97435897435898,7.772655487060547,5.911531749228089,0.45948299687570343
supertype,0363 CEA-BST Gal Avp Gaba_1,195,Adamts2,53.84615384615385,3.125659465789795,9.686609686609685,0.3027704325836268
supertype,0363 CEA-BST Gal Avp Gaba_1,195,Col19a1,41.53846153846154,2.345695972442627,6.598702502316961,0.15478549883031978
supertype,0363 CEA-BST Gal Avp Gaba_1,195,Gadd45a,27.17948717948718,1.39936101436615,10.256410256410255,0.14352420660165638
supertype,0363 CEA-BST Gal Avp Gaba_1,195,Opn3,23.589743589743588,1.2017308473587036,6.923076923076923,0.08319675097098717
supertype,0368 CEA-BST Six3 Cyp26b1 Gaba_2,1604,Strip2,95.01246882793018,7.354949951171875,36.76004164346416,2.7036826649067285
supertype,0368 CEA-BST Six3 Cyp26b1 Gaba_2,1604,Chodl,83.22942643391521,5.566977500915527,39.02584490705376,2.1725600055178713
supertype,0368 CEA-BST Six3 Cyp26b1 Gaba_2,1604,Pcsk5,93.76558603491272,7.120092391967773,24.491316477891047,1.74380436123507
supertype,0368 CEA-BST Six3 Cyp26b1 Gaba_2,1604,Gm19410,96.3216957605985,7.561696529388428,20.355626015075416,1.5392306659172457
supertype,0370 CEA-BST Six3 Cyp26b1 Gaba_4,1061,Sema3e,73.04429783223374,5.002071857452393,40.85056563850154,2.0433746474136028
supertype,0370 CEA-BST Six3 Cyp26b1 Gaba_4,1061,Cobll1,66.82375117813383,4.24190092086792,28.490417844800497,1.2085352969177103
supertype,0370 CEA-BST Six3 Cyp26b1 Gaba_4,1061,Tacr1,91.14043355325165,6.892332077026367,9.334150830738565,0.6433406718250173
supertype,0370 CEA-BST Six3 Cyp26b1 Gaba_4,1061,Trpc4,97.36098020735156,7.750876426696777,8.021828087650817,0.6217619822358681
supertype,0370 CEA-BST Six3 Cyp26b1 Gaba_4,1061,Eya4,57.39868049010367,4.013010501861572,14.065347156770336,0.5644438585244816
supertype,0370 CEA-BST Six3 Cyp26b1 Gaba_4,1061,Npnt,58.15268614514609,3.6124050617218018,14.90944290190285,0.5385894700628604
supertype,0370 CEA-BST Six3 Cyp26b1 Gaba_4,1061,Kdr,49.57587181903864,2.8704147338867188,9.924999001083528,0.2848886336652112
supertype,0371 CEA-BST Six3 Cyp26b1 Gaba_5,845,Kctd12,87.81065088757396,6.106456279754639,6.700925201788422,0.40918906778627034
supertype,0371 CEA-BST Six3 Cyp26b1 Gaba_5,845,Rfx4,24.497041420118343,1.3259875774383545,7.021313264778538,0.09310174166399478
supertype,0372 CEA-BST Six3 Cyp26b1 Gaba_6,351,Mdga1,55.55555555555556,3.2058188915252686,6.456456456456458,0.20698230080418406
supertype,0373 CEA-AAA-BST Six3 Sp9 Gaba_1,1696,Prox1,50.47169811320755,3.4327175617218018,19.417567059076497,0.6665502344960266
supertype,0374 CEA-AAA-BST Six3 Sp9 Gaba_2,1140,Th,32.54385964912281,1.937744379043579,20.5745200264813,0.39868160532833685
supertype,0375 CEA-AAA-BST Six3 Sp9 Gaba_3,159,Nts,78.61635220125787,6.893276691436768,16.647012578616362,1.1475246379023085
supertype,0378 CEA-AAA-BST Six3 Sp9 Gaba_6,52,Cort,65.38461538461539,4.541230201721191,62.45444082102436,2.836199928880447
supertype,0378 CEA-AAA-BST Six3 Sp9 Gaba_6,52,Ndst4,98.07692307692307,8.469175338745117,26.3788098693759,2.2340676601116467
supertype,0378 CEA-AAA-BST Six3 Sp9 Gaba_6,52,Chrm2,98.07692307692307,8.717729568481445,19.6153846153846,1.7100161845867436
supertype,0378 CEA-AAA-BST Six3 Sp9 Gaba_6,52,Zfp536,100.0,9.393451690673828,15.662650602409627,1.4712635178163815
supertype,0378 CEA-AAA-BST Six3 Sp9 Gaba_6,52,Cbln4,96.15384615384616,8.373640060424805,13.763909046927921,1.1525402018339903
supertype,0378 CEA-AAA-BST Six3 Sp9 Gaba_6,52,Kctd8,96.15384615384616,7.853792667388916,14.626984702385272,1.1487730520160329
supertype,0378 CEA-AAA-BST Six3 Sp9 Gaba_6,52,Gucy1a1,100.0,8.585342407226562,12.048192771084345,1.0343786032803093
supertype,0378 CEA-AAA-BST Six3 Sp9 Gaba_6,52,Rab3b,86.53846153846155,5.935977458953857,9.615384615384613,0.5707670633609477
supertype,0378 CEA-AAA-BST Six3 Sp9 Gaba_6,52,Syt6,96.15384615384616,7.259599685668945,7.435897435897445,0.5398163868830761
supertype,0379 CEA-AAA-BST Six3 Sp9 Gaba_7,67,Arhgap12,92.53731343283582,5.769547462463379,12.537313432835816,0.7233462490252591
supertype,0380 CEA-AAA-BST Six3 Sp9 Gaba_8,66,Foxp2,90.9090909090909,9.070784568786621,19.09305317324184,1.7318897209486455
supertype,0385 CEA-BST Ebf1 Pdyn Gaba_2,764,Ror1,61.518324607329845,4.200296878814697,14.916382859757029,0.626532363690425
supertype,0385 CEA-BST Ebf1 Pdyn Gaba_2,764,Plekha2,45.15706806282723,2.5978755950927734,23.797844761856357,0.6182384012263302
supertype,0385 CEA-BST Ebf1 Pdyn Gaba_2,764,Sema3a,97.12041884816755,8.313133239746094,5.401992347132349,0.44907482141799954
supertype,0385 CEA-BST Ebf1 Pdyn Gaba_2,764,Slc6a3,29.712041884816752,1.7735224962234497,17.090682661515782,0.303107101760143
supertype,0386 CEA-BST Ebf1 Pdyn Gaba_3,1182,Cd44,53.55329949238579,3.4199366569519043,28.755455826617595,0.9834183746881073
supertype,0386 CEA-BST Ebf1 Pdyn Gaba_3,1182,Ppp1r1b,86.80203045685279,6.274997711181641,8.932207971645695,0.5604958457787514
supertype,0386 CEA-BST Ebf1 Pdyn Gaba_3,1182,Sema6a,90.1015228426396,6.612788200378418,5.486138227254983,0.3627867013483672
supertype,0386 CEA-BST Ebf1 Pdyn Gaba_3,1182,Bhlhe40,75.38071065989847,4.817555904388428,5.837563451776646,0.2812278827434867
supertype,0387 CEA-BST Ebf1 Pdyn Gaba_4,218,Syt2,44.4954128440367,2.5260109901428223,10.26360691411756,0.25925983863566815
supertype,0387 CEA-BST Ebf1 Pdyn Gaba_4,218,Pou3f1,41.74311926605505,2.408778667449951,6.210124342197176,0.14958815037696216
supertype,0388 CEA-BST Ebf1 Pdyn Gaba_5,371,Igfbp6,53.63881401617251,3.104318141937256,10.56189093924943,0.3278746965587473
supertype,0389 CEA-BST Ebf1 Pdyn Gaba_6,483,Slit2,96.48033126293996,7.8295087814331055,5.312240094848789,0.4159223047169963
supertype,0389 CEA-BST Ebf1 Pdyn Gaba_6,483,Cbln1,33.74741200828157,2.070524215698242,5.542283803153367,0.11475432824701196
supertype,0390 CEA-BST Ebf1 Pdyn Gaba_7,65,Angpt1,56.92307692307692,3.6429903507232666,29.65034965034965,1.0801593767179476
supertype,0390 CEA-BST Ebf1 Pdyn Gaba_7,65,Rnf152,69.23076923076923,4.606023788452148,5.469301340860973,0.25191732082218876
supertype,0391 CEA-BST Ebf1 Pdyn Gaba_8,103,Hs3st2,93.20388349514563,6.685957431793213,8.846341595704288,0.5914626333598051
supertype,0391 CEA-BST Ebf1 Pdyn Gaba_8,103,Fos,64.07766990291263,4.065936088562012,14.077669902912632,0.5723890610111575
supertype,0391 CEA-BST Ebf1 Pdyn Gaba_8,103,Gfra2,92.23300970873787,6.105644702911377,5.976465206120068,0.3649017312788114
supertype,0392 CEA-BST Rai14 Pdyn Crh Gaba_1,179,Fgd5,66.4804469273743,3.896726369857788,36.4804469273743,1.4215431952609696
supertype,0392 CEA-BST Rai14 Pdyn Crh Gaba_1,179,Sntb1,68.71508379888269,4.3453521728515625,20.175969755527362,0.8767169401656822
supertype,0392 CEA-BST Rai14 Pdyn Crh Gaba_1,179,Htr1f,97.76536312849163,8.417591094970703,6.286666386636995,0.5291858699320722
supertype,0392 CEA-BST Rai14 Pdyn Crh Gaba_1,179,Myo16,94.97206703910615,6.765235424041748,5.034960120867154,0.34062690568327997
supertype,0392 CEA-BST Rai14 Pdyn Crh Gaba_1,179,Stard5,41.340782122905026,2.1618666648864746,12.499811772500717,0.2702292638832482
supertype,0393 CEA-BST Rai14 Pdyn Crh Gaba_2,40,Crh,65.0,5.421156883239746,24.834368530020704,1.3463100789743427
