animal_id,anatomy,section_id,file,export_type,modified,bytes
pilot_slide_0063814,ORBm,0063814_Region_2,orbm_right.geojson,geojson,1790703379.9072506,1317
pilot_slide_0063814,ORBm,0063814_Region_2,orbm_right_combined_stats.csv,combined_summary,1790703374.2780876,49594
pilot_slide_0063814,ORBm,0063814_Region_2,orbm_right_coordinates.csv,polygon_coordinates,1790703351.3654532,1972
pilot_slide_0063814,ORBm,0063814_Region_3,all_selections_combined_stats_orbmLeft.csv,combined_summary,1790703210.678448,99742
pilot_slide_0063814,ORBm,0063814_Region_3,annotation.geojson,geojson,1790626244.9531603,1632
pilot_slide_0063814,ORBm,0063814_Region_3,annotation_orbm_left.geojson,geojson,1790703222.3781085,3294
pilot_slide_0063814,ORBm,0063814_Region_3,annotationorbmleft.geojson,geojson,1790703269.9914172,1703
pilot_slide_0063814,ORBm,0063814_Region_3,coordinates.csv,polygon_coordinates,1790626197.5735252,2534
pilot_slide_0063814,ORBm,0063814_Region_3,orbm_left_cells_stats.csv,cell_ids,1790703256.8756027,33918
pilot_slide_0063814,ORBm,0063814_Region_3,orbm_left_coordinates.csv,polygon_coordinates,1790703263.568641,2631
pilot_slide_0063814,ORBm,0063814_Region_3,orbm_right.geojson,geojson,1790626210.2978168,1632
pilot_slide_0063814,ORBm,0063814_Region_3,orbm_right_cells_stats.csv,cell_ids,1790626240.3439424,30662
pilot_slide_0063814,ORBm,0063814_Region_3,orbm_right_combined_stats.csv,combined_summary,1790626225.198326,48383
pilot_slide_0063814,ORBm,0063814_Region_3,orbm_right_coordinates.csv,polygon_coordinates,1790626247.76476,2534
pilot_slide_0063817,BMAp,0063817_Region_1,all_selections_combined_stats.csv,combined_summary,1790703530.0678904,97543
pilot_slide_0063817,BMAp,0063817_Region_1,annotation.geojson,geojson,1790703534.6901934,2401
pilot_slide_0063817,BMAp,0063817_Region_1,BLA_left_right.csv,polygon_coordinates,1790703521.5419486,3422
pilot_slide_0063817,BMAp,0063817_Region_1,bmap_left_1.geojson,geojson,1790625550.0774333,461
pilot_slide_0063817,BMAp,0063817_Region_1,bmap_left_cells_stats.csv,cell_ids,1790625572.5952334,37881
pilot_slide_0063817,BMAp,0063817_Region_1,bmap_left_coordinates.csv,polygon_coordinates,1790625538.1493685,423
pilot_slide_0063817,BMAp,0063817_Region_1,bmap_right_cells_stats.csv,cell_ids,1790625605.8212993,35363
pilot_slide_0063817,BMAp,0063817_Region_1,coordinates.csv,polygon_coordinates,1790703662.8421059,6240
pilot_slide_0063817,BMAp,0063817_Region_1,right_orbm_coordinates.csv,polygon_coordinates,1790625138.7212715,433
pilot_slide_0063817,BMAp,0063817_Region_1,rightOrbm_image1.geojson,geojson,1790625131.2581398,470
pilot_slide_0063817,BMAp,0063817_Region_2,all_selections_combined_stats.csv,combined_summary,1790703685.6606348,207795
pilot_slide_0063817,BMAp,0063817_Region_2,annotation.geojson,geojson,1790703695.1393838,4333
pilot_slide_0063817,BMAp,0063817_Region_2,coordinates.csv,polygon_coordinates,1790703691.0246341,6240
