roi_name,label,anatomy,module,n_cells,percent
orbm_0063814_r2_right,ORBm r2 right,ORBm,L2_3,308,33.153928955866526
orbm_0063814_r2_right,ORBm r2 right,ORBm,unassigned,222,23.896663078579117
orbm_0063814_r2_right,ORBm r2 right,ORBm,gabaergic,91,9.795479009687837
orbm_0063814_r2_right,ORBm r2 right,ORBm,endothelial,66,7.104413347685684
orbm_0063814_r2_right,ORBm r2 right,ORBm,L5,58,6.243272335844995
orbm_0063814_r2_right,ORBm r2 right,ORBm,astrocyte,56,6.027987082884822
orbm_0063814_r2_right,ORBm r2 right,ORBm,microglia,44,4.736275565123789
orbm_0063814_r2_right,ORBm r2 right,ORBm,OPC,30,3.2292787944025836
orbm_0063814_r2_right,ORBm r2 right,ORBm,oligo,19,2.045209903121636
orbm_0063814_r2_right,ORBm r2 right,ORBm,VLMC,16,1.7222820236813778
orbm_0063814_r2_right,ORBm r2 right,ORBm,L4,11,1.1840688912809472
orbm_0063814_r2_right,ORBm r2 right,ORBm,L6,7,0.7534983853606028
orbm_0063814_r2_right,ORBm r2 right,ORBm,L6b,1,0.10764262648008611
orbm_0063814_r3_right,ORBm r3 right,ORBm,L2_3,314,34.354485776805255
orbm_0063814_r3_right,ORBm r3 right,ORBm,unassigned,225,24.61706783369803
orbm_0063814_r3_right,ORBm r3 right,ORBm,L5,90,9.846827133479213
orbm_0063814_r3_right,ORBm r3 right,ORBm,gabaergic,79,8.643326039387308
orbm_0063814_r3_right,ORBm r3 right,ORBm,endothelial,59,6.455142231947484
orbm_0063814_r3_right,ORBm r3 right,ORBm,L4,40,4.3763676148796495
orbm_0063814_r3_right,ORBm r3 right,ORBm,microglia,37,4.048140043763676
orbm_0063814_r3_right,ORBm r3 right,ORBm,OPC,26,2.8446389496717726
orbm_0063814_r3_right,ORBm r3 right,ORBm,oligo,22,2.4070021881838075
orbm_0063814_r3_right,ORBm r3 right,ORBm,astrocyte,16,1.75054704595186
orbm_0063814_r3_right,ORBm r3 right,ORBm,VLMC,3,0.3282275711159737
orbm_0063814_r3_right,ORBm r3 right,ORBm,L6,2,0.2188183807439825
orbm_0063814_r3_right,ORBm r3 right,ORBm,L6b,1,0.10940919037199125
orbm_0063814_r3_left,ORBm r3 left,ORBm,L2_3,369,36.42645607107601
orbm_0063814_r3_left,ORBm r3 left,ORBm,unassigned,241,23.790720631786773
orbm_0063814_r3_left,ORBm r3 left,ORBm,gabaergic,73,7.206317867719645
orbm_0063814_r3_left,ORBm r3 left,ORBm,endothelial,68,6.712734452122409
orbm_0063814_r3_left,ORBm r3 left,ORBm,microglia,57,5.62685093780849
orbm_0063814_r3_left,ORBm r3 left,ORBm,astrocyte,54,5.330700888450148
orbm_0063814_r3_left,ORBm r3 left,ORBm,L5,46,4.54096742349457
orbm_0063814_r3_left,ORBm r3 left,ORBm,OPC,43,4.244817374136229
orbm_0063814_r3_left,ORBm r3 left,ORBm,L4,26,2.566633761105627
orbm_0063814_r3_left,ORBm r3 left,ORBm,VLMC,21,2.073050345508391
orbm_0063814_r3_left,ORBm r3 left,ORBm,oligo,13,1.2833168805528135
orbm_0063814_r3_left,ORBm r3 left,ORBm,L6,2,0.19743336623889438
bmap_0063817_r1_left,BMAp r1 left,BMAp,gabaergic,316,29.340761374187558
bmap_0063817_r1_left,BMAp r1 left,BMAp,unassigned,273,25.348189415041784
bmap_0063817_r1_left,BMAp r1 left,BMAp,glutamatergic,204,18.941504178272982
bmap_0063817_r1_left,BMAp r1 left,BMAp,oligo,69,6.406685236768802
bmap_0063817_r1_left,BMAp r1 left,BMAp,OPC,53,4.921077065923862
bmap_0063817_r1_left,BMAp r1 left,BMAp,endothelial,50,4.642525533890437
bmap_0063817_r1_left,BMAp r1 left,BMAp,microglia,39,3.6211699164345403
bmap_0063817_r1_left,BMAp r1 left,BMAp,astrocyte,38,3.5283194057567315
bmap_0063817_r1_left,BMAp r1 left,BMAp,striatal_like,29,2.692664809656453
bmap_0063817_r1_left,BMAp r1 left,BMAp,VLMC,6,0.5571030640668524
bmap_0063817_r1_right,BMAp r1 right,BMAp,unassigned,332,33.2
bmap_0063817_r1_right,BMAp r1 right,BMAp,glutamatergic,269,26.9
bmap_0063817_r1_right,BMAp r1 right,BMAp,gabaergic,120,12.0
bmap_0063817_r1_right,BMAp r1 right,BMAp,striatal_like,72,7.2
bmap_0063817_r1_right,BMAp r1 right,BMAp,endothelial,52,5.2
bmap_0063817_r1_right,BMAp r1 right,BMAp,microglia,42,4.2
bmap_0063817_r1_right,BMAp r1 right,BMAp,oligo,39,3.9
bmap_0063817_r1_right,BMAp r1 right,BMAp,OPC,38,3.8
bmap_0063817_r1_right,BMAp r1 right,BMAp,astrocyte,33,3.3
bmap_0063817_r1_right,BMAp r1 right,BMAp,VLMC,3,0.3
