animal_id,condition,anatomy,cell_class,n_cells,fraction,percent
pilot_slide_0063814,unspecified,ORBm,Astro,76,0.02661064425770308,2.661064425770308
pilot_slide_0063814,unspecified,ORBm,Immune,43,0.015056022408963586,1.5056022408963585
pilot_slide_0063814,unspecified,ORBm,L2_3,677,0.23704481792717086,23.704481792717086
pilot_slide_0063814,unspecified,ORBm,L2_3_IT,231,0.08088235294117647,8.088235294117647
pilot_slide_0063814,unspecified,ORBm,L4,37,0.012955182072829132,1.2955182072829132
pilot_slide_0063814,unspecified,ORBm,L4_5_IT,327,0.11449579831932773,11.449579831932773
pilot_slide_0063814,unspecified,ORBm,L5,104,0.036414565826330535,3.6414565826330536
pilot_slide_0063814,unspecified,ORBm,L5_ET,1,0.00035014005602240897,0.0350140056022409
pilot_slide_0063814,unspecified,ORBm,L5_NP,3,0.0010504201680672268,0.10504201680672269
pilot_slide_0063814,unspecified,ORBm,L6,9,0.0031512605042016808,0.31512605042016806
pilot_slide_0063814,unspecified,ORBm,L6_CT,2,0.0007002801120448179,0.0700280112044818
pilot_slide_0063814,unspecified,ORBm,L6_IT,3,0.0010504201680672268,0.10504201680672269
pilot_slide_0063814,unspecified,ORBm,L6b,1,0.00035014005602240897,0.0350140056022409
pilot_slide_0063814,unspecified,ORBm,Lamp5,12,0.004201680672268907,0.42016806722689076
pilot_slide_0063814,unspecified,ORBm,OPC,95,0.03326330532212885,3.3263305322128853
pilot_slide_0063814,unspecified,ORBm,Oligo,13,0.004551820728291317,0.4551820728291317
pilot_slide_0063814,unspecified,ORBm,Pvalb,23,0.008053221288515405,0.8053221288515405
pilot_slide_0063814,unspecified,ORBm,Sst,20,0.0070028011204481795,0.700280112044818
pilot_slide_0063814,unspecified,ORBm,VLMC,37,0.012955182072829132,1.2955182072829132
pilot_slide_0063814,unspecified,ORBm,Vascular,104,0.036414565826330535,3.6414565826330536
pilot_slide_0063814,unspecified,ORBm,Vip,19,0.00665266106442577,0.665266106442577
pilot_slide_0063814,unspecified,ORBm,astrocyte,110,0.03851540616246499,3.8515406162464987
pilot_slide_0063814,unspecified,ORBm,endothelial,134,0.0469187675070028,4.69187675070028
pilot_slide_0063814,unspecified,ORBm,gabaergic,164,0.05742296918767507,5.742296918767507
pilot_slide_0063814,unspecified,ORBm,microglia,101,0.035364145658263305,3.5364145658263304
pilot_slide_0063814,unspecified,ORBm,oligo,32,0.011204481792717087,1.1204481792717087
pilot_slide_0063814,unspecified,ORBm,other,2,0.0007002801120448179,0.0700280112044818
pilot_slide_0063814,unspecified,ORBm,other_Gaba,9,0.0031512605042016808,0.31512605042016806
pilot_slide_0063814,unspecified,ORBm,other_Glut,4,0.0014005602240896359,0.1400560224089636
pilot_slide_0063814,unspecified,ORBm,unassigned,463,0.16211484593837536,16.211484593837536
pilot_slide_0063817,unspecified,BMAp,Astro,111,0.053442465093885415,5.344246509388541
pilot_slide_0063817,unspecified,BMAp,BMA_Ccdc42,13,0.006259027443428021,0.6259027443428021
pilot_slide_0063817,unspecified,BMAp,CEA_Ebf1,15,0.007221954742416947,0.7221954742416947
pilot_slide_0063817,unspecified,BMAp,Immune,42,0.020221473278767454,2.0221473278767452
pilot_slide_0063817,unspecified,BMAp,L2_3_IT,7,0.003370245546461242,0.33702455464612424
pilot_slide_0063817,unspecified,BMAp,Lamp5,12,0.005777563793933558,0.5777563793933558
pilot_slide_0063817,unspecified,BMAp,MEA_GABA,3,0.0014443909484833895,0.14443909484833894
pilot_slide_0063817,unspecified,BMAp,MEA_Otp_Foxp2,9,0.004333172845450169,0.4333172845450169
pilot_slide_0063817,unspecified,BMAp,MEA_Otp_Zic2,23,0.011073663938372653,1.1073663938372653
pilot_slide_0063817,unspecified,BMAp,MEA_Slc17a7,44,0.02118440057775638,2.118440057775638
pilot_slide_0063817,unspecified,BMAp,OPC,83,0.03996148290804044,3.996148290804044
pilot_slide_0063817,unspecified,BMAp,Oligo,79,0.03803562831006259,3.803562831006259
pilot_slide_0063817,unspecified,BMAp,Pvalb,6,0.002888781896966779,0.2888781896966779
pilot_slide_0063817,unspecified,BMAp,Sst,4,0.0019258545979778526,0.19258545979778527
pilot_slide_0063817,unspecified,BMAp,VLMC,3,0.0014443909484833895,0.14443909484833894
pilot_slide_0063817,unspecified,BMAp,Vascular,144,0.0693307655272027,6.93307655272027
pilot_slide_0063817,unspecified,BMAp,Vip,9,0.004333172845450169,0.4333172845450169
pilot_slide_0063817,unspecified,BMAp,astrocyte,33,0.015888300433317286,1.5888300433317286
pilot_slide_0063817,unspecified,BMAp,endothelial,52,0.025036109773712085,2.5036109773712085
pilot_slide_0063817,unspecified,BMAp,gabaergic,120,0.05777563793933558,5.777563793933558
pilot_slide_0063817,unspecified,BMAp,glutamatergic,269,0.1295137217140106,12.95137217140106
pilot_slide_0063817,unspecified,BMAp,microglia,42,0.020221473278767454,2.0221473278767452
pilot_slide_0063817,unspecified,BMAp,oligo,39,0.018777082330284064,1.8777082330284065
pilot_slide_0063817,unspecified,BMAp,other,7,0.003370245546461242,0.33702455464612424
pilot_slide_0063817,unspecified,BMAp,other_Gaba,266,0.1280693307655272,12.80693307655272
pilot_slide_0063817,unspecified,BMAp,other_Glut,238,0.11458834857968224,11.458834857968224
pilot_slide_0063817,unspecified,BMAp,striatal_like,72,0.03466538276360135,3.466538276360135
pilot_slide_0063817,unspecified,BMAp,unassigned,332,0.15984593163216176,15.984593163216177
