anchor,2010300C02Rik,Abca8a,Ackr3,Acsbg1,Acsl4,Acta2,Acvrl1,Adamts2,Adamtsl1,Adcyap1r1,Adgrl4,Adra1a,Adra1b,Ahctf1,Aldh1a2,Angpt1,Ano1,Aqp4,Arc,Arhgap12,Arhgap25,Arhgap6,Arhgef28,Arid5b,Baiap3,Banp,Bcl11b,Bdnf,Bhlhe22,Bhlhe40,Btbd11,C1ql1,C1ql2,Cabp7,Cacna2d2,Calb1,Calb2,Calcrl,Camk2a,Camk2g,Car4,Carmn,Cartpt,Cbln1,Cbln2,Cbln4,Ccdc42,Cck,Cckbr,Ccn2,Cd24a,Cd300c2,Cd44,Cd53,Cd68,Cd93,Cdh13,Cdh20,Cdh4,Cdh6,Cdh9,Chat,Chd2,Chodl,Chrd,Chrm1,Chrm2,Chrm3,Cldn5,Clmn,Cnih3,Cnr1,Cntn6,Cntnap4,Cntnap5b,Cobll1,Coch,Col19a1,Col1a1,Col23a1,Col6a1,Cort,Cplx3,Cpne4,Cpne6,Cpne8,Crem,Crh,Crhr1,Cspg4,Ctxn3,Cux2,Cwh43,Cx3cr1,Cyp1b1,Dcn,Deptor,Dkk3,Dlg4,Dlx1,Dnah5,Dner,Dpy19l1,Dpyd,Drd1,Drd2,Dusp1,Dusp4,Dusp5,E2f6,Ebf1,Ebf3,Egr1,Egr3,Egr4,Emcn,Emx1,Ep300,Epha4,Etv1,Etv5,Eya4,Fezf1,Fezf2,Fgd5,Fhl2,Fhod3,Fibcd1,Fign,Fmod,Fn1,Fos,Fosb,Fosl2,Foxp1,Foxp2,Fxr1,Gabbr1,Gabbr2,Gabpa,Gabre,Gad1,Gad2,Gadd45a,Galnt14,Galr1,Garnl3,Gfap,Gfra1,Gfra2,Gjb2,Gjc3,Gli3,Glipr1,Gm19410,Gm2115,Gng12,Gpr101,Gpr12,Gpr17,Gpr22,Gpr26,Gpr3,Gpr63,Gpr68,Gpr88,Gria1,Gria2,Grik3,Grin1,Grin2a,Grin2b,Grm1,Grm5,Grm8,Gsg1l,Gucy1a1,Hapln1,Hat1,Hcrtr1,Hcrtr2,Hivep1,Homer1,Hpcal1,Hrh1,Hrh3,Hs3st2,Hsd17b12,Hsf5,Hspa5,Htr1a,Htr1b,Htr1f,Htr2a,Htr2c,Htr6,Hunk,Id2,Igf1,Igf2,Igfbp4,Igfbp5,Igfbp6,Igsf21,Ikzf1,Inpp4b,Isl1,Junb,Kcnh5,Kcnmb2,Kctd12,Kctd8,Kdr,Kitl,Klf10,Krt9,Lamb3,Lamp5,Laptm5,Lhx6,Lratd2,Ly6a,Lypd6,Lyz2,Maf,Maml3,Mapk4,Mas1,Matn2,Mbnl2,Mbp,Mc4r,Mchr1,Mdga1,Mecom,Meis2,Mgp,Mpped1,Myl4,Myo16,Ndnf,Ndst3,Ndst4,Necab1,Necab2,Nell1,Neto2,Neurod2,Neurod6,Nfib,Nos1,Nostrin,Npas4,Npnt,Npr3,Nptx2,Npy,Npy1r,Npy2r,Nr2e1,Nr2f2,Nr4a1,Nr4a2,Nr4a3,Nrep,Nrn1,Nrp2,Ntrk2,Nts,Ntsr1,Ntsr2,Nwd2,Nxph3,Nxph4,Omg,Opalin,Opn3,Oprd1,Oprk1,Oprl1,Oprm1,Orai2,Otof,Otp,Oxtr,Paqr5,Parm1,Pcsk1,Pcsk5,Pde11a,Pde7b,Pdgfra,Pdyn,Pdzd2,Pdzrn3,Pecam1,Penk,Per1,Per2,Pglyrp1,Pip5k1b,Pkib,Plch1,Plcxd2,Plcxd3,Pld5,Plekha2,Pln,Pnoc,Pou3f1,Ppp1r1b,Prdm8,Prox1,Prph,Prr16,Prss35,Pthlh,Ptpru,Pvalb,Rab3b,Rai14,Rasa4,Rasgrf2,Rasl10a,Rbfox3,Rbms3,Rbp4,Rfx4,Rgs4,Rgs9,Rims3,Rmst,Rnf152,Ror1,Rorb,Rprm,Rspo1,Rspo2,Rxfp1,S1pr3,Satb2,Scn5a,Sdk2,Sema3a,Sema3d,Sema3e,Sema5a,Sema5b,Sema6a,Sfrp1,Shisa6,Siglech,Sim1,Sipa1l3,Skor1,Sla,Slc13a4,Slc17a6,Slc17a7,Slc29a4,Slc32a1,Slc39a12,Slc44a5,Slc6a3,Slfn5,Slit2,Smad5,Snap25,Sncg,Sntb1,Sorcs3,Sox10,Sox11,Sox12,Sox17,Sox5,Sox6,Sox8,Sp8,Sp9,Spag16,Spi1,Spp1,Sst,Sstr2,Sstr4,Stard5,Stk40,Strip2,Syndig1,Syndig1l,Synpr,Syt17,Syt2,Syt6,Tac1,Tac2,Tacr1,Tacr3,Tanc1,Tbr1,Tcf7l2,Th,Thsd7a,Thsd7b,Tiparp,Tle4,Tmem132d,Tmem163,Tmem255a,Tox,Trbc2,Trem2,Trh,Trhr,Trp73,Trpc4,Tshz2,Tspan18,Unc13c,Upk1b,Vat1l,Vdr,Vip,Vipr2,Vps13a,Vwc2l,Wfs1,Zbtb25,Zbtb40,Zdbf2,Zfp366,Zfp46,Zfp536,Zfp580,Zfp641,Zfp933,Zfpm2,Zhx2,Zic1,Zic2,Zkscan16,Zkscan2,Adcyap1,Adra2a,Adrb1,Adrb2,Arhgap32,Arntl,Bhlhe41,Btg2,Camk2b,Ccbe1,Cdh8,Clock,Creb1,Cry1,Cry2,Csf1r,Dbp,Ddc,Ddx3y,Egr2,Eif2s3y,Esr1,Gphn,Gpr158,Gria3,Gria4,Grin3a,Grm2,Grm3,Grm7,Hexb,Ier2,Jun,Jund,Kdm5d,Lhx9,Lrrtm2,Nlgn1,Npas2,Nr1d1,Nr1d2,Nrxn1,Nrxn3,Ntrk3,P2ry12,Pak1,Pcdh8,Pdgfrb,Per3,Rgs2,Rgs5,Scg2,Sgk1,Shank3,Sik1,Slc1a2,Slc30a3,Slc5a7,Slc6a1,Smoc2,St8sia2,Sulf1,Syn1,Syngap1,Syp,Syt1,Uty,Vgf,Vtn,Xist,Zbtb20,Adamts17,Arhgap15,Arhgap31,Crispld1,Crispld2,Dio3,Dipk2a,Elfn1,Fbn2,Glra3,Gm10754,Gpr149,Gpx3,Hhip,Hpse,Hs3st1,Lin7a,Luzp2,Lypd1,Maml2,Marcks,Masp1,Meis1,Minar1,Mybpc1,Myo1b,Nbl1,Nckap5,Neto1,Pde1b,Pde1c,Piezo2,Plce1,Plcl1,Plpp4,Pvt1,Rprml,Rspo3,Spon1,Stac,Tafa1,Trhde,Trpc3,Trpm3,Vegfc,Zfp804b,Arid3b,Bbx,Bcl6,Clk1,Dmc1,Dusp22,Hes1,Hnrnpll,Irf9,Kdm7a,Nuak1,Odc1,Osgin2,Pparg,Prox2,Rapgef2,Rbm3,Rel,Zdhhc5,Zfp286,Zfp414,Zfp867,Zfp938,Zfp941,Zmiz1,Tnnc1,Adam19,Man2a1,Chn2,Colq,Ldlrad3,Ankfn1,Blnk,Frem3
007 L2/3 IT CTX Glut,93.86,0.64,11.34,1.13,73.79,0.16,0.37,12.87,20.0,56.23,0.55,33.06,12.18,62.26,0.03,36.97,0.14,1.14,51.32,13.92,3.42,30.71,66.17,88.71,1.92,77.02,48.35,62.09,73.36,77.43,11.56,0.48,0.23,1.43,5.82,94.67,1.18,1.18,99.99,83.37,53.66,0.17,0.81,0.95,56.12,20.67,0.53,99.68,73.36,0.87,5.01,0.28,0.96,0.73,3.42,0.18,84.79,45.77,74.59,54.41,68.29,0.07,75.77,0.11,28.21,92.02,23.91,97.89,0.78,38.78,43.65,83.4,52.73,15.2,57.56,1.96,24.75,55.82,0.15,13.98,37.92,2.22,2.9,82.62,81.52,57.74,44.04,4.34,36.9,0.91,11.2,94.73,9.89,9.3,0.69,0.67,15.27,92.46,97.89,2.01,17.74,40.91,54.96,55.9,5.09,0.56,31.66,9.45,18.49,41.97,0.78,0.02,77.51,88.56,43.75,1.61,30.03,62.49,99.12,30.88,68.72,1.2,0.02,2.85,0.77,70.92,75.19,5.6,7.23,0.19,0.61,31.33,24.22,30.26,95.86,4.68,65.29,99.27,99.65,23.69,0.23,13.17,11.41,14.45,16.5,0.14,56.95,0.38,10.67,21.48,0.02,0.63,1.34,2.58,48.17,4.83,28.39,1.23,19.84,0.89,90.69,69.64,6.83,0.55,35.29,65.2,99.58,99.99,12.13,98.96,99.72,100.0,93.98,99.98,43.29,92.28,90.26,1.42,15.47,1.0,0.73,59.18,97.73,46.34,46.74,28.73,35.69,49.02,12.32,80.13,15.32,28.56,18.45,45.41,19.48,3.45,12.71,83.9,1.91,0.06,28.05,49.66,84.67,71.3,0.08,43.42,0.02,64.76,41.04,7.13,57.05,20.41,0.88,79.19,51.74,10.76,3.84,85.5,1.04,1.21,2.15,0.39,4.25,0.18,12.92,62.17,90.86,24.82,68.44,99.41,65.51,4.32,20.14,46.59,0.64,99.03,11.59,94.75,10.36,58.36,1.27,86.08,3.65,82.76,46.54,13.12,77.4,84.89,71.33,92.73,48.69,2.56,19.56,21.72,17.08,41.56,15.68,64.27,14.76,0.28,3.44,58.33,16.75,33.13,32.83,92.02,74.6,98.27,0.06,15.95,5.32,96.69,6.54,0.47,48.61,1.43,2.27,25.1,0.71,31.89,34.67,55.81,46.51,0.08,15.88,0.78,12.57,41.26,59.1,5.24,69.22,0.72,28.93,78.64,79.83,2.77,28.3,51.87,57.7,3.33,67.57,48.96,25.57,27.92,7.79,7.2,21.3,0.67,1.14,41.05,32.25,41.11,0.98,0.42,86.14,2.51,0.32,27.67,1.45,21.56,3.72,1.06,96.21,95.58,99.37,33.17,7.48,5.06,86.26,20.18,55.69,7.62,3.91,1.04,19.2,11.52,5.36,58.46,3.82,9.91,94.53,1.73,52.07,59.33,6.16,7.22,6.46,24.59,51.69,3.19,14.85,0.33,0.07,57.36,0.17,3.1,0.47,15.32,99.68,19.75,2.51,10.55,37.13,0.17,0.79,62.53,21.19,100.0,0.2,0.67,89.81,0.98,69.28,30.08,0.12,59.92,3.09,50.14,0.23,0.44,4.83,0.11,0.11,20.39,6.75,0.43,0.5,44.74,49.28,68.79,0.78,81.85,91.95,1.93,3.15,1.97,1.42,5.25,1.5,7.46,63.64,0.87,0.08,10.4,8.93,23.93,26.53,80.18,5.21,22.82,54.46,11.84,2.92,0.25,11.12,2.32,27.86,11.88,1.29,12.66,0.41,48.88,3.51,10.53,0.26,93.07,38.5,72.98,24.29,22.53,47.03,0.27,37.37,14.06,42.46,26.14,56.68,45.86,34.86,2.56,0.05,30.86,21.39,31.32,13.21,68.89,0.91,98.79,73.6,47.02,46.17,99.3,74.54,84.4,88.85,68.52,27.99,81.63,1.48,40.53,0.2,40.51,24.08,36.04,17.78,97.78,98.13,99.81,99.22,46.45,47.27,77.54,99.98,13.39,14.4,45.43,93.72,23.14,0.08,56.18,100.0,86.18,37.61,54.58,100.0,99.99,99.86,19.46,96.82,45.43,0.7,62.08,65.14,1.09,64.57,64.31,61.35,8.93,94.46,77.96,0.18,11.04,82.61,22.17,16.26,98.85,66.31,99.72,100.0,35.55,65.93,0.39,43.0,20.58,54.08,50.91,59.07,30.14,0.29,14.11,54.49,16.69,9.54,64.1,36.95,2.16,21.12,0.86,0.34,15.24,86.19,50.52,50.74,30.09,98.39,2.56,0.45,2.55,0.26,35.12,58.25,31.18,90.98,62.93,10.33,2.81,9.13,84.67,4.74,52.42,88.1,34.94,40.35,5.9,96.98,38.61,9.96,55.02,26.87,54.94,20.24,51.79,25.45,67.73,11.28,53.28,20.26,60.41,11.47,86.7,78.45,55.14,20.23,55.87,3.66,97.7,63.36,12.45,40.55,37.17,36.96,8.47,38.32,52.82,85.12,18.57030104859623,36.46408839779006,60.39012289998873,36.024354493178485,1.770210846769647,36.92637275904837,14.623971135415491,8.29856804600293,0.29315593640771226
006 L4/5 IT CTX Glut,89.63,0.47,12.9,1.17,79.66,0.14,2.52,1.21,34.55,42.86,0.52,24.17,37.56,55.37,0.06,5.38,0.24,0.7,83.63,23.22,7.21,4.2,45.67,82.28,1.31,70.0,15.43,71.12,58.3,75.5,2.73,0.22,0.06,1.02,9.77,51.95,2.01,1.63,99.95,90.6,47.68,0.59,9.86,6.11,50.37,31.13,1.07,99.77,68.97,0.9,4.9,0.3,16.05,0.8,2.59,0.47,57.84,47.89,41.79,60.06,13.72,0.05,79.83,0.14,30.51,91.06,35.41,75.11,0.64,24.94,94.22,86.27,75.66,40.78,75.45,0.81,56.74,59.26,0.24,5.19,6.44,3.2,2.77,95.94,55.7,70.94,58.56,1.85,65.55,1.24,7.02,66.97,3.62,8.89,0.54,0.18,54.74,92.37,96.94,1.91,28.81,56.27,82.86,34.82,4.55,0.25,54.48,6.12,33.18,41.1,1.88,0.06,98.04,96.51,60.1,2.1,34.27,60.59,99.48,47.9,80.77,2.84,0.12,33.44,1.52,74.08,96.78,1.25,19.53,0.06,0.83,62.35,33.39,43.02,99.76,9.56,65.57,99.67,99.43,22.82,0.08,13.48,12.58,18.44,40.31,0.23,88.42,0.24,14.0,86.16,0.06,0.48,1.02,3.19,32.36,6.08,30.17,0.09,14.61,0.58,84.24,85.77,16.28,0.73,31.32,51.59,98.47,99.99,39.24,98.9,99.8,100.0,59.66,99.95,67.33,54.23,52.44,1.47,18.42,1.38,0.93,78.98,99.56,45.07,48.9,81.1,73.71,62.03,12.75,82.45,25.73,22.34,59.46,68.63,31.14,3.43,41.72,74.23,2.2,0.07,9.5,54.91,55.03,42.74,0.1,18.36,0.03,72.77,82.51,9.12,30.92,5.8,0.2,54.7,74.07,2.89,6.54,65.47,0.53,1.33,1.41,0.42,7.27,0.35,19.69,65.96,87.46,14.71,26.35,98.55,67.93,0.43,10.25,7.86,0.6,69.08,0.97,93.09,36.47,81.51,0.77,80.0,1.09,71.37,8.32,70.05,33.16,91.5,95.62,79.26,21.95,1.45,34.19,20.93,2.08,44.82,17.59,64.63,1.15,0.21,9.33,86.02,16.61,36.76,58.76,99.67,46.71,99.9,0.67,5.31,7.02,92.85,12.1,0.99,59.38,0.37,33.39,17.93,1.83,35.44,50.8,51.31,3.89,0.04,2.11,0.76,31.18,66.7,70.72,3.29,66.21,0.62,2.96,73.35,94.95,1.48,3.26,63.17,60.9,3.13,57.01,67.83,12.46,81.97,22.58,37.22,3.82,0.59,1.34,28.63,32.03,58.94,0.96,3.79,94.59,2.54,0.94,11.67,1.44,12.22,17.91,13.5,60.9,39.9,98.6,27.97,24.7,1.75,99.27,10.92,86.66,79.71,12.36,1.63,96.38,30.84,30.39,46.83,7.44,24.32,97.77,0.37,44.57,60.29,15.59,29.15,8.52,9.05,44.83,11.68,23.18,0.27,0.11,44.71,0.09,1.64,0.17,26.74,99.87,3.41,2.61,1.0,25.45,0.07,0.83,88.61,19.1,100.0,0.2,0.57,85.73,0.95,45.68,26.01,0.16,49.65,2.85,20.51,0.28,0.45,2.38,0.12,0.08,21.92,24.31,0.43,1.63,59.48,8.3,89.37,0.82,76.07,69.56,1.58,3.76,2.36,2.79,2.67,2.77,17.19,77.4,0.72,0.09,71.26,17.62,30.11,37.47,91.32,13.83,7.85,86.83,49.17,2.01,0.18,8.78,0.88,30.13,44.12,0.35,7.78,0.17,41.81,1.71,10.99,0.17,93.54,21.45,34.52,21.17,25.54,51.86,0.26,40.98,9.67,39.32,28.1,53.0,46.57,24.38,2.88,0.08,22.56,19.52,65.42,6.83,76.23,0.72,99.19,78.25,33.44,26.55,98.9,17.04,86.58,91.29,72.27,25.46,89.29,1.56,41.62,0.2,41.86,25.66,33.03,7.44,96.74,99.7,93.27,99.72,37.18,70.62,97.89,99.97,18.55,32.1,44.13,95.48,20.26,2.71,72.91,99.99,90.45,53.07,64.78,100.0,99.99,90.22,12.83,99.19,7.5,1.51,56.71,56.08,3.87,64.12,54.04,63.76,12.47,99.82,84.67,0.28,11.96,47.78,21.6,4.4,99.58,62.91,99.94,100.0,33.33,80.78,0.4,44.98,24.41,51.81,69.88,24.03,14.81,0.83,5.0,41.39,14.61,19.33,29.73,3.37,7.75,21.57,1.87,0.6,30.03,92.31,23.01,19.18,18.36,98.37,12.12,0.33,0.81,0.34,56.25,47.73,17.7,82.33,67.4,19.02,1.49,1.2,86.28,3.34,39.94,95.39,42.71,35.69,2.0,95.46,79.88,51.79,55.06,7.41,63.06,19.21,40.16,13.34,65.73,10.09,50.3,39.68,72.34,11.52,87.33,95.22,57.87,21.27,56.66,3.0,95.61,66.65,18.97,47.27,37.25,32.87,9.82,46.16,54.97,82.33,53.490672696438665,38.545788581119275,55.610514414923685,72.32899943470888,6.9460146975692485,52.52261164499718,29.90390050876201,17.62295081967213,0.4239683436970039
005 L5 IT CTX Glut,88.35,1.61,21.05,1.58,81.49,0.25,1.18,4.05,14.89,59.04,0.7,58.43,43.47,59.47,0.11,25.41,0.27,1.06,79.57,18.71,17.15,6.63,46.91,78.73,2.47,71.49,32.93,84.16,27.22,57.37,4.37,0.38,0.0,4.21,8.49,28.94,1.72,0.81,99.89,91.11,20.37,0.61,4.32,19.1,76.58,57.91,1.13,99.98,54.4,1.45,17.47,0.25,5.0,1.15,2.33,0.27,58.81,50.89,30.89,26.97,59.38,0.09,79.97,0.11,23.15,90.97,67.62,90.72,0.86,26.48,88.12,72.37,77.66,58.72,39.96,0.86,28.11,58.52,0.2,10.3,32.04,2.92,3.51,87.01,47.27,40.76,64.11,2.92,56.91,2.24,3.35,10.79,16.75,10.32,0.16,1.67,45.17,98.33,98.03,2.06,12.83,49.9,88.03,23.42,22.4,5.25,53.29,4.48,36.86,49.31,1.29,0.05,94.8,95.34,50.53,0.97,24.33,62.75,97.99,30.8,90.0,1.47,0.11,16.52,1.2,80.4,95.11,1.61,26.3,0.05,0.52,56.64,27.97,48.99,99.91,8.76,68.11,99.59,99.91,24.49,0.38,14.66,13.15,46.55,70.9,0.16,84.75,0.41,26.09,93.48,0.02,0.54,0.95,7.63,17.61,11.54,57.98,0.16,11.04,0.59,82.42,78.23,16.84,1.22,35.23,13.51,99.12,99.98,80.38,98.55,99.89,100.0,62.93,99.82,94.95,48.22,64.13,1.63,19.96,1.83,9.48,86.17,99.05,44.49,60.38,73.48,94.25,61.48,11.93,85.63,28.29,36.8,64.74,78.62,5.07,3.21,28.6,90.54,4.5,0.07,37.54,39.42,80.06,71.8,0.14,12.06,0.02,67.55,28.17,17.13,27.83,5.77,0.11,30.19,75.9,3.78,2.47,42.25,0.57,1.54,2.99,0.43,31.75,0.18,36.03,81.19,86.76,20.41,23.31,98.14,84.86,0.59,15.21,10.7,0.59,56.75,2.26,97.37,50.01,50.74,0.84,55.15,1.79,47.66,6.49,57.0,64.09,92.89,96.9,88.01,15.64,2.38,31.27,11.22,9.41,47.0,17.97,64.02,8.98,0.16,2.24,81.38,42.0,62.1,59.99,99.25,36.82,99.75,0.07,22.31,8.53,84.16,20.25,0.97,60.99,0.43,25.25,23.85,7.04,32.97,42.34,58.9,1.97,0.02,2.85,0.38,39.1,66.76,66.12,2.53,65.94,0.57,2.83,61.85,71.96,1.52,7.58,57.77,50.33,2.94,60.69,36.03,14.51,78.0,67.14,63.86,13.85,0.7,1.04,22.79,22.02,36.68,1.18,2.1,60.67,3.01,0.34,34.15,1.49,21.23,41.14,7.74,37.16,83.39,99.05,33.08,29.17,1.4,96.99,29.28,84.54,76.01,13.03,9.73,81.76,20.95,12.83,65.81,29.94,20.53,98.85,0.18,61.71,50.1,34.89,67.46,30.37,27.54,9.23,3.76,32.74,0.18,0.25,48.59,0.07,1.58,0.25,3.48,99.98,4.44,2.76,1.4,29.21,0.02,0.7,76.96,11.61,100.0,0.14,0.59,98.19,0.79,41.62,27.47,0.27,93.44,3.46,24.21,0.27,0.36,3.01,0.23,0.09,20.84,54.76,0.61,1.24,58.34,10.91,87.49,0.86,33.17,47.68,1.72,5.93,2.85,2.76,5.02,1.88,21.14,85.43,0.61,0.11,11.22,42.14,27.31,40.3,92.17,11.34,5.77,91.67,71.83,4.96,0.2,5.59,1.52,19.82,8.03,0.43,5.11,0.05,44.49,3.01,10.25,0.16,94.7,12.92,25.39,22.27,26.61,60.72,0.34,37.81,5.63,43.52,29.6,52.5,33.88,27.43,1.29,0.02,26.02,19.53,57.93,3.82,80.58,0.25,97.94,72.41,24.49,26.14,99.19,6.0,61.17,92.87,71.94,21.52,87.83,1.63,36.16,0.2,49.65,15.86,39.51,11.59,96.88,96.15,98.69,99.71,32.88,51.48,94.05,99.93,22.56,29.1,40.26,95.63,24.55,1.13,77.03,99.98,96.18,48.97,69.07,100.0,99.98,89.14,12.17,98.85,3.53,0.72,52.95,54.58,8.37,85.77,42.18,61.03,15.7,98.96,57.55,0.34,12.04,29.96,16.18,17.49,99.73,63.7,99.95,100.0,38.15,84.41,0.38,36.32,26.36,36.57,86.85,59.61,10.27,1.52,0.77,29.83,12.11,24.1,5.16,16.75,0.45,42.82,2.44,1.06,13.83,89.88,12.7,8.51,18.47,99.16,10.18,0.7,0.72,0.48,53.13,56.28,19.89,90.25,56.03,16.34,1.63,2.13,85.09,6.59,63.41,93.3,41.73,37.23,1.2,65.56,82.76,24.3,40.64,10.91,47.48,28.72,46.73,24.8,67.75,10.93,60.17,42.72,79.32,11.86,88.19,93.73,61.64,24.15,34.19,2.85,96.72,65.15,22.54,50.8,39.4,34.46,11.61,48.7,61.33,88.75,31.047748359357318,57.70536320434487,76.89522516406426,40.07694048427246,39.33016519574564,68.6806969902693,5.566870332654447,13.487214301878254,0.31681375876895224
022 L5 ET CTX Glut,95.05,4.44,4.65,1.2,84.78,0.16,0.43,56.24,4.87,5.83,0.56,84.38,12.14,65.77,0.13,4.01,0.19,0.91,45.76,58.6,2.73,18.43,70.55,96.44,9.9,58.25,99.68,62.82,64.19,93.77,4.33,0.27,0.88,25.17,26.56,14.68,1.9,0.67,100.0,83.61,2.14,0.05,6.74,6.55,35.68,1.47,0.86,95.16,74.22,2.57,0.72,0.13,1.44,0.94,9.87,0.75,99.01,37.71,69.38,76.97,36.08,0.08,82.91,0.05,48.6,89.44,10.83,96.63,0.45,29.66,85.02,88.45,88.93,56.97,85.69,2.27,6.47,3.18,0.27,9.44,70.9,9.79,1.93,65.15,64.27,73.79,57.61,1.87,34.58,0.83,0.16,5.22,10.64,11.37,1.12,1.9,41.11,88.31,99.17,1.95,14.23,91.79,86.01,74.83,1.04,4.33,51.64,8.02,21.77,48.11,1.2,0.19,82.16,80.98,51.73,0.48,22.12,66.76,76.06,90.16,95.83,1.34,0.13,94.12,0.67,47.39,48.54,0.64,0.78,0.24,1.5,36.43,34.47,42.71,99.2,25.94,75.39,99.71,98.37,27.07,0.05,13.83,12.49,9.41,59.24,0.99,92.27,0.32,3.72,34.77,0.03,1.02,1.26,1.77,94.78,1.55,66.81,0.03,11.53,1.15,84.33,65.15,15.43,0.64,6.15,2.43,99.95,100.0,72.21,99.25,99.89,100.0,86.73,100.0,98.74,54.69,82.94,1.5,22.14,0.83,3.53,75.58,98.42,23.62,6.87,35.04,90.21,59.75,12.28,84.68,24.31,32.6,87.3,22.68,6.58,3.72,6.85,91.28,2.17,0.03,78.9,37.82,46.46,87.8,0.13,42.12,0.0,67.18,7.33,13.61,14.82,28.38,0.35,33.81,58.04,0.96,5.19,88.87,0.37,1.28,47.26,0.45,4.36,0.32,3.5,36.56,41.32,44.77,24.69,99.44,87.88,20.41,31.99,24.82,0.59,96.5,7.97,99.36,14.44,82.48,8.77,98.98,3.24,25.33,24.04,44.85,58.09,92.32,50.17,99.97,24.85,0.75,21.69,27.49,70.77,15.51,16.02,26.69,0.48,0.29,1.9,66.78,27.12,42.47,14.87,57.85,35.33,99.79,0.03,14.6,3.99,81.12,13.16,0.62,59.86,0.86,19.95,3.64,0.37,52.82,50.9,5.54,2.94,0.11,3.45,0.64,95.05,55.23,92.27,3.0,4.39,0.56,26.61,95.75,52.42,2.83,4.2,54.99,40.47,1.9,75.77,47.63,7.06,58.49,20.94,3.72,18.05,0.75,0.96,92.06,40.04,27.31,1.36,1.34,88.71,4.28,0.48,16.61,4.04,21.21,4.57,1.23,65.04,27.87,98.93,34.21,27.44,2.14,96.95,44.69,19.87,4.04,14.98,1.26,35.65,16.66,7.6,24.42,34.07,5.32,87.35,2.25,91.04,34.34,1.42,23.7,7.19,4.92,50.2,1.18,22.57,0.27,0.05,59.27,0.11,6.39,0.27,17.87,99.87,9.17,2.46,1.71,65.23,0.03,1.04,69.83,39.34,100.0,0.21,0.56,70.45,1.28,26.0,30.06,0.19,83.66,3.02,48.33,0.27,0.53,2.51,0.05,0.05,22.57,39.93,1.36,5.59,54.03,1.58,77.16,0.27,19.02,89.81,4.63,7.49,2.46,1.63,6.18,2.75,49.67,70.58,0.86,0.11,11.31,8.75,26.5,44.32,88.1,74.3,17.04,99.79,9.74,0.37,0.56,1.34,0.48,75.58,12.6,0.7,2.14,0.51,87.88,0.96,11.37,0.27,89.68,8.37,61.89,21.9,21.21,70.77,0.13,39.02,7.14,40.47,14.95,53.44,59.7,14.28,5.48,0.03,25.38,26.29,65.82,23.59,70.9,0.45,99.25,73.47,30.17,39.45,99.6,14.34,78.87,90.0,72.51,15.62,89.14,1.28,43.89,0.21,54.4,7.73,43.38,9.04,98.21,98.42,99.97,91.74,20.17,34.55,66.03,99.97,24.55,17.09,42.93,92.19,27.92,0.19,71.44,100.0,71.14,45.63,76.17,100.0,100.0,99.81,7.86,98.82,51.08,0.35,22.68,60.93,16.8,51.97,62.58,54.4,11.05,89.09,13.45,0.4,13.05,3.58,16.31,5.99,99.04,60.55,99.97,100.0,44.85,73.6,0.16,32.68,27.47,38.25,44.02,6.87,0.88,0.11,4.84,71.14,20.06,6.66,57.66,63.95,0.78,4.12,0.8,2.49,3.34,90.56,86.55,46.78,12.41,93.58,6.31,0.35,1.1,0.32,2.57,27.41,61.86,94.81,26.16,10.7,1.04,2.83,58.2,0.4,79.57,90.29,69.43,87.4,45.89,97.78,14.44,8.83,43.03,39.64,76.6,10.7,49.64,72.05,75.96,11.07,49.29,26.45,71.2,12.73,86.04,71.57,59.32,21.77,16.9,2.19,98.69,67.53,14.15,44.88,47.61,36.35,10.54,45.15,8.53,85.5,6.632789515913346,38.40599090665954,49.74592136935009,15.4854239101364,0.7221182134260498,29.232415084247126,0.6686279753944906,14.09467772131586,0.2941963091735758
032 L5 NP CTX Glut,37.16,0.28,0.33,0.3,54.91,0.15,14.62,1.2,11.36,50.23,0.23,49.92,19.38,42.15,0.13,2.01,0.1,0.25,22.27,43.2,2.23,2.91,21.97,79.66,9.05,38.16,97.27,13.84,14.47,12.01,3.26,0.18,0.2,5.54,39.02,6.32,1.13,0.28,86.33,82.3,1.08,0.15,1.3,0.83,89.22,1.33,0.03,28.76,9.03,31.44,15.77,0.18,13.39,0.3,2.06,0.38,44.51,5.24,13.37,58.88,4.26,0.05,65.15,0.1,12.21,58.32,90.72,13.54,0.2,10.66,60.08,37.74,93.15,29.86,77.48,0.65,2.31,2.76,0.03,2.36,26.76,2.28,1.45,96.89,32.05,50.4,37.56,1.1,1.3,0.6,0.08,6.44,16.17,6.19,0.0,0.1,14.97,60.01,89.27,1.0,12.56,91.12,68.38,36.41,27.13,0.13,23.12,9.3,40.6,28.23,0.48,0.03,50.33,31.27,7.8,0.35,7.25,52.06,16.2,99.82,55.17,0.73,0.0,86.31,0.53,38.26,23.04,0.18,1.53,0.1,0.28,18.96,9.8,9.25,99.52,72.17,55.82,95.66,52.38,15.45,0.25,10.43,9.3,5.22,66.78,0.05,85.16,0.1,2.78,37.14,0.08,0.65,0.23,1.86,1.68,2.88,66.0,0.03,2.48,0.6,58.22,63.99,3.34,1.71,9.6,4.39,94.31,99.95,95.76,95.59,99.27,99.92,26.55,99.97,96.59,35.63,60.58,6.7,14.84,2.53,28.76,69.56,83.3,7.9,12.74,37.21,43.03,43.25,6.97,62.04,5.52,2.03,72.42,2.98,90.2,1.4,7.9,24.67,6.32,0.0,6.07,8.78,3.46,25.85,0.08,43.53,0.0,23.29,35.03,15.95,26.3,4.76,0.28,2.31,15.52,5.77,0.83,5.79,0.25,1.03,0.78,0.18,9.35,0.13,9.03,6.24,34.13,1.65,36.08,96.56,30.84,0.63,7.25,7.32,0.28,94.48,0.1,46.09,92.43,50.93,0.53,37.89,0.45,66.78,6.9,9.33,98.32,76.53,91.42,94.26,6.82,0.63,9.78,1.5,1.05,5.14,12.36,8.2,0.28,0.18,1.38,47.72,1.73,52.83,20.94,93.88,41.05,97.52,0.03,0.65,1.03,50.23,94.78,0.6,52.03,0.6,2.31,1.63,0.45,32.8,45.44,6.32,0.88,0.03,0.2,0.28,22.72,44.86,88.94,2.46,4.46,0.28,1.4,75.43,55.72,1.93,1.73,31.29,18.98,2.06,25.9,31.19,3.11,87.94,94.58,2.81,0.95,15.37,1.63,1.35,13.14,3.16,0.85,1.33,94.48,4.34,0.23,49.75,1.45,31.42,60.28,3.28,74.32,32.52,93.71,48.12,32.42,1.13,91.6,30.02,46.89,39.82,94.63,10.16,37.14,68.23,0.4,4.26,25.33,5.24,86.79,4.41,36.06,6.72,0.83,44.96,61.43,54.09,69.18,0.13,7.1,0.1,0.08,28.59,0.05,1.73,0.15,70.69,98.47,3.61,1.83,0.35,7.25,0.08,0.43,9.65,14.44,100.0,0.13,16.07,32.42,0.75,35.63,11.69,0.08,89.04,2.41,4.14,0.38,0.53,7.37,0.05,0.08,14.94,5.64,0.43,75.8,39.22,9.58,18.36,6.52,9.13,5.04,0.78,7.52,1.25,0.93,0.38,1.13,4.69,60.36,0.5,0.1,3.41,5.84,12.44,94.78,43.43,41.83,11.33,98.02,11.13,0.33,17.4,71.16,0.2,4.69,99.95,0.25,39.52,0.0,8.9,0.4,7.55,0.05,81.62,97.07,7.62,13.26,16.2,55.19,0.38,11.13,5.17,16.6,14.84,44.28,50.3,18.05,1.28,0.0,30.44,22.64,3.66,0.4,32.32,5.14,89.34,43.25,24.55,17.8,94.88,2.91,74.87,77.33,53.21,19.56,55.19,0.98,17.45,0.15,38.67,0.8,28.81,3.34,95.51,87.41,88.54,99.9,73.37,21.29,93.23,99.9,17.95,7.6,28.69,73.62,20.51,0.08,46.72,99.85,39.27,14.32,55.22,100.0,92.73,21.14,10.96,98.45,2.91,0.1,40.4,14.72,21.01,70.39,55.57,35.41,5.49,99.92,4.54,0.18,12.49,1.63,1.03,4.31,90.65,31.32,99.47,100.0,28.36,38.94,0.13,44.01,37.69,26.35,11.96,1.5,1.45,0.18,0.23,3.41,42.4,4.99,14.17,3.64,1.53,19.06,0.4,0.23,5.22,64.07,78.06,99.15,9.9,99.2,4.39,0.15,1.93,0.28,1.65,2.36,36.56,14.99,21.56,7.32,0.38,0.88,9.9,0.3,57.52,70.39,14.17,92.73,0.48,11.38,67.33,81.75,42.48,0.55,12.34,12.96,43.33,1.2,59.53,6.97,39.39,5.77,72.92,5.07,53.46,75.9,35.33,12.86,1.63,1.93,80.17,44.13,7.7,26.3,29.54,28.69,7.6,27.83,16.4,84.25,7.096288866599799,28.535606820461386,37.7382146439318,61.609829488465394,0.3510531594784353,35.00501504513541,0.4262788365095286,0.802407221664995,0.17552657973921765
030 L6 CT CTX Glut,78.05,0.48,11.33,0.74,79.84,0.18,0.95,4.68,50.44,17.45,0.38,58.72,22.46,58.64,0.16,21.54,0.21,0.52,66.55,19.66,72.57,2.62,70.9,72.73,0.98,48.73,98.21,29.37,2.07,19.61,2.2,0.23,0.02,7.9,11.72,7.36,1.41,0.41,99.3,93.11,3.82,0.4,1.12,7.29,45.65,2.45,0.11,44.31,60.85,13.38,10.07,0.18,3.06,0.34,4.71,0.44,72.95,5.8,26.05,60.66,56.13,0.06,72.09,0.08,13.7,83.19,23.37,96.59,0.37,21.66,61.75,26.8,10.43,90.38,55.02,0.69,2.52,10.57,0.04,46.48,50.15,2.54,3.36,22.58,14.23,27.58,51.5,1.36,3.76,0.77,0.19,4.73,37.74,8.28,0.04,0.15,40.23,96.35,98.16,1.62,7.36,21.82,78.5,34.04,35.57,0.17,37.75,3.23,9.88,36.85,0.69,0.07,92.09,78.72,27.87,0.71,18.4,59.18,74.82,31.05,92.27,15.47,0.07,71.85,0.45,64.04,59.47,0.35,12.66,0.25,0.54,34.42,20.72,19.05,98.02,98.67,64.63,99.4,99.72,21.47,0.08,12.05,10.32,61.32,7.14,0.04,98.59,0.21,26.73,84.35,0.03,0.54,0.55,2.68,31.65,7.91,93.31,0.1,8.94,0.49,63.82,63.58,8.75,0.78,11.66,2.71,99.8,100.0,98.27,99.11,98.46,100.0,74.83,99.33,97.61,84.77,17.95,1.21,16.31,14.25,12.44,80.58,98.72,15.74,19.54,15.92,98.21,56.85,9.87,82.99,16.84,15.6,93.66,5.74,5.3,2.71,20.76,80.66,11.63,0.05,57.97,32.57,20.09,93.47,0.08,55.67,0.02,56.57,17.52,7.39,18.55,30.54,2.43,26.54,73.88,7.29,0.71,21.85,0.39,1.11,1.65,0.3,3.61,0.09,3.15,65.86,19.42,17.6,17.34,97.91,39.61,3.38,7.83,23.26,0.43,96.29,4.0,97.92,37.68,22.22,0.64,60.61,0.67,48.35,20.48,9.13,84.16,94.55,87.79,99.79,9.66,1.28,20.97,10.51,18.34,40.98,14.45,18.6,0.45,0.26,1.27,62.05,30.07,45.58,37.49,58.35,48.66,99.6,1.43,21.39,6.33,34.24,91.12,5.16,57.88,0.57,15.98,22.79,0.87,32.5,72.45,56.04,1.4,0.04,0.31,0.46,35.38,47.37,56.3,1.29,14.75,0.48,2.22,73.99,7.4,1.78,2.35,42.36,36.08,2.44,32.26,9.59,13.65,14.06,59.06,2.79,12.25,1.49,0.95,1.17,73.33,15.45,1.13,2.53,50.31,55.89,0.51,58.51,1.62,50.64,71.78,1.07,19.23,71.04,99.13,51.36,9.34,1.43,91.72,49.9,26.66,11.99,75.28,0.4,8.76,91.26,0.59,43.16,27.19,5.3,91.6,0.24,97.14,55.58,4.87,50.58,85.85,67.58,16.77,0.61,27.71,0.19,0.07,35.8,0.08,68.07,0.2,20.1,99.96,2.12,2.34,0.54,40.4,0.72,0.74,34.03,17.75,100.0,0.24,0.89,55.13,0.7,52.18,19.17,0.12,94.73,2.5,37.39,0.23,0.41,8.18,0.1,0.09,17.74,39.61,1.18,11.36,47.71,23.21,19.06,3.41,10.33,5.44,0.83,91.71,1.77,1.19,2.0,1.46,3.75,96.63,0.54,0.08,5.79,91.8,14.36,98.44,82.34,5.9,11.18,90.51,92.84,0.44,1.16,8.13,1.04,30.85,10.21,0.24,1.85,0.12,7.53,0.65,9.27,0.08,91.67,15.86,18.85,18.64,20.23,57.98,0.27,27.16,4.33,38.37,17.37,54.69,99.37,23.83,0.73,0.05,26.88,16.87,5.09,20.23,26.36,0.13,95.92,59.68,24.5,33.53,99.3,3.54,26.11,91.75,61.88,20.44,76.22,1.05,19.55,0.17,50.18,6.19,43.51,13.52,97.03,98.45,99.75,95.94,6.2,13.99,95.98,99.47,18.76,21.66,46.13,90.73,26.62,0.47,91.15,99.94,71.28,25.29,51.89,100.0,99.98,98.55,9.5,99.25,2.55,0.28,53.73,29.56,10.32,48.75,84.23,43.88,9.89,99.99,4.69,0.2,10.26,4.7,1.9,71.89,99.31,50.83,99.9,100.0,41.28,64.76,0.79,30.03,33.85,21.69,47.0,7.33,1.15,0.17,0.18,6.67,2.65,1.79,24.51,11.63,0.76,4.72,0.33,0.23,2.43,40.54,12.47,44.15,18.46,96.55,22.17,0.28,1.08,0.28,1.74,33.24,37.37,95.02,47.93,10.68,0.83,1.1,8.3,1.16,74.34,95.06,35.59,77.32,0.64,12.42,50.05,10.24,28.46,3.69,20.36,21.78,52.42,1.36,68.84,9.31,47.22,15.65,78.7,8.36,75.94,73.69,50.9,18.92,1.38,2.41,96.08,60.91,15.97,39.74,35.36,28.7,8.0,36.6,9.87,90.65,8.712068242203888,22.56560853959819,53.02754859460216,31.711182585186222,2.148883606022468,26.574371882720367,1.1513541229664848,17.4567659534797,0.2144222253297907
029 L6b CTX Glut,69.86,1.51,7.31,0.38,84.62,0.13,0.5,1.32,14.69,46.72,0.19,9.46,33.48,53.4,0.0,25.98,0.13,0.44,41.3,33.17,54.1,12.23,29.95,63.3,4.22,44.7,91.99,28.75,31.46,11.41,2.52,0.19,0.0,34.3,33.48,6.75,1.26,0.57,95.9,87.01,1.83,0.13,1.51,12.93,21.31,3.22,0.19,47.67,72.82,76.92,1.7,0.13,0.88,0.32,5.36,0.57,99.31,1.51,26.1,85.81,21.31,0.0,74.84,0.19,19.42,74.97,59.77,94.58,0.19,19.23,48.74,16.14,65.07,69.17,71.75,0.63,6.18,62.55,0.06,35.94,31.34,2.33,61.6,82.16,11.92,42.81,51.01,1.39,5.04,0.63,0.19,4.6,27.87,6.81,0.13,0.13,39.03,57.0,98.3,1.89,4.67,60.72,67.28,47.35,67.21,0.57,37.39,2.52,18.54,37.7,0.82,0.0,88.08,52.08,20.49,0.25,20.62,57.94,28.44,14.56,93.95,2.59,0.13,68.66,0.5,55.55,46.6,0.25,40.16,1.2,0.69,36.95,17.47,11.35,90.79,68.73,64.38,99.43,98.99,18.98,0.25,12.61,11.54,42.06,67.21,0.19,85.62,0.13,55.74,68.16,0.0,0.06,0.25,1.39,10.78,4.41,97.23,0.13,6.94,0.44,62.8,41.17,13.18,1.2,2.65,6.75,98.93,100.0,98.49,98.55,95.15,100.0,65.32,99.62,81.02,81.53,6.49,1.39,18.16,8.2,34.99,89.97,97.98,59.33,38.65,51.77,95.4,64.25,9.39,81.08,10.97,1.51,73.71,50.13,3.59,1.39,11.1,92.88,18.66,0.06,13.49,72.51,7.5,82.79,0.13,70.62,0.06,46.6,28.56,3.59,2.77,4.16,0.25,31.27,56.24,2.46,1.2,4.79,0.32,1.7,2.77,0.13,24.53,0.25,1.95,63.93,27.18,27.36,7.19,96.03,25.22,0.13,18.6,13.49,0.38,24.78,0.32,99.56,26.29,14.69,0.13,15.64,0.44,34.93,14.56,5.3,88.65,94.96,80.2,99.5,4.04,1.95,20.81,1.83,8.07,30.39,13.49,7.5,0.32,0.13,1.39,61.92,57.69,61.92,23.14,33.42,73.71,99.62,0.13,29.89,3.28,42.56,98.61,65.45,67.34,0.38,8.7,9.14,0.69,34.93,80.26,50.88,0.88,0.19,0.82,0.5,9.84,67.4,88.97,1.58,3.28,0.44,5.23,86.13,19.55,2.33,2.59,38.78,20.37,1.45,43.19,42.88,4.6,40.61,66.65,2.77,2.9,0.63,1.39,1.45,62.61,6.56,1.2,7.69,52.71,36.19,0.57,23.01,6.49,84.43,86.51,6.49,10.09,31.4,97.35,54.29,15.95,0.88,80.2,31.21,21.19,8.01,53.09,18.66,7.82,28.25,0.63,58.26,25.85,4.1,98.49,0.95,98.99,37.7,12.8,15.51,91.93,75.85,3.47,0.82,65.76,0.19,0.13,34.62,0.06,43.95,0.06,22.95,100.0,5.04,2.08,0.76,15.01,0.38,0.57,48.99,21.82,100.0,0.19,0.76,85.56,0.63,20.81,18.03,0.13,93.0,2.21,8.26,0.19,0.19,4.92,0.0,0.06,18.03,21.06,0.69,29.63,48.61,23.33,4.29,24.65,9.33,6.68,3.22,44.89,2.14,0.82,1.13,1.7,1.58,95.4,0.25,0.13,4.35,76.67,21.56,98.87,94.2,70.93,20.81,87.58,45.52,0.44,7.76,17.02,0.76,10.91,11.03,0.5,2.02,0.25,8.01,0.63,8.76,0.19,87.45,54.85,28.44,14.88,18.92,54.98,0.44,23.83,4.16,35.94,18.22,50.38,97.86,24.21,1.89,0.0,25.22,20.43,4.22,40.98,9.33,0.0,95.15,34.43,31.21,39.22,98.61,3.15,24.4,87.33,62.99,20.24,83.48,0.69,13.75,0.32,61.73,2.46,50.38,5.49,96.97,97.04,97.23,90.04,12.99,21.63,96.15,99.43,19.61,25.47,46.78,91.8,31.27,0.13,79.32,99.37,80.01,14.12,52.14,100.0,100.0,95.33,12.04,100.0,1.95,0.19,37.64,34.49,11.79,60.91,65.26,35.81,21.63,100.0,4.6,0.06,10.84,1.45,1.32,78.63,99.43,44.01,100.0,100.0,48.3,67.97,0.25,18.85,30.96,14.82,14.38,4.1,0.44,0.19,0.25,10.28,7.31,17.34,21.44,6.87,0.0,15.07,0.25,0.13,1.45,41.74,57.25,44.01,14.19,98.74,32.03,0.38,0.88,0.06,1.95,20.18,23.58,95.9,67.59,12.36,0.82,0.88,59.39,0.95,82.22,86.76,65.2,74.97,0.69,12.93,51.64,30.01,57.19,8.51,24.59,17.53,50.88,0.95,69.36,8.13,55.55,24.02,87.52,8.45,65.95,62.11,50.38,17.09,1.7,1.45,90.54,56.05,10.97,39.28,33.73,33.86,7.57,36.0,33.29,93.63,8.007566204287516,25.788146279949558,59.4577553593947,17.969735182849934,1.9546027742749055,27.049180327868854,1.008827238335435,2.269861286254729,0.4413619167717529
004 L6 IT CTX Glut,90.04,4.15,21.28,1.06,73.73,0.2,1.42,7.95,20.59,62.83,0.34,49.27,51.82,57.39,0.03,49.86,0.18,0.66,64.91,8.72,37.73,8.98,44.96,73.28,1.29,72.94,77.68,72.76,11.62,40.34,2.73,0.25,0.04,10.6,5.36,32.22,1.35,0.66,99.86,85.63,10.66,0.41,0.85,33.66,67.64,18.57,0.59,99.98,67.02,1.43,5.97,0.22,1.82,0.58,2.04,0.35,90.55,8.17,57.4,33.9,90.52,0.04,76.15,0.11,13.64,89.2,77.59,93.66,0.48,33.42,90.17,71.44,29.13,60.42,22.17,0.82,8.68,25.12,0.09,10.19,62.82,2.35,4.09,60.15,48.05,10.95,48.91,1.48,36.23,1.45,4.16,5.71,45.03,8.91,0.11,6.79,35.46,98.45,97.49,1.76,5.36,62.3,89.51,24.6,44.36,4.74,36.04,2.33,20.69,40.5,0.72,0.04,85.47,90.79,35.99,0.75,15.62,59.04,92.69,15.4,80.08,1.22,0.05,20.32,0.53,82.13,72.41,1.27,14.38,0.04,0.61,36.55,24.24,41.75,96.98,6.46,64.17,98.92,99.93,21.25,0.21,12.59,11.24,38.47,92.33,0.21,59.6,0.16,15.38,82.74,0.04,0.49,0.62,8.47,24.67,7.86,52.88,0.11,14.49,0.56,91.44,61.47,12.97,0.53,39.76,5.98,99.87,99.97,85.66,97.97,99.68,100.0,88.32,99.83,98.7,46.26,65.95,1.49,17.82,3.1,1.72,79.06,97.35,21.64,47.5,31.78,91.97,52.11,10.61,82.37,10.97,27.89,62.25,69.54,4.46,5.23,12.55,91.06,3.81,0.06,37.62,25.66,82.23,91.97,0.09,60.95,0.03,57.16,11.14,6.17,8.6,3.02,0.17,49.3,74.72,15.43,2.13,13.19,0.41,1.08,1.1,0.24,14.26,0.12,7.08,74.18,74.46,34.49,46.61,98.7,73.8,0.87,12.93,9.58,0.42,65.49,1.91,96.82,33.58,24.34,0.71,24.61,0.96,88.25,13.65,35.51,67.9,94.01,93.7,96.0,18.27,1.68,19.75,2.06,12.89,64.25,32.62,49.44,14.61,0.24,2.3,58.61,38.51,63.39,53.31,97.09,60.43,99.28,0.47,29.04,5.71,90.82,26.16,0.85,52.04,1.7,12.41,18.48,37.41,31.32,47.02,67.49,8.17,0.08,8.03,0.49,25.21,43.79,63.49,1.77,48.19,0.45,2.34,70.31,20.05,1.34,31.73,44.72,44.36,2.19,36.75,31.23,10.92,34.66,44.11,30.47,50.92,0.34,1.14,8.75,17.86,10.86,0.94,1.03,43.27,27.4,0.35,66.65,1.4,15.28,45.32,1.99,46.22,93.19,98.98,29.68,8.48,1.8,71.35,43.91,51.08,37.17,5.04,4.49,28.92,11.76,1.16,88.09,31.65,6.46,98.82,0.11,85.09,55.84,8.81,88.85,41.2,51.56,3.89,1.04,22.5,0.29,0.14,53.78,0.11,4.18,0.21,0.94,99.96,5.02,2.41,0.74,39.14,0.04,0.58,64.69,10.28,100.0,0.3,0.47,98.55,0.85,43.55,25.39,0.13,96.31,2.59,33.3,0.19,0.36,4.29,0.11,0.11,18.31,42.73,0.87,0.62,43.56,19.84,79.89,0.63,22.48,58.75,1.05,6.16,1.84,2.31,10.79,2.58,13.46,81.65,0.48,0.11,6.46,56.39,20.13,28.72,96.56,8.45,9.3,91.09,37.18,1.93,0.14,1.3,2.16,31.88,5.97,0.55,18.35,0.18,31.34,2.42,9.48,0.19,91.67,16.11,26.49,21.78,21.3,58.03,0.19,34.34,4.9,41.03,27.54,51.53,23.82,27.64,0.43,0.01,27.55,16.84,20.08,12.67,63.57,0.34,96.43,58.23,21.84,41.56,99.37,20.92,65.74,88.54,67.73,19.03,78.11,1.27,24.18,0.11,48.47,12.0,39.52,21.45,97.82,93.47,99.77,99.46,35.84,20.78,88.78,99.81,20.63,19.16,63.03,92.6,23.56,0.19,70.09,99.67,90.25,33.11,54.13,100.0,99.93,97.72,9.45,94.97,5.25,0.56,58.52,67.63,3.4,77.89,61.73,49.63,9.81,87.09,72.27,0.2,10.13,26.56,5.57,74.19,99.58,52.31,99.83,100.0,40.76,66.85,0.24,31.05,25.06,34.75,80.42,34.88,5.38,2.67,0.68,36.14,4.83,11.82,3.95,20.14,0.22,17.75,0.67,0.26,5.41,81.01,10.71,6.97,28.58,98.32,2.03,0.34,0.7,0.19,23.43,53.93,26.58,93.72,48.44,9.55,3.81,5.87,65.36,17.71,44.33,85.6,52.77,78.12,2.14,39.49,65.97,4.81,67.48,16.16,86.03,26.28,34.7,14.79,64.35,10.09,57.96,44.19,77.35,9.85,84.47,77.04,53.8,22.0,42.12,2.43,97.73,56.03,15.83,40.4,34.8,31.12,8.18,35.86,47.37,92.4,21.414711589345565,37.67860292820603,60.610336920091726,24.201799259128595,21.273593226318575,47.09825366025754,2.134415240783207,54.50696771917446,0.24695713529723057
052 Pvalb Gaba,13.66,0.77,1.64,1.57,64.76,0.38,0.24,1.15,4.5,77.48,0.49,87.03,17.78,45.66,0.03,1.85,4.43,1.19,7.04,64.48,1.57,13.31,7.39,76.26,11.68,50.44,81.6,5.51,2.47,10.07,96.24,0.45,0.0,4.22,94.0,47.37,1.15,0.59,75.25,88.78,1.71,0.03,54.2,0.24,6.31,2.3,0.0,76.72,34.58,2.41,2.09,1.46,0.87,0.42,1.12,0.35,85.78,32.59,27.88,9.31,57.58,0.03,78.04,0.1,12.09,47.12,40.33,81.11,0.66,7.42,49.04,65.95,59.6,95.89,50.23,0.84,2.68,64.52,0.03,1.57,8.75,61.97,1.57,13.52,48.31,15.2,35.69,3.1,1.19,0.38,0.07,76.37,2.54,11.33,0.03,0.7,24.68,12.03,85.57,49.98,29.45,96.06,37.3,4.71,24.78,2.41,34.86,2.44,3.94,55.07,0.94,0.1,30.92,15.72,6.83,0.63,0.84,57.41,14.78,37.92,64.97,51.34,0.0,2.06,4.71,21.12,59.95,3.59,3.35,0.03,0.66,29.42,8.09,30.78,81.88,8.33,65.56,96.44,98.75,20.46,0.35,99.65,99.93,10.25,8.3,0.0,79.68,0.35,13.25,32.97,0.14,0.63,0.77,3.52,17.46,8.16,15.93,0.1,25.72,0.8,75.15,14.67,23.42,0.7,29.49,1.57,99.93,99.48,52.25,94.11,55.8,100.0,32.87,100.0,22.2,26.77,68.11,20.56,23.18,1.12,2.72,56.57,82.54,11.08,2.68,47.09,11.43,69.47,8.4,72.95,3.56,9.97,49.56,58.17,24.64,0.63,63.4,22.41,22.8,0.07,63.96,5.54,4.32,24.99,0.21,29.21,0.0,25.79,12.86,98.99,14.08,73.82,0.1,18.37,2.93,1.15,9.48,5.05,0.42,81.18,5.61,0.49,66.43,1.12,86.69,49.56,19.73,1.22,17.78,92.19,47.09,4.39,3.38,1.29,0.59,10.21,0.42,91.77,5.68,75.74,0.63,70.65,1.64,40.99,11.22,59.04,73.72,5.75,6.73,25.2,28.72,3.0,6.06,28.58,7.42,7.39,38.27,2.13,0.94,0.31,1.19,24.85,30.32,10.74,68.56,10.28,13.0,99.79,0.35,0.63,1.53,23.7,10.56,0.59,38.9,0.14,6.06,68.14,0.28,24.68,25.1,39.6,2.27,0.14,7.25,3.42,59.29,7.98,4.74,2.3,15.72,0.8,1.74,31.75,63.58,1.67,10.81,39.63,19.48,3.52,59.36,14.67,33.32,42.24,82.68,9.38,1.74,0.38,23.0,1.74,3.31,12.23,0.73,0.14,52.74,1.39,14.29,5.4,71.28,91.84,2.41,8.64,87.14,6.73,77.87,98.68,80.27,1.19,74.17,20.22,57.16,5.47,15.96,1.81,10.07,6.48,0.87,40.5,5.16,4.78,10.28,0.1,7.67,35.8,12.06,34.37,53.96,10.11,37.47,0.98,6.31,0.45,0.03,57.06,0.21,6.8,0.28,0.66,41.2,14.05,95.36,0.77,68.53,0.03,0.63,94.11,29.94,100.0,0.17,1.85,26.28,0.8,43.57,19.17,0.45,92.02,94.49,1.29,0.38,51.17,1.78,0.03,2.82,36.77,5.75,0.28,34.26,46.78,6.55,42.56,0.59,34.51,53.05,30.71,6.2,70.06,0.87,9.17,2.3,14.43,8.64,0.52,11.33,53.22,16.35,20.43,53.05,80.03,3.49,8.61,11.08,5.86,1.01,0.07,1.43,0.17,86.51,9.83,1.39,2.09,0.1,31.96,0.91,9.03,0.1,66.05,9.76,13.31,17.18,26.14,23.56,0.14,11.68,96.51,25.24,51.55,45.17,38.86,19.17,0.31,0.0,13.0,37.54,1.85,0.35,44.2,0.07,80.38,45.28,18.37,11.92,87.42,3.42,51.8,80.24,62.39,19.66,62.5,1.57,19.24,0.07,54.97,0.84,39.21,1.78,96.17,90.1,89.23,98.12,29.77,2.44,57.06,84.52,23.35,16.87,27.78,85.26,26.7,2.34,76.47,83.2,50.05,20.29,64.73,99.9,100.0,97.21,7.95,89.09,23.28,0.38,19.41,58.14,5.05,83.72,84.49,39.7,11.57,39.67,53.01,0.1,99.83,1.53,21.23,3.0,95.75,29.1,99.41,99.93,47.72,68.8,0.14,26.18,41.86,65.42,64.76,33.84,16.07,0.49,0.24,50.02,8.26,1.01,18.65,1.19,8.61,29.07,0.28,0.07,45.94,53.96,52.07,3.62,5.65,51.8,23.49,0.94,45.77,21.3,49.04,4.64,9.62,84.21,54.41,14.43,3.28,1.39,67.31,0.77,86.06,10.6,32.76,26.87,1.99,13.7,51.76,37.54,7.98,11.12,89.02,8.3,54.58,51.83,62.39,8.33,57.48,15.23,55.87,9.97,71.49,49.98,51.45,21.71,39.63,1.78,87.66,52.6,11.4,46.81,30.22,31.51,14.99,39.56,57.2,33.74,4.182642035552457,20.320669222725687,56.883931683513424,67.34053677239457,2.335308469850122,24.886720111537123,2.2307424189613108,1.0108051585918438,0.4531195538515162
053 Sst Gaba,37.08,0.39,4.3,0.93,66.67,0.04,0.26,2.59,6.12,80.01,0.2,52.04,16.38,44.58,0.11,2.45,3.98,0.48,12.89,56.98,1.21,55.4,36.19,63.9,42.07,51.42,74.45,10.97,1.6,15.06,77.59,0.17,0.15,10.38,81.33,81.25,15.29,0.3,86.91,84.08,3.44,0.02,27.97,0.73,6.7,13.37,0.02,38.91,15.96,1.86,2.51,2.45,9.06,0.54,4.59,0.06,73.41,9.3,83.15,7.77,71.99,0.04,74.24,0.13,11.72,45.03,30.56,97.02,0.33,20.18,41.66,91.09,72.61,74.63,41.71,0.61,8.91,78.11,0.02,1.86,8.11,48.22,1.26,50.23,47.42,33.14,43.93,19.25,2.81,0.24,0.15,71.49,1.21,8.69,0.07,0.74,24.07,25.39,88.99,70.43,10.82,91.11,14.79,13.28,9.06,10.71,22.11,1.92,5.45,42.76,0.73,0.06,52.52,22.41,7.74,0.63,0.8,57.54,24.1,13.46,52.69,47.42,0.02,2.45,1.3,15.36,49.58,31.62,6.47,0.02,0.48,32.04,9.02,24.27,84.19,4.09,67.75,98.77,97.75,16.85,1.36,97.86,99.93,13.5,67.83,0.24,93.45,0.2,1.67,39.72,0.04,1.08,0.54,3.74,1.8,3.24,55.79,3.5,10.54,0.82,48.3,17.5,16.07,0.37,16.81,2.29,99.78,99.78,87.71,96.84,76.86,99.98,94.38,99.74,47.42,11.2,13.52,2.49,18.17,0.37,11.74,56.95,82.98,7.03,10.86,49.21,9.28,56.17,8.5,72.87,21.98,7.68,34.65,28.38,11.34,0.8,46.75,10.81,56.03,0.06,39.02,32.14,6.6,23.84,0.07,14.28,0.02,26.04,28.05,94.7,44.58,88.8,0.19,6.58,7.27,7.94,9.22,4.87,0.71,84.84,5.02,0.22,92.91,0.22,68.16,51.79,9.65,1.1,28.64,90.66,45.45,2.73,4.85,1.08,0.52,10.95,0.3,94.44,5.13,77.09,6.94,33.79,1.26,23.67,20.42,58.04,93.25,5.77,7.05,13.52,28.25,4.13,7.81,10.66,8.15,12.53,68.22,10.21,1.66,0.33,41.57,37.92,10.32,7.35,56.65,11.31,16.5,99.42,1.56,0.73,1.39,39.43,7.46,4.05,45.38,0.82,6.14,47.81,7.03,36.14,67.21,20.27,2.4,0.09,28.29,11.55,37.98,23.28,15.01,1.64,17.91,0.43,26.95,67.62,25.68,2.47,10.49,30.78,17.93,4.04,62.88,12.5,13.45,32.19,55.77,45.56,1.77,0.5,17.82,3.18,3.07,5.78,1.41,0.48,32.92,1.23,1.25,44.73,9.8,98.85,2.68,1.84,92.41,15.19,90.57,95.2,89.7,1.79,70.49,63.99,82.37,10.54,42.5,0.91,7.31,7.22,1.36,22.45,9.95,24.14,9.41,3.51,23.15,65.05,13.86,51.94,19.12,5.23,70.71,1.12,78.11,0.17,0.2,50.21,0.15,9.73,0.17,0.89,42.64,7.96,94.12,0.74,60.76,0.04,0.58,30.04,26.78,99.89,0.19,0.87,45.38,1.25,35.78,16.59,0.04,32.32,89.75,5.47,0.35,11.59,1.82,0.11,2.68,99.05,9.26,0.19,13.19,38.22,4.58,36.79,13.06,98.7,32.88,1.25,10.62,4.71,4.78,4.15,1.79,12.01,8.98,0.76,4.56,65.98,55.25,28.92,52.0,55.85,1.51,42.48,51.05,16.27,0.37,0.11,0.48,0.13,34.76,11.94,3.94,55.63,0.09,73.39,0.24,9.65,0.11,76.53,10.02,9.86,15.92,20.18,15.44,0.07,13.97,49.73,33.85,39.76,44.88,25.52,20.9,0.22,0.04,20.18,29.91,1.84,8.11,35.0,0.04,84.92,37.23,20.53,12.09,91.39,4.59,68.51,80.32,59.64,16.29,64.03,1.38,9.6,0.39,49.84,2.75,38.78,17.0,96.28,91.95,93.86,98.81,97.58,3.16,56.24,98.79,18.77,10.56,27.21,86.27,24.38,0.97,47.55,78.87,29.89,10.82,49.58,100.0,100.0,72.88,9.48,92.13,29.59,1.36,18.21,37.1,3.76,75.3,67.47,45.25,12.31,50.86,67.21,0.15,99.46,1.88,5.84,2.68,96.62,29.85,99.68,100.0,37.9,83.82,0.11,34.96,42.7,38.7,30.46,11.87,3.46,0.17,0.07,30.59,84.08,11.49,46.62,5.06,9.45,53.47,0.5,11.08,15.88,36.15,62.75,5.41,17.87,94.51,63.33,0.93,56.93,0.37,29.85,3.5,22.19,98.47,50.03,47.94,3.85,0.69,50.05,23.75,81.66,29.57,16.89,69.15,13.91,14.21,97.64,3.4,47.31,23.28,22.06,13.74,41.98,24.18,61.82,7.59,44.21,4.39,59.23,9.04,55.68,60.94,47.5,17.26,17.71,2.14,89.83,63.72,9.69,39.15,33.07,32.55,11.07,36.23,58.73,55.29,7.680862934721964,35.39148223916682,44.41138181141901,43.94643853449879,0.29756369722893805,26.79933048168123,24.883764180769948,1.1530593267621352,0.3719546215361726
046 Vip Gaba,20.87,0.79,3.84,1.65,44.25,0.12,0.09,1.1,2.96,57.43,0.27,56.82,75.5,29.54,0.06,41.56,1.53,0.79,6.56,45.25,1.16,5.19,33.9,37.38,10.5,29.78,20.02,3.39,1.31,7.75,78.88,4.03,0.21,0.4,10.41,5.68,64.63,1.74,90.85,53.28,27.86,0.03,0.95,0.46,68.54,19.07,0.03,52.79,2.41,2.47,15.38,0.24,0.67,0.12,0.61,0.34,66.37,67.44,59.81,31.19,14.13,12.21,61.92,0.58,6.96,37.08,3.84,94.11,0.37,13.18,20.78,98.47,83.46,34.94,38.24,7.48,4.39,17.85,0.0,2.87,3.2,15.5,10.83,43.55,18.16,12.66,31.86,56.55,7.51,0.12,0.06,27.01,0.64,4.52,2.81,0.06,19.01,31.46,66.25,80.74,0.88,82.06,9.7,6.99,8.09,0.85,8.54,4.64,4.79,31.8,0.64,0.21,49.59,15.93,5.55,0.27,0.4,42.94,34.6,15.99,49.56,1.95,0.0,1.65,15.47,6.77,39.4,7.6,3.33,0.03,0.4,39.98,9.83,35.34,75.37,4.49,48.89,93.35,84.56,13.3,0.09,98.75,95.91,3.75,74.18,1.71,62.92,0.03,13.92,6.62,0.03,0.58,0.64,1.56,1.16,4.42,12.24,2.53,9.31,0.37,43.7,3.97,10.47,0.27,11.72,2.56,96.86,99.36,22.12,89.11,71.9,99.88,72.38,97.53,64.14,6.59,29.2,14.4,13.4,0.37,34.12,40.28,67.5,32.47,4.33,21.33,34.42,46.78,4.06,47.54,3.23,1.31,13.03,5.68,58.99,1.77,27.95,23.04,94.81,0.0,30.03,53.68,5.86,15.17,0.06,21.76,0.0,27.07,9.19,89.72,45.07,15.41,0.06,3.51,5.04,0.37,5.31,4.36,0.21,0.55,2.41,0.27,5.52,0.06,76.08,58.71,28.84,1.37,5.52,74.49,18.34,0.18,5.52,0.64,0.31,9.98,0.03,14.56,3.3,55.57,0.85,9.7,2.08,72.29,35.09,70.4,27.07,4.42,5.07,92.98,25.85,0.49,9.49,0.7,0.55,19.84,14.8,68.2,39.58,41.53,65.43,44.61,6.53,12.73,27.95,7.69,29.87,96.8,0.09,1.07,3.17,40.31,9.49,1.01,28.29,0.34,2.81,0.46,1.95,5.89,24.14,23.99,0.88,0.03,8.03,0.37,60.73,43.67,16.97,13.73,29.2,4.33,1.19,54.93,37.6,1.53,60.51,20.45,13.67,1.5,52.61,54.23,5.25,35.98,9.37,36.47,5.65,0.61,40.28,0.82,2.87,6.32,89.32,0.67,53.62,1.01,45.56,14.16,2.72,45.29,5.92,0.88,48.79,8.7,86.6,90.05,22.49,1.19,22.06,11.84,66.16,2.35,18.03,0.34,12.33,21.06,13.85,26.3,9.83,2.41,6.9,14.92,43.88,3.63,1.43,40.37,61.03,63.56,74.21,0.98,89.84,0.24,0.06,38.24,0.06,0.76,0.15,0.67,31.89,9.4,77.05,0.21,77.11,0.0,0.4,4.64,16.78,99.69,1.77,15.11,97.1,0.43,45.9,9.43,0.15,45.56,2.17,16.45,24.72,10.19,1.71,0.03,0.0,12.15,15.14,0.31,8.15,27.31,3.54,28.32,4.97,99.76,43.76,1.56,23.92,1.46,47.67,0.37,0.95,5.89,5.58,0.52,0.18,68.94,44.34,12.88,16.94,11.9,7.29,15.69,9.46,3.57,0.31,0.06,0.43,0.09,63.5,9.58,13.0,1.16,0.0,23.28,1.5,92.86,0.7,54.56,43.85,2.75,11.08,13.06,28.41,0.09,11.26,97.86,17.33,31.98,34.85,29.63,26.24,0.24,0.03,21.82,14.59,1.34,8.54,38.54,0.18,67.5,27.95,24.05,15.23,82.09,9.92,60.82,69.27,43.76,12.69,46.05,0.76,8.15,1.01,41.62,0.43,30.91,5.65,96.12,82.39,46.87,95.58,50.63,5.98,15.5,95.85,10.62,18.89,5.65,62.65,17.52,0.31,37.6,97.92,27.59,9.8,36.74,100.0,100.0,86.91,8.18,65.88,47.79,2.23,19.26,19.1,4.7,69.91,71.93,33.11,19.47,78.7,10.1,41.41,96.46,1.74,3.97,2.17,83.03,18.46,95.48,99.21,30.09,68.45,0.18,35.46,65.43,28.5,44.34,11.66,4.55,16.66,0.09,6.23,72.54,9.46,3.81,2.56,2.41,4.61,0.49,0.46,6.44,27.53,31.46,43.88,36.13,93.99,5.55,10.13,10.71,17.33,23.74,22.58,38.11,44.77,40.62,40.07,0.24,15.29,30.21,43.27,34.06,7.2,5.28,5.28,12.88,10.89,76.05,18.49,39.18,7.72,56.42,6.99,33.72,10.8,51.57,2.14,22.73,4.24,37.29,4.18,44.71,32.44,24.47,7.66,25.48,1.13,70.83,42.08,4.36,22.03,19.77,24.47,7.9,27.49,31.22,49.71,2.5328043942630454,36.252670125114435,22.856270979554473,4.302715898687824,0.42722001830942935,17.82117790662191,1.2511443393347574,0.823924321025328,0.45773573390296
049 Lamp5 Gaba,26.25,3.59,0.47,2.86,52.24,0.13,0.17,1.88,46.13,65.54,0.38,93.29,60.24,40.1,0.04,7.78,0.21,0.26,6.93,52.84,1.67,46.9,66.91,87.3,4.75,39.72,96.49,7.05,4.53,15.9,68.62,0.34,0.0,0.51,8.38,6.37,3.51,0.47,90.42,75.67,57.72,0.04,0.47,0.56,12.53,1.11,0.0,73.32,5.0,1.54,20.48,0.21,0.68,0.26,1.24,0.21,59.81,76.31,25.22,3.42,31.3,0.0,67.98,0.51,17.83,60.75,1.67,72.04,0.38,16.16,37.96,88.63,42.58,27.58,18.34,3.16,3.51,75.37,0.17,2.05,3.89,39.16,89.1,53.27,55.45,62.55,41.9,2.86,1.92,0.13,0.21,60.62,1.03,8.08,0.34,0.09,34.5,42.88,88.93,54.13,1.58,99.7,23.73,7.65,12.74,4.57,23.04,11.16,2.27,35.78,0.43,0.04,28.94,14.49,4.79,0.13,0.6,52.37,56.39,8.17,47.76,5.26,0.0,2.69,5.64,12.57,34.42,0.64,0.38,0.04,0.34,22.57,3.59,20.31,81.87,4.66,64.51,97.65,99.57,19.24,0.04,99.96,100.0,3.33,39.33,0.04,89.31,0.13,5.94,5.86,0.0,0.38,1.67,1.58,1.92,9.62,30.18,0.47,30.06,0.34,34.29,10.86,7.99,2.69,2.69,1.75,94.61,99.23,9.49,94.7,97.05,99.96,11.59,99.83,20.01,47.8,5.56,89.01,21.68,0.17,67.29,58.19,71.7,15.09,24.45,46.3,22.79,69.52,7.31,60.5,4.96,12.48,56.48,65.54,17.44,0.34,8.08,96.96,93.97,0.04,4.28,10.65,4.28,10.9,0.09,17.74,0.0,22.96,3.55,89.57,18.08,3.29,0.21,41.86,4.62,0.56,3.85,91.49,0.51,1.58,1.8,0.26,5.64,0.26,91.45,78.97,49.38,2.18,3.38,90.72,15.95,0.13,13.42,1.37,0.51,10.9,0.13,94.57,3.55,50.06,54.47,72.08,24.11,90.81,59.26,19.97,65.97,5.09,5.9,99.74,63.87,1.33,6.07,1.07,1.28,4.28,88.03,21.38,8.89,19.97,67.29,46.13,3.85,24.75,49.64,9.92,28.0,99.4,0.13,5.09,1.5,57.8,7.31,0.77,38.91,0.26,11.03,0.94,0.38,13.68,56.82,22.23,1.15,0.04,7.4,0.3,96.19,10.43,8.25,75.67,48.05,0.6,1.62,18.3,56.35,1.03,6.46,32.19,22.32,3.04,98.03,17.44,3.72,82.68,3.63,90.42,0.68,0.26,81.45,0.77,10.26,2.35,82.39,2.14,28.17,1.58,0.73,7.74,1.97,58.4,2.09,0.34,96.41,7.99,97.91,95.47,5.64,1.88,44.76,7.52,80.12,2.31,33.99,18.51,4.32,6.11,0.21,2.86,29.12,2.82,7.91,0.38,30.53,3.25,0.51,54.42,91.11,4.7,79.56,21.08,18.9,0.26,0.09,45.83,0.0,4.83,0.17,0.64,39.76,6.8,94.4,0.51,24.8,0.09,0.3,3.59,25.78,100.0,0.98,1.41,84.74,0.73,36.55,14.88,0.13,94.27,2.61,0.86,30.01,44.42,0.81,0.0,0.04,15.31,25.65,0.21,7.91,29.84,15.09,7.87,4.02,23.98,14.19,1.62,2.82,1.33,7.27,0.56,1.62,8.64,7.14,0.26,0.04,28.6,44.76,12.31,29.71,40.53,11.07,4.62,61.86,5.43,0.09,1.07,3.76,0.26,12.65,6.93,7.27,1.88,0.04,60.24,0.51,7.87,0.47,63.32,10.35,5.52,14.62,16.12,36.94,0.13,14.62,99.57,31.89,34.33,47.71,13.6,31.38,0.13,0.04,21.21,22.79,3.85,9.88,30.65,0.34,84.91,47.63,26.38,6.28,90.12,2.65,10.56,77.94,58.02,17.1,68.7,0.81,41.34,0.13,48.74,0.34,36.0,1.15,94.57,96.67,92.69,99.1,47.11,2.48,15.09,57.93,11.37,18.77,8.29,64.04,22.74,0.34,64.6,99.79,59.34,26.76,56.48,99.91,100.0,61.61,13.81,84.78,36.94,0.38,25.18,33.09,5.3,66.22,74.26,35.1,10.26,89.78,13.77,0.17,100.0,1.37,4.4,3.76,94.14,27.32,99.57,100.0,38.18,56.35,0.04,36.85,73.75,83.67,14.75,14.96,77.04,0.47,0.04,6.8,4.15,9.62,10.39,8.81,3.04,1.41,0.43,0.17,21.55,70.93,85.89,3.29,45.96,43.69,5.81,5.6,23.26,0.26,5.39,15.99,6.63,73.11,36.81,8.47,1.45,1.62,41.13,0.68,93.12,9.62,13.81,7.44,3.42,16.03,14.96,25.65,23.9,3.98,45.28,15.99,59.21,20.78,61.56,5.34,41.56,6.33,52.24,7.57,50.49,50.88,29.93,20.44,20.99,2.18,78.28,63.83,10.22,32.79,27.79,32.75,9.32,32.96,34.67,46.09,6.284737067122702,21.333903377511756,35.87002992731937,73.96323215049166,0.5130397605814451,14.407866609662248,1.0688328345446771,1.2825994014536126,0.2992731936725096
012 MEA Slc17a7 Glut,94.93,31.95,6.98,2.18,81.22,0.48,0.4,14.63,65.51,45.58,0.48,21.26,1.61,76.26,1.36,67.17,0.13,4.94,9.29,77.41,2.64,63.48,69.2,95.13,34.04,82.61,88.68,58.31,91.49,50.1,28.54,1.08,10.12,36.55,71.74,77.84,25.03,10.37,99.95,92.24,43.07,0.05,5.87,3.61,3.56,4.82,2.71,79.04,57.98,0.8,33.68,0.15,5.22,0.38,6.6,0.38,98.69,11.32,97.41,5.8,82.08,0.1,92.27,2.18,23.14,88.15,13.43,81.85,0.4,55.92,86.65,65.36,24.02,21.91,90.04,10.62,35.04,7.51,9.64,80.25,19.28,0.58,0.83,87.35,89.88,65.36,37.42,0.73,40.66,1.33,0.55,45.11,1.61,14.78,0.13,0.45,11.9,50.3,98.72,2.46,48.44,99.5,77.61,75.3,2.74,2.46,14.46,6.28,9.44,52.89,4.47,0.68,72.87,83.46,29.94,2.69,41.16,87.47,92.19,61.65,29.57,1.78,0.65,36.7,0.93,31.68,35.14,2.28,15.89,0.23,0.7,10.14,11.32,27.31,95.81,7.51,87.88,99.7,99.67,38.15,0.78,21.84,34.61,3.87,57.0,6.5,93.65,1.43,32.98,48.64,0.1,1.86,1.26,3.61,9.14,0.78,28.16,43.9,47.94,0.93,86.5,80.22,1.46,1.63,43.6,57.83,99.97,99.97,27.66,99.02,99.47,100.0,98.19,99.9,44.53,46.54,76.78,2.36,26.0,3.66,12.02,23.39,93.2,94.8,45.91,32.71,13.48,62.35,20.11,85.14,23.92,17.85,29.72,4.12,59.14,3.54,16.69,74.47,0.5,0.1,19.1,83.28,9.19,32.96,0.35,47.59,0.5,51.88,21.49,60.52,73.39,19.0,8.21,76.98,52.08,12.3,9.01,24.75,0.65,2.41,0.83,0.2,29.94,0.18,6.98,76.28,74.8,37.63,37.47,99.85,82.05,1.0,19.93,16.89,0.93,20.53,15.84,12.25,6.1,87.68,3.04,78.44,21.66,73.97,84.16,69.85,46.03,88.3,13.5,92.92,93.72,1.98,12.55,4.29,50.4,11.95,5.05,62.45,75.7,0.93,95.36,25.68,19.78,35.62,16.37,99.1,98.57,99.65,4.32,34.99,5.95,91.04,11.57,1.71,51.33,0.75,2.01,10.84,2.66,57.91,61.45,68.25,63.3,1.36,58.18,2.91,81.55,25.93,74.7,57.71,78.79,1.08,4.97,72.62,55.07,2.99,10.64,41.77,47.24,7.48,98.07,89.33,20.46,56.38,28.74,47.74,2.84,2.31,5.65,0.95,22.54,90.89,22.41,2.03,61.42,9.34,2.54,27.81,0.4,73.19,3.89,2.66,94.43,58.96,99.55,95.01,1.96,5.55,86.47,20.43,37.4,55.72,6.9,24.0,55.62,74.02,30.3,11.77,1.15,10.49,5.87,18.37,53.87,74.1,7.18,3.19,48.8,11.04,74.97,1.68,86.52,0.3,6.2,78.49,0.25,0.43,0.45,39.71,93.52,64.88,6.73,19.8,85.42,0.15,0.5,51.13,33.73,99.97,0.18,2.23,56.22,1.51,81.28,49.07,0.15,27.91,6.17,37.1,0.28,1.86,2.61,0.15,0.15,15.34,39.63,1.23,13.76,39.86,16.97,41.77,10.92,93.02,89.66,2.59,3.74,14.13,1.41,61.62,11.9,66.29,40.54,1.26,0.13,83.28,79.47,55.8,79.39,85.72,73.85,69.95,29.72,1.41,0.45,28.04,87.27,1.98,36.77,36.82,3.04,69.2,0.28,64.66,0.53,0.98,3.16,96.76,16.47,42.82,33.76,23.54,91.69,0.05,54.64,53.46,41.42,33.63,69.25,99.7,79.44,0.83,57.28,68.15,36.17,13.25,42.92,29.94,0.88,97.44,63.68,39.91,44.03,99.67,19.88,47.54,96.76,84.91,36.6,87.47,1.83,34.66,3.01,52.94,4.09,57.76,72.11,99.85,99.87,94.25,98.64,84.31,21.03,54.42,99.9,19.55,6.98,65.81,96.16,37.9,69.18,63.5,100.0,83.51,47.19,73.62,100.0,99.92,99.37,33.71,97.97,78.51,1.18,64.51,48.34,10.07,74.52,74.75,81.1,9.64,98.02,77.36,0.6,60.62,6.63,6.02,18.9,99.0,70.26,99.85,100.0,54.52,46.08,0.55,32.28,93.27,56.38,46.71,10.52,20.96,0.8,30.77,30.25,4.47,12.53,62.83,9.91,2.86,9.79,1.63,1.41,33.68,82.96,49.05,94.0,68.35,99.52,1.48,3.61,2.74,4.97,13.23,28.21,76.76,85.94,77.91,17.12,17.8,50.68,67.12,16.49,63.96,75.68,49.02,40.26,6.48,56.28,59.24,12.65,97.79,23.62,40.24,20.06,79.27,9.74,85.39,15.66,59.96,12.17,70.48,20.63,88.81,78.04,61.62,26.03,53.46,6.38,98.74,74.6,11.45,51.88,39.98,35.97,12.2,41.37,60.07,91.77,11.119477911646586,38.75502008032129,48.1425702811245,38.403614457831324,0.0,35.918674698795186,62.67570281124498,2.86144578313253,2.1586345381526106
113 MEA-COA-BMA Ccdc42 Glut,79.63,1.04,17.64,1.38,61.68,0.56,1.11,66.17,11.8,62.73,0.41,79.42,1.31,74.9,0.08,19.4,0.27,0.97,7.78,63.45,0.57,52.21,88.23,87.58,95.99,71.33,51.31,70.08,6.31,78.96,83.57,0.71,0.24,0.95,52.98,84.07,65.66,34.57,99.55,96.69,10.67,0.03,18.23,7.28,4.99,5.86,47.98,36.51,56.0,0.47,1.13,0.17,4.26,0.77,3.86,0.27,97.64,20.24,97.96,20.8,69.29,0.28,90.14,21.78,5.99,77.41,15.43,81.49,0.37,86.38,80.67,10.32,77.87,39.61,94.4,11.41,8.93,9.09,2.04,24.18,14.22,0.39,0.31,83.05,80.41,85.7,36.59,1.14,39.2,0.85,0.92,35.54,1.08,14.29,0.03,0.35,24.17,48.85,98.61,2.9,39.32,98.11,77.67,96.72,51.54,4.5,14.06,3.54,2.06,55.16,23.67,5.86,62.39,68.14,22.58,2.24,0.57,83.79,82.53,8.21,32.1,0.7,53.35,0.34,1.2,11.36,68.69,5.94,52.66,0.17,0.82,12.1,9.72,11.0,97.95,25.41,85.94,99.25,99.06,31.23,2.88,21.48,30.51,9.42,34.0,35.61,67.39,1.12,23.15,25.13,0.05,1.5,3.27,21.98,12.0,0.51,14.74,56.83,21.3,0.98,67.19,58.71,0.57,0.56,35.86,19.69,99.84,99.99,50.16,98.75,98.03,100.0,97.8,99.94,83.57,66.27,67.75,1.65,25.94,15.86,5.25,37.35,86.46,79.56,68.76,38.89,19.68,53.72,16.41,78.32,5.49,45.96,32.82,8.43,87.47,2.11,8.32,64.09,0.94,0.06,1.56,50.06,34.64,24.15,0.25,93.78,0.55,44.32,58.6,8.51,32.0,75.99,0.42,34.27,34.29,52.74,66.74,31.61,0.7,2.72,1.22,0.18,2.99,0.19,5.13,47.23,68.89,0.34,59.95,99.49,90.24,12.99,10.76,18.3,0.58,32.64,0.41,19.44,6.59,56.49,1.92,81.02,34.44,83.25,87.78,86.98,82.12,6.78,0.62,9.02,99.4,0.89,8.55,5.27,14.94,31.83,5.41,61.75,25.46,0.61,99.37,15.77,2.59,17.51,40.72,97.08,93.28,98.98,7.19,0.9,4.74,91.98,8.04,5.95,55.86,0.92,2.39,36.02,24.81,68.94,82.18,63.02,69.99,30.92,5.18,4.03,74.14,51.47,48.0,8.68,62.9,0.98,39.87,59.23,6.26,6.54,75.68,34.57,41.55,7.01,95.6,50.42,15.4,56.1,32.71,67.0,0.89,0.74,6.8,1.05,18.05,1.83,7.5,0.23,77.43,1.8,2.95,53.35,0.21,10.03,8.29,1.76,95.76,8.21,99.35,89.86,0.49,4.68,70.96,62.79,91.57,98.45,13.86,4.76,13.67,66.12,57.49,4.4,2.1,10.82,4.34,80.33,63.1,45.69,7.52,3.46,95.73,5.38,48.44,6.95,33.72,0.31,13.79,71.25,0.11,0.24,0.4,98.77,10.42,7.91,7.39,11.43,62.26,2.98,0.45,93.62,31.72,99.96,0.1,19.82,97.53,1.64,81.4,38.15,0.1,33.15,7.57,24.8,0.29,2.11,3.3,0.18,0.15,18.84,44.22,0.18,3.75,40.64,6.9,53.44,7.39,19.23,41.27,8.2,4.04,46.86,1.39,3.51,3.71,3.06,17.17,2.19,0.26,33.21,63.76,21.41,75.74,77.51,72.52,74.88,46.38,9.16,0.48,2.25,72.9,0.37,66.0,95.21,11.35,96.09,17.63,92.27,0.56,0.85,0.26,93.25,42.52,75.1,33.44,22.83,89.11,0.21,29.12,8.77,29.21,34.97,68.04,46.09,44.25,0.93,0.64,74.33,44.44,84.49,5.7,54.17,0.19,92.06,63.49,79.52,24.09,99.31,4.71,86.63,90.34,75.4,20.55,73.4,2.07,51.18,44.23,42.65,2.86,39.58,26.89,99.46,98.93,95.97,99.02,80.51,37.1,53.95,99.94,11.52,1.66,42.14,96.66,31.42,20.5,47.3,100.0,57.2,35.66,71.1,100.0,99.83,94.45,37.03,97.36,48.17,1.21,75.06,61.22,0.95,96.96,68.3,74.54,16.02,76.88,1.38,1.11,64.33,1.0,37.75,28.99,98.64,58.98,99.59,100.0,38.24,65.73,0.3,47.95,84.86,41.15,9.49,14.63,1.55,2.62,4.6,42.81,21.15,7.44,96.08,7.38,1.79,81.3,1.15,2.16,8.81,73.79,84.16,84.68,28.4,99.76,0.39,13.47,10.66,0.26,65.37,2.28,59.91,79.83,70.37,12.2,0.74,49.78,56.37,25.09,77.56,91.98,4.1,63.96,4.72,67.09,45.86,9.52,91.06,7.83,89.26,14.03,75.84,47.1,80.15,21.21,60.59,0.61,68.87,21.19,74.36,56.82,64.78,19.21,1.1,5.42,96.67,60.69,9.06,45.84,37.77,39.88,10.31,39.6,87.17,76.15,13.724880878392376,34.307022995649476,57.56163248394448,11.414957530557283,0.10358400662937642,18.116842759477937,71.56619018023616,0.8804640563496996,4.951315516884193
120 MEA Otp Foxp2 Glut,79.59,0.8,2.79,1.33,71.81,0.2,0.33,25.4,33.91,69.75,0.27,82.98,4.19,73.27,0.07,5.65,0.53,1.2,5.25,73.47,0.27,87.23,88.03,94.75,97.74,75.86,27.53,44.55,6.65,75.8,54.59,0.73,0.2,2.46,94.61,61.04,91.16,68.09,99.0,97.54,3.26,0.0,28.12,1.4,9.44,49.53,16.36,49.67,48.01,0.33,1.06,0.4,2.93,0.4,3.52,0.33,91.09,2.59,97.41,41.02,64.63,1.46,88.76,2.93,9.57,78.99,55.12,63.36,0.53,85.84,81.18,8.38,93.95,32.25,94.41,3.06,4.39,8.64,1.06,36.5,6.72,0.47,0.8,92.42,78.86,81.38,36.77,1.13,52.66,0.86,15.82,33.71,0.86,14.69,0.0,1.26,25.07,43.22,97.47,2.93,28.72,99.67,39.76,90.09,22.81,2.46,12.43,2.06,0.93,54.12,3.46,0.13,59.51,47.54,14.1,3.06,0.07,79.65,28.52,4.59,16.36,4.79,71.68,0.07,6.78,8.24,71.28,4.72,88.03,0.33,0.53,6.18,6.78,9.11,94.55,99.0,85.24,99.4,98.07,30.72,5.12,24.93,30.12,10.37,75.47,11.84,48.8,1.2,31.05,10.37,0.13,1.13,1.06,5.19,5.19,7.98,41.02,18.82,31.78,0.66,70.01,75.8,0.86,0.47,31.58,75.33,99.6,100.0,13.9,98.67,97.01,99.87,90.36,99.8,56.32,49.0,74.27,24.73,24.0,3.26,10.51,51.0,81.91,94.68,70.21,71.34,2.33,50.47,14.89,85.37,25.13,11.24,25.0,70.28,98.34,3.46,30.65,59.64,1.0,0.07,1.86,42.89,2.99,65.49,0.53,98.4,0.53,31.12,77.39,47.34,61.84,84.24,0.27,12.9,41.29,27.53,20.41,57.78,0.6,2.39,6.85,0.4,19.81,0.33,2.99,49.8,84.97,0.47,28.52,99.47,84.38,38.5,3.72,81.98,0.53,16.82,0.53,86.64,5.25,86.04,0.6,41.56,12.83,91.69,86.84,33.11,62.1,1.66,2.33,8.11,99.67,1.86,6.18,4.85,7.45,1.26,4.12,68.22,35.84,0.66,84.64,10.77,0.93,10.04,57.25,97.21,84.44,98.74,34.11,2.33,3.46,67.09,7.51,48.07,64.69,0.33,4.19,21.28,13.1,77.79,91.56,73.54,71.54,97.87,1.13,4.85,82.38,31.98,14.96,30.19,72.21,1.2,13.83,45.15,1.26,6.72,15.69,35.31,27.59,9.57,88.5,64.63,15.62,70.28,71.68,84.18,1.13,0.66,12.77,0.47,37.97,2.53,1.2,0.2,74.6,1.86,3.06,35.84,0.33,39.1,3.86,2.53,91.49,16.95,99.53,99.47,1.06,5.45,76.6,63.43,92.62,99.87,13.16,1.73,14.43,83.51,37.23,4.65,3.06,9.91,1.0,73.74,62.23,97.47,37.17,29.99,94.28,4.59,59.57,0.66,26.6,0.4,5.39,69.55,0.27,0.2,0.33,98.6,3.39,11.77,7.51,46.08,76.53,0.27,0.6,85.9,37.17,99.87,0.07,3.66,96.94,1.13,47.27,42.62,0.07,7.25,9.71,3.72,0.2,1.86,5.85,0.0,0.2,18.22,62.43,0.0,8.24,41.69,11.37,34.24,6.12,18.68,26.66,11.97,4.92,45.41,1.93,43.09,5.45,8.64,2.26,1.99,0.6,83.18,61.17,15.69,69.48,76.4,92.22,87.63,11.57,4.99,0.33,63.96,41.02,0.27,69.22,99.27,5.39,67.42,1.0,96.61,0.93,1.26,0.2,90.03,37.9,79.99,31.32,23.87,87.63,0.07,26.86,6.25,32.91,37.17,66.89,36.5,43.35,5.92,2.66,60.64,42.15,15.56,19.41,50.27,0.07,90.49,50.73,60.37,14.56,98.74,7.78,66.16,90.69,74.67,21.68,76.4,1.8,49.67,34.84,45.15,0.33,40.29,62.7,99.67,98.74,88.9,99.14,39.56,22.27,55.78,100.0,19.55,1.2,35.44,95.08,29.65,0.86,68.48,99.93,56.65,31.18,82.91,100.0,99.93,98.54,34.51,97.81,16.62,0.93,75.93,76.33,0.8,86.3,57.45,75.33,13.83,63.16,1.06,1.8,94.41,1.93,31.58,39.3,99.07,54.12,99.93,100.0,36.17,42.15,0.33,47.74,98.6,56.65,2.79,5.52,1.26,0.47,0.86,60.84,34.64,25.93,91.89,4.12,10.04,80.12,0.8,1.26,19.68,88.23,91.62,80.72,41.95,98.74,0.2,21.08,36.3,0.33,62.5,2.86,71.68,87.43,74.14,19.55,1.93,53.06,46.68,28.72,76.46,88.7,16.22,95.68,49.73,90.62,86.1,15.16,98.8,14.03,86.24,19.88,61.1,14.16,78.39,16.89,67.09,0.47,66.56,17.75,76.66,58.18,74.2,16.56,1.0,4.65,95.74,70.81,12.17,47.74,34.71,40.23,11.64,49.6,84.44,58.38,12.965425531914892,40.625,38.96276595744681,10.23936170212766,0.13297872340425532,29.654255319148938,68.75,0.3324468085106383,2.859042553191489
121 MEA-BST Otp Zic2 Glut,79.44,0.56,4.86,1.83,59.6,0.64,0.48,67.73,12.75,79.04,0.88,24.7,5.5,74.9,0.24,72.59,0.24,3.59,5.58,69.72,0.72,73.15,82.87,88.84,92.59,72.35,38.41,54.82,27.97,77.05,78.96,3.67,0.8,4.46,77.85,89.64,79.6,46.37,99.12,96.81,5.42,0.08,7.33,65.9,17.77,28.53,4.06,11.16,27.09,0.4,5.98,0.16,17.13,0.8,2.15,0.08,91.55,31.55,98.41,25.9,57.69,2.47,90.36,7.09,7.81,52.43,49.08,50.76,0.8,69.08,68.45,63.82,83.11,66.37,94.82,7.17,19.92,14.66,1.2,16.97,39.76,0.4,0.08,64.78,80.16,84.86,35.06,1.27,29.16,0.64,2.39,47.09,0.48,14.82,0.08,0.24,31.71,40.48,97.53,3.67,29.72,97.53,65.18,86.53,3.27,11.39,9.64,1.67,2.07,55.06,16.73,18.49,53.47,40.4,14.18,1.99,0.16,82.63,66.53,11.39,20.8,0.72,44.86,0.24,15.22,12.83,63.03,2.71,7.89,0.48,0.56,7.57,5.9,4.94,96.89,36.18,87.09,99.52,99.2,32.67,3.75,22.23,31.39,6.61,55.38,14.34,89.96,1.43,63.98,20.16,0.32,1.59,1.35,3.59,6.37,2.31,19.52,71.08,23.59,1.04,52.83,65.98,0.96,0.96,23.51,19.04,99.28,99.92,41.91,98.09,99.2,99.84,96.65,100.0,73.78,43.82,57.53,1.67,22.95,12.51,50.28,45.74,82.23,66.29,55.62,45.02,5.1,57.13,13.71,79.84,19.52,51.55,37.61,10.52,77.77,2.55,6.45,27.89,2.47,0.0,1.67,76.02,3.98,22.95,0.32,75.3,0.56,29.64,62.31,13.86,38.17,63.59,0.4,16.49,25.34,6.37,29.8,29.32,0.72,3.59,5.82,0.48,10.52,0.16,21.43,59.92,59.44,1.83,59.44,98.96,82.15,20.4,13.55,50.76,0.96,17.21,0.32,66.69,8.45,58.65,1.2,73.86,22.63,68.05,79.76,63.43,70.12,14.9,13.23,17.29,98.09,1.83,8.05,6.61,23.11,12.43,5.66,58.17,37.05,0.56,75.94,13.39,1.43,11.39,47.73,87.33,96.65,98.8,13.86,2.87,4.22,91.71,37.53,11.0,58.33,1.27,4.46,12.27,12.11,66.37,55.78,65.66,66.77,94.02,1.59,2.55,73.39,58.41,61.04,15.94,85.66,1.43,3.03,61.91,28.29,3.98,20.4,34.66,28.53,9.8,97.37,62.63,20.32,63.11,53.94,88.05,2.63,1.43,15.06,0.48,9.4,4.14,3.98,0.08,83.98,3.19,1.27,46.93,0.48,45.66,7.73,2.87,93.94,3.98,98.41,96.02,1.99,6.93,85.9,50.84,85.74,99.04,23.51,23.51,11.0,82.55,38.25,5.5,0.56,11.95,1.12,78.09,49.08,33.23,8.69,1.51,94.1,5.58,95.38,0.96,45.02,0.24,87.97,70.2,0.0,0.32,1.27,98.8,26.77,15.78,11.47,35.3,51.16,0.64,0.48,83.43,35.38,100.0,0.32,46.45,91.55,1.99,71.24,36.65,0.32,19.76,6.53,6.85,0.48,2.47,15.54,0.08,0.08,18.41,36.41,0.24,11.08,36.81,37.29,66.85,9.8,75.14,34.5,11.87,7.57,32.67,2.07,25.9,9.08,6.77,1.83,2.15,0.4,38.01,69.48,37.21,55.54,71.87,89.0,88.29,44.3,4.38,0.88,13.55,80.32,0.32,52.83,98.57,4.94,98.96,0.56,87.89,0.72,0.64,0.64,93.78,35.06,46.85,33.31,22.39,95.06,0.48,33.47,78.09,28.37,36.73,64.3,37.21,46.14,69.72,60.56,75.54,42.23,77.85,15.86,26.61,0.64,89.48,57.13,70.84,19.28,99.28,10.12,75.94,92.03,72.83,26.06,70.84,2.15,40.48,39.44,40.96,0.48,39.28,79.44,99.6,99.28,99.52,99.68,47.97,23.43,60.56,100.0,21.2,2.23,29.08,94.74,29.32,1.2,59.12,100.0,67.49,31.63,73.94,100.0,98.17,93.78,30.28,97.61,33.47,1.59,59.6,61.27,1.04,96.89,53.55,75.86,12.83,78.41,2.47,0.4,78.33,4.94,30.44,46.93,97.77,55.06,99.6,100.0,38.01,50.84,0.4,51.24,87.65,74.02,3.27,6.22,5.26,0.56,0.88,57.29,27.17,10.28,92.91,4.62,1.43,76.25,0.64,0.16,43.59,85.66,95.54,59.04,42.07,98.41,1.59,4.22,41.83,0.4,50.04,4.22,58.65,69.56,54.5,59.04,1.2,51.47,61.67,17.53,76.97,83.82,16.02,46.29,17.61,31.08,86.22,25.26,66.29,9.16,69.08,16.81,70.76,23.03,79.76,22.15,58.41,1.51,66.61,16.65,71.55,52.75,55.3,16.73,0.56,5.02,96.25,57.45,8.21,41.99,33.31,40.48,12.43,41.35,82.79,83.43,14.103585657370518,35.37848605577689,33.46613545816733,39.68127490039841,0.0796812749003984,23.50597609561753,52.98804780876494,0.1593625498007968,2.4701195219123506
119 SI-MA-LPO-LHA Skor1 Glut,45.73,1.1,4.77,1.65,73.44,0.83,0.73,14.04,24.04,70.92,0.5,53.9,27.61,67.16,0.32,18.9,0.32,1.19,4.72,78.85,0.32,24.13,45.64,94.59,62.11,73.07,49.08,56.1,21.1,60.64,80.87,12.39,0.37,36.56,91.74,43.39,86.93,2.98,92.34,90.37,0.69,0.0,4.77,1.15,50.09,31.74,1.33,36.56,4.17,0.83,6.79,0.09,2.52,0.41,2.94,0.0,67.43,28.21,84.59,46.93,36.01,2.25,94.4,6.1,13.99,22.34,58.3,53.85,0.55,52.06,16.7,64.95,68.49,83.53,86.33,2.16,27.75,14.68,0.28,6.42,5.05,0.55,0.46,29.68,59.5,45.64,37.75,3.9,14.86,1.19,3.67,39.27,1.19,15.0,1.15,0.32,52.75,24.45,96.38,2.06,3.67,97.84,60.83,36.97,15.6,28.85,22.98,18.21,5.87,63.53,5.92,3.81,54.68,13.44,4.72,0.96,0.73,85.69,36.7,22.39,34.63,7.94,16.83,21.1,2.94,6.56,77.57,1.33,30.87,0.0,3.26,20.37,3.58,5.6,92.75,7.84,88.17,99.45,97.98,29.17,2.39,24.17,45.05,5.41,22.39,11.97,89.17,1.42,10.6,29.86,0.05,1.7,1.61,3.49,2.25,2.02,22.8,19.95,16.79,0.96,62.48,46.88,5.55,0.32,24.36,45.5,99.59,100.0,41.65,99.13,74.5,100.0,97.39,99.5,67.11,40.37,62.16,4.31,30.41,12.39,48.49,78.49,79.08,70.41,10.69,32.06,13.53,74.45,17.25,83.76,25.6,12.84,54.86,23.94,81.7,2.98,28.76,59.45,17.25,0.09,2.29,52.25,0.5,60.78,0.09,75.28,0.28,33.17,31.7,37.89,45.28,46.93,11.38,37.84,18.44,0.55,8.62,22.39,0.55,3.53,7.2,0.23,37.25,0.32,10.14,76.33,64.77,0.41,14.27,99.54,48.26,4.5,9.08,18.44,1.19,64.54,0.23,63.21,4.45,69.72,17.98,83.44,75.05,36.56,20.09,55.23,83.85,7.89,8.3,46.7,61.88,1.01,9.13,33.72,2.98,8.81,6.93,11.42,33.9,0.5,99.4,32.94,0.87,8.07,57.48,85.55,94.91,99.5,16.19,26.65,2.66,58.49,25.5,64.95,55.05,0.96,7.06,17.11,39.27,64.54,55.14,51.97,8.94,1.7,8.3,1.56,44.77,53.67,35.18,17.34,57.94,1.79,4.31,56.38,12.16,5.64,9.04,27.94,34.13,11.28,94.17,41.51,11.88,80.64,82.34,30.32,1.47,1.15,4.86,0.96,5.78,10.55,2.75,0.55,50.14,1.15,7.48,77.71,3.62,36.93,0.92,20.28,74.17,4.72,98.99,97.2,0.83,4.36,58.49,33.72,93.67,90.09,77.61,3.58,5.83,23.44,39.82,8.03,2.34,15.96,1.15,41.65,66.15,61.42,7.75,50.87,37.29,51.06,73.62,20.87,72.52,0.14,1.15,78.3,53.58,0.55,0.78,99.45,9.86,15.46,11.56,2.29,79.95,0.05,0.23,48.3,54.54,100.0,0.78,14.27,78.49,2.39,73.9,25.92,0.05,74.13,6.42,0.64,0.32,2.11,1.97,0.23,0.46,21.42,15.09,0.05,23.07,44.82,16.65,40.05,29.82,25.64,59.68,20.6,25.41,12.16,1.1,32.2,5.23,17.8,77.29,44.82,0.14,68.07,69.82,20.32,90.28,54.86,95.6,72.71,19.59,1.01,0.32,0.83,9.63,3.49,51.97,91.42,26.79,68.99,1.97,84.31,0.37,0.87,2.39,90.73,48.12,14.59,31.24,28.53,84.45,0.37,20.92,77.98,28.26,43.99,60.41,14.63,41.7,31.83,21.24,68.76,50.46,6.24,41.93,45.37,0.05,93.81,62.11,44.5,24.22,98.3,10.46,74.31,93.12,76.7,27.06,73.76,3.72,37.8,2.06,53.07,0.14,50.83,20.37,99.95,97.8,80.23,99.45,81.06,21.28,85.83,95.87,22.16,6.74,35.96,92.48,35.87,14.27,70.32,97.11,16.01,32.52,79.54,100.0,93.21,92.98,26.56,95.78,61.28,0.83,44.17,76.65,0.55,76.51,55.73,71.19,13.12,75.18,8.81,4.5,94.54,1.38,22.2,24.63,98.3,41.97,99.86,99.27,49.08,59.36,0.5,37.57,94.22,29.22,18.35,10.18,3.58,0.32,0.14,35.0,23.17,8.17,37.43,26.83,66.01,19.36,1.79,0.41,25.96,62.02,62.06,45.6,28.85,96.1,19.4,19.63,17.16,0.37,38.03,1.79,40.83,51.01,67.89,35.6,20.18,4.54,59.5,49.63,71.97,14.45,46.61,48.81,44.95,52.29,79.17,44.17,88.49,10.69,76.74,17.43,84.91,32.29,81.56,13.12,60.18,5.05,62.84,16.24,68.07,47.43,60.87,21.74,5.78,5.46,94.86,62.84,15.5,60.23,37.94,35.87,16.19,45.41,81.93,79.4,16.10091743119266,17.61467889908257,53.76146788990825,37.61467889908257,0.6422018348623854,51.23853211009174,46.284403669724774,0.09174311926605505,2.4770642201834865
073 MEA-BST Sox6 Gaba,76.37,2.78,6.21,1.93,72.95,0.29,0.63,19.62,30.65,75.53,0.43,73.16,15.53,68.9,0.09,13.99,1.09,1.25,16.68,70.01,0.6,72.59,60.34,86.98,87.26,68.93,65.0,7.93,5.84,64.47,85.24,0.92,0.82,1.75,81.83,64.61,47.13,6.88,99.45,92.84,14.0,0.01,15.5,0.79,19.38,34.58,11.42,15.32,29.45,0.48,4.08,0.21,3.41,0.51,7.69,0.16,94.08,35.7,91.74,24.94,55.19,0.64,90.4,21.76,9.96,69.43,30.01,76.26,0.52,81.55,58.78,45.17,72.74,48.1,72.54,11.79,14.93,10.72,0.82,32.22,11.28,0.65,3.41,77.56,73.68,64.47,34.97,2.31,36.13,0.62,0.92,38.04,0.37,13.23,0.06,0.44,28.24,20.6,97.67,76.19,23.55,97.23,66.24,78.72,23.62,10.35,19.64,10.74,5.82,53.07,2.91,0.31,72.77,54.01,26.25,1.1,0.15,83.34,50.89,22.89,40.53,2.48,0.62,0.1,7.05,10.03,59.38,4.84,63.88,0.33,0.64,29.19,17.05,19.23,95.05,32.42,86.61,99.21,97.3,29.52,9.12,97.4,99.74,7.74,39.24,26.26,75.99,1.07,16.81,51.02,0.06,1.5,1.37,6.05,3.4,2.5,13.75,22.94,19.08,0.96,60.28,57.74,4.31,0.7,25.22,51.65,99.94,99.99,87.11,98.76,95.78,99.97,91.8,99.85,77.6,49.75,43.91,11.04,28.7,4.11,11.35,41.72,87.51,67.51,50.34,35.26,21.11,63.32,14.47,81.59,23.96,31.03,36.59,38.25,65.26,3.4,24.49,29.74,2.45,0.03,3.22,73.57,12.38,23.12,0.34,69.7,1.15,48.0,64.27,10.9,36.63,62.42,0.44,11.18,22.13,8.04,32.97,31.01,0.6,5.27,4.16,0.17,12.17,0.11,20.02,67.8,71.76,1.13,25.01,98.92,74.58,5.89,11.5,10.95,0.57,41.33,0.61,30.87,3.4,64.6,2.45,46.46,38.79,57.54,68.16,64.12,81.02,0.77,0.1,38.98,71.64,2.07,17.76,10.67,11.68,6.61,5.99,22.56,36.4,17.63,98.95,33.95,3.0,25.1,40.17,3.29,95.07,99.52,4.01,17.5,3.71,73.98,2.31,0.93,60.0,1.0,3.84,17.59,32.15,63.8,58.15,61.21,36.08,1.5,12.03,2.86,70.04,40.7,50.14,21.47,70.96,1.37,15.74,60.37,15.16,7.18,37.32,35.23,41.1,5.94,89.96,40.03,22.85,36.78,61.36,43.3,1.09,0.95,34.99,0.83,8.78,3.61,56.99,0.4,61.87,0.72,1.26,48.68,0.38,30.06,3.52,2.84,92.02,9.33,98.79,87.46,1.1,3.97,61.64,49.87,88.71,51.33,41.55,1.99,12.19,39.24,17.06,0.78,4.42,12.62,1.67,83.71,65.62,29.47,6.8,17.02,75.35,19.8,62.56,1.95,37.07,0.37,0.44,69.71,0.15,1.62,0.24,4.85,3.34,10.22,98.09,4.03,49.11,0.3,0.45,53.72,45.23,99.94,1.53,10.02,93.39,1.82,75.47,28.79,0.07,29.19,58.17,12.61,31.65,13.21,2.5,0.15,0.2,19.7,32.22,0.22,8.43,45.28,10.9,32.92,6.78,43.17,13.6,5.62,12.07,18.87,6.77,11.45,20.15,11.98,1.47,1.69,3.92,41.31,70.21,26.59,42.71,69.32,16.97,70.72,48.35,7.69,0.47,0.77,26.57,0.34,71.83,93.91,5.12,38.87,0.79,94.98,0.49,1.15,1.36,88.23,39.08,64.76,28.41,23.63,92.12,0.16,27.09,24.92,30.56,39.35,63.78,47.04,49.14,0.86,0.99,67.52,44.72,3.01,13.83,43.76,0.39,91.86,54.12,50.68,27.88,98.16,3.39,89.7,91.45,74.39,21.56,77.27,1.6,37.54,24.5,48.29,4.5,45.08,17.02,99.39,98.7,95.09,99.61,68.77,21.46,30.22,99.35,10.92,7.39,43.48,95.76,32.84,0.61,65.38,99.95,50.84,28.18,67.8,99.98,100.0,96.3,25.1,92.56,61.63,1.0,56.44,63.86,1.55,92.98,68.79,72.75,26.72,85.45,4.26,1.62,96.39,4.37,15.93,11.98,97.92,52.89,99.71,100.0,41.67,70.44,0.34,43.53,79.95,48.58,2.4,4.88,4.14,2.94,0.94,33.88,31.25,10.88,77.14,23.4,18.31,50.5,4.39,0.51,13.56,75.86,56.32,65.41,40.41,98.62,2.67,12.53,22.09,0.25,34.11,10.18,59.46,78.45,72.64,21.77,2.75,29.71,51.34,14.04,67.88,69.51,7.62,40.69,20.34,56.48,42.67,13.22,77.31,8.35,80.2,12.2,76.75,46.01,80.63,16.39,56.19,2.26,73.53,16.06,75.4,42.5,56.54,22.21,1.17,4.46,94.76,61.15,15.44,51.09,33.91,35.24,11.03,41.38,83.76,89.95,11.499138426191843,24.951177484204482,43.04422745548535,88.79954049396899,0.05743825387708214,35.3819643882826,79.89661114302126,0.5284319356691557,12.142446869615164
074 MEA-BST Lhx6 Sp9 Gaba,82.87,0.62,5.48,1.61,76.38,0.43,0.2,15.23,12.47,70.61,0.43,60.87,10.34,69.68,0.19,3.33,2.71,0.98,14.01,74.99,0.28,76.71,52.84,76.16,92.82,74.57,21.53,13.4,1.72,56.54,63.66,3.06,0.15,3.67,83.64,89.17,58.72,3.68,98.95,95.56,11.04,0.02,35.74,5.2,15.88,35.54,7.37,30.23,18.76,0.39,2.49,0.2,1.97,0.54,11.13,0.19,87.8,20.55,96.86,11.3,54.68,0.2,90.9,4.83,6.86,73.36,37.86,56.8,0.51,86.64,66.55,26.5,70.42,81.13,61.06,9.52,13.93,14.47,0.36,35.04,8.37,1.49,0.65,80.53,73.07,88.52,34.86,3.42,47.83,0.62,0.19,30.58,0.26,13.53,0.05,0.19,21.79,14.67,98.36,45.18,14.81,97.49,48.04,84.66,5.12,4.91,16.98,7.91,8.3,57.44,2.89,0.2,71.91,59.0,26.34,1.1,0.06,83.87,45.75,16.38,40.12,3.9,0.57,0.11,15.23,12.89,72.95,10.06,86.4,0.26,0.73,24.58,15.57,30.65,93.69,66.46,86.72,99.35,95.51,32.22,16.99,96.33,99.95,8.44,51.04,13.03,65.86,1.32,30.04,57.56,0.03,1.21,1.44,4.95,3.92,0.87,16.59,40.61,23.14,0.98,58.32,42.28,3.45,0.54,24.02,33.71,99.95,99.98,88.92,98.89,93.16,99.92,89.82,99.94,67.88,44.08,45.89,5.74,23.06,4.8,13.11,26.36,87.85,61.45,39.72,30.89,47.21,61.65,14.81,87.37,25.89,17.78,32.33,29.08,69.87,2.4,20.4,22.89,4.24,0.14,2.43,49.17,6.75,51.48,0.22,81.8,1.02,43.8,59.45,22.6,32.5,62.76,0.22,4.49,22.83,1.83,42.49,22.95,0.67,88.66,2.23,0.25,8.74,0.23,23.88,56.99,72.43,0.71,14.89,98.99,76.94,14.25,7.2,7.0,0.57,17.81,0.23,30.09,6.62,74.18,2.26,58.71,14.33,59.15,83.47,61.6,63.4,0.68,0.22,9.43,67.27,1.53,14.08,3.51,8.31,3.33,7.24,25.82,15.08,58.63,88.61,31.85,16.27,26.84,34.56,2.72,97.25,99.66,15.83,8.09,3.42,52.42,5.18,1.58,59.98,0.79,6.07,21.1,27.69,70.14,87.87,67.65,25.63,1.52,11.87,3.2,55.84,48.88,41.51,5.54,68.7,1.22,13.74,47.08,3.2,9.39,19.61,36.25,31.78,4.67,88.13,37.11,7.49,51.8,81.27,34.44,1.44,0.79,44.11,7.18,5.11,2.03,7.07,0.25,78.07,0.93,0.56,41.15,0.2,49.57,2.06,3.71,76.09,8.11,98.7,95.43,1.73,4.21,54.11,60.98,90.2,55.05,52.87,3.0,13.56,47.13,11.75,11.19,2.24,11.72,2.49,90.17,55.13,27.61,6.52,4.07,54.56,7.26,81.81,2.28,28.42,0.26,0.53,73.83,0.26,1.13,0.36,5.36,3.11,10.71,98.67,4.53,56.15,0.29,0.42,57.96,49.02,99.94,0.17,1.47,84.45,1.56,84.14,30.27,0.17,27.35,48.71,3.82,0.88,79.0,2.72,0.12,0.06,28.85,16.31,0.25,6.9,44.99,9.26,50.13,9.86,23.0,17.54,5.39,18.79,50.44,1.58,19.72,20.59,10.88,1.83,1.67,1.04,65.92,34.72,30.34,55.55,81.91,9.66,76.32,27.66,3.64,0.37,0.93,31.7,0.29,75.67,96.63,4.07,64.49,1.53,95.36,1.07,1.18,0.46,83.44,42.16,60.69,28.93,23.54,92.76,0.28,23.73,12.82,32.33,41.2,63.38,30.04,42.7,0.76,0.26,70.11,47.58,3.14,6.45,43.74,0.45,90.73,51.08,45.32,15.29,98.55,3.22,84.27,91.02,74.59,19.95,75.17,1.7,35.71,35.64,45.84,1.61,43.23,57.93,99.64,99.13,98.3,99.78,64.77,15.91,45.15,96.46,14.89,3.99,33.08,96.39,31.61,0.79,71.83,99.98,63.09,30.18,67.05,100.0,100.0,98.95,23.46,93.81,63.21,1.21,51.04,66.83,1.01,97.46,66.32,70.44,25.06,72.3,4.27,0.59,98.99,0.48,13.56,6.79,98.24,55.77,99.72,99.98,40.78,68.57,0.39,46.51,85.08,37.13,2.62,9.02,2.69,3.0,3.39,36.84,28.05,33.74,92.06,22.86,7.07,70.64,1.72,0.2,12.65,84.35,67.81,28.22,39.19,99.13,1.42,31.54,16.81,0.2,42.42,6.19,38.97,88.3,73.87,22.94,1.47,39.28,39.65,5.63,65.14,72.25,6.76,20.01,14.47,25.46,43.49,23.45,68.91,4.38,84.32,14.44,72.78,35.81,80.36,15.18,58.98,0.7,71.88,17.03,79.37,48.13,59.77,22.8,2.09,4.36,95.12,58.78,16.76,50.3,37.41,37.16,11.3,44.27,85.88,82.45,7.8006500541711805,16.82402104937316,33.64804209874632,61.21343445287108,0.13929732239591394,24.593716143011918,64.03033586132177,0.49527936851880516,54.52716297786721
082 CEA-BST Ebf1 Pdyn Gaba,84.9,1.05,8.37,1.41,71.65,0.57,0.13,24.92,34.45,62.2,0.43,77.32,14.15,71.63,0.11,3.5,0.49,1.09,12.03,68.19,0.49,65.66,79.13,79.06,92.58,73.86,97.85,2.74,0.86,60.97,73.21,0.88,0.62,10.58,92.66,53.29,41.65,2.5,98.79,92.51,0.86,0.0,13.12,3.26,22.67,23.51,3.01,13.82,25.38,0.65,6.12,0.09,19.7,0.45,6.5,0.17,66.12,44.83,87.3,25.74,42.22,1.79,90.41,19.38,8.15,81.88,21.38,70.69,0.56,68.65,77.95,83.2,66.74,61.21,74.43,3.75,17.36,2.15,0.79,23.72,26.26,0.65,0.43,56.12,74.29,53.43,39.85,12.4,33.23,0.49,2.48,33.62,0.69,14.48,0.01,3.5,25.55,13.71,98.29,5.04,22.94,86.78,57.95,94.33,38.86,14.71,15.23,6.12,6.57,55.0,73.28,0.24,67.73,49.4,26.46,1.09,0.09,83.95,93.7,17.59,35.29,0.72,0.57,0.06,4.05,11.86,55.3,3.3,28.47,0.56,0.67,13.88,13.41,11.38,94.4,20.24,86.51,99.5,88.37,36.08,31.97,98.82,99.86,5.81,36.05,5.38,83.16,0.89,30.51,47.67,0.04,1.79,1.89,4.29,2.3,1.38,34.78,78.85,19.04,1.29,45.66,39.29,1.44,0.67,16.32,72.31,99.96,99.97,38.14,98.49,95.15,99.87,82.95,98.97,92.39,45.23,25.14,1.46,26.69,2.33,14.15,37.07,89.1,82.37,29.24,64.23,19.14,55.11,20.07,86.38,24.22,51.94,48.79,6.2,74.55,2.78,9.46,11.5,4.57,0.06,9.07,45.64,7.65,21.23,0.14,73.59,54.77,44.75,64.56,10.54,49.73,38.39,2.25,11.71,38.31,3.89,13.24,69.27,0.6,3.86,4.41,0.2,12.52,0.17,5.04,61.34,81.77,0.39,35.87,99.25,76.5,10.38,17.01,31.37,0.63,92.29,0.6,93.44,3.9,60.68,1.45,61.71,28.52,94.24,70.16,61.96,80.42,0.59,0.19,8.7,55.43,1.58,9.76,15.25,0.67,7.25,7.84,39.76,19.65,0.66,18.55,18.89,0.52,11.37,39.53,3.2,79.8,98.94,31.17,13.38,5.48,40.15,2.8,3.52,62.78,1.46,3.36,15.35,22.11,69.61,76.36,76.79,46.12,2.04,24.28,4.44,47.33,22.61,20.49,26.95,87.55,1.39,63.05,46.97,1.51,6.7,44.21,37.35,34.01,4.85,78.5,40.45,22.08,84.75,93.8,25.85,6.7,1.15,38.56,9.76,35.5,2.1,2.47,0.42,86.09,1.78,6.29,48.82,0.17,19.28,9.88,7.57,65.63,17.92,99.02,82.41,5.14,7.85,87.14,80.48,79.5,84.21,29.86,20.77,12.0,27.65,2.64,4.64,1.44,9.76,0.85,73.86,61.07,71.26,2.77,9.13,52.33,6.23,65.83,0.95,32.43,0.32,0.73,75.08,0.24,0.99,0.34,5.6,2.6,22.7,97.83,1.97,48.46,4.61,0.66,60.69,44.92,99.94,0.17,9.03,93.25,1.62,70.87,36.32,0.26,7.77,6.09,30.68,0.34,2.83,3.8,0.06,0.13,52.38,33.98,0.34,21.94,51.98,26.01,31.28,46.5,37.71,3.24,11.79,37.15,36.94,17.43,25.22,30.12,22.71,1.84,1.77,1.41,81.9,65.99,20.31,82.57,88.43,4.55,67.64,35.59,0.82,0.4,0.9,26.92,0.22,64.24,86.65,11.43,70.2,4.82,98.15,11.24,1.25,8.18,88.96,34.84,83.63,34.15,27.19,93.3,0.19,27.66,9.66,37.65,34.83,69.95,39.05,25.93,3.9,0.17,68.3,48.46,2.1,27.78,33.46,0.07,93.88,58.81,54.44,11.14,98.41,5.21,64.56,92.76,76.43,23.39,78.71,2.38,48.81,44.77,44.06,2.11,40.88,11.5,99.6,98.66,98.18,99.22,68.63,16.77,61.36,99.93,28.32,2.37,40.84,92.62,32.13,0.92,76.59,99.8,58.07,29.49,74.55,99.99,100.0,97.11,28.52,96.83,54.64,0.75,63.34,92.05,0.86,87.88,56.29,75.51,15.82,86.94,4.35,0.7,82.04,1.67,8.21,12.27,98.61,58.84,99.64,99.89,41.1,44.77,0.43,45.79,92.55,48.94,1.15,6.24,8.47,0.27,4.18,44.42,48.12,17.15,59.35,35.36,11.4,29.04,1.12,0.36,19.47,84.48,67.14,83.3,64.17,99.4,1.67,32.85,13.72,0.32,34.81,3.65,62.91,91.87,73.86,24.07,1.31,36.45,74.53,29.11,81.8,87.02,6.46,50.85,27.85,42.05,51.98,45.56,83.53,6.9,53.0,16.02,86.85,60.22,79.9,20.43,63.47,1.02,74.35,16.22,72.41,63.91,72.91,17.63,2.08,4.79,95.0,66.24,11.56,49.87,44.27,36.86,11.11,43.38,81.91,86.79,10.077519379844961,33.01751363766868,43.439563594602355,64.98708010335918,0.1435544071202986,34.381280505311516,51.162790697674424,0.2583979328165375,3.4596612115991956
