,pct_of_panel_transcripts
Nrxn3,7.4732
Nrxn1,6.5251
Syt1,5.4688
Nlgn1,4.7568
Slc1a2,2.8912
Snap25,2.5597
Grin2b,2.5265
Grm5,2.483
Grm7,2.3418
Gria2,2.3098
Gria1,2.0568
Ntrk2,1.5241
Gria4,1.338
Gphn,1.2387
Gria3,1.1231
Grin2a,1.0812
Syp,1.045
Camk2a,1.0077
Meis2,0.9668
Mbnl2,0.9197
Gabbr2,0.9176
Nfib,0.8639
Mbp,0.8612
Ntrk3,0.8477
Foxp1,0.8454
Grm3,0.8395
Gpr158,0.8229
Gabbr1,0.7974
Gad2,0.7863
Egr1,0.7269
Rbfox3,0.7177
Slc6a1,0.7074
Slc17a7,0.6763
Cck,0.6718
Syn1,0.657
Grm8,0.6569
Jun,0.6522
Chrm3,0.652
Jund,0.6342
Plcl1,0.6278
Tshz2,0.6264
Homer1,0.6244
Pak1,0.6107
Camk2b,0.6044
Grin1,0.595
Junb,0.5301
Sox5,0.517
Sox6,0.5101
Rorb,0.4927
Rgs4,0.4795
Arhgap32,0.471
Rbms3,0.4628
Dlg4,0.4533
Camk2g,0.4495
Gad1,0.4211
Htr2c,0.41
Grin3a,0.4014
Grm1,0.3973
Nckap5,0.3674
Synpr,0.3511
Spon1,0.3438
Maml3,0.3347
Thsd7b,0.3318
Scg2,0.3214
Foxp2,0.3202
Sst,0.3201
Mpped1,0.3165
Bcl11b,0.3085
Vps13a,0.305
Arid5b,0.3007
Cnr1,0.3002
Tle4,0.2998
Lypd1,0.2978
Chd2,0.2971
Clock,0.2966
Sema5a,0.2931
Cdh8,0.2923
Btg2,0.2815
Hspa5,0.2805
Egr3,0.2528
Sgk1,0.2477
Npas2,0.2443
Lin7a,0.2414
Etv5,0.2243
Arhgap31,0.2237
Ndst3,0.2216
Htr1f,0.2214
Etv1,0.2195
Vgf,0.2185
Fos,0.2158
Pdgfra,0.2155
Satb2,0.2148
Nos1,0.2139
Calb1,0.2112
Ebf1,0.1965
Zdbf2,0.1907
Fxr1,0.1889
Tcf7l2,0.1885
Cry2,0.1881
Ep300,0.1849
Slc32a1,0.1848
Adra1a,0.1797
Adcyap1r1,0.1784
Pvt1,0.1783
Cnih3,0.1738
Creb1,0.1709
Npy,0.1678
Nr4a1,0.1617
Chrm1,0.1605
Gjc3,0.16
Maf,0.1594
Rgs2,0.157
Plce1,0.1568
Lrrtm2,0.1509
Oprm1,0.1498
Acsl4,0.1471
Vip,0.147
Pld5,0.1467
Per3,0.1453
Hivep1,0.1426
Neurod2,0.1395
Neurod6,0.1381
Hsd17b12,0.138
Baiap3,0.1361
Rprm,0.1357
Nr1d2,0.1346
Ier2,0.129
Gpr22,0.1285
Banp,0.1269
Dusp1,0.1262
Chrm2,0.123
Arntl,0.1227
Bdnf,0.1227
Kitl,0.1223
Aqp4,0.1221
Vwc2l,0.122
Cldn5,0.1205
Cux2,0.1177
Tbr1,0.1165
Omg,0.114
Bhlhe40,0.1139
Sema5b,0.113
Ahctf1,0.1118
Sox8,0.1066
Gfra1,0.1054
Cbln2,0.1053
Penk,0.1049
Siglech,0.1045
Zhx2,0.1044
Arc,0.1038
Sema3e,0.1032
Sulf1,0.1021
Bhlhe41,0.1006
Shank3,0.0967
Prox1,0.0963
Zfp933,0.0942
Gpr26,0.0911
Tac1,0.091
Slc17a6,0.089
Lamp5,0.0889
Klf10,0.0851
Gpr88,0.085
Calb2,0.084
Stk40,0.0829
Adrb1,0.0796
Syt6,0.0787
Per1,0.0786
Dbp,0.0786
Rgs9,0.0783
Myo1b,0.0779
Crem,0.0777
Tiparp,0.0764
Per2,0.0755
Syngap1,0.0719
Adamts17,0.071
Pcsk1,0.0705
Acta2,0.0704
Ppp1r1b,0.0699
Htr2a,0.0697
Nptx2,0.0696
Hrh3,0.0691
Cartpt,0.0684
Hrh1,0.0684
Scn5a,0.0681
Plpp4,0.0675
Pou3f1,0.0674
Nr1d1,0.0663
Cckbr,0.0653
E2f6,0.0645
Rspo2,0.0639
Elfn1,0.0639
Calcrl,0.0633
Slc30a3,0.0629
Fhl2,0.0618
Col23a1,0.0616
Nr4a3,0.0614
Ptpru,0.0603
Adcyap1,0.0594
Zfp641,0.0593
Npy1r,0.0593
Pcdh8,0.059
Trhr,0.0589
Zkscan16,0.0589
Smad5,0.0586
Oprl1,0.0584
Pdyn,0.0563
Rai14,0.0557
Hunk,0.0555
Fosb,0.0542
Nr4a2,0.0518
Fbn2,0.0507
Matn2,0.0502
Dlx1,0.0497
Fosl2,0.0479
Lhx6,0.0476
Egr4,0.0469
Fezf2,0.0469
Gpr101,0.0449
Adra1b,0.0445
Esr1,0.0444
Rspo3,0.0442
Otof,0.0439
Hhip,0.042
Vtn,0.0415
Ndnf,0.0412
Cbln4,0.0408
Pnoc,0.0395
Rbp4,0.0395
Zkscan2,0.039
Npy2r,0.0384
Bhlhe22,0.0366
Rxfp1,0.0363
Nr2e1,0.0359
Zfp46,0.0356
Crispld2,0.0352
Sstr2,0.0351
Cry1,0.035
Drd1,0.0347
Tacr1,0.0327
Crhr1,0.0322
Masp1,0.032
Htr1b,0.0312
Zic1,0.0309
Sik1,0.0297
Smoc2,0.0296
Ccbe1,0.0295
Sp9,0.029
Grm2,0.0287
Hcrtr2,0.028
Tac2,0.0279
Adra2a,0.0267
Oprk1,0.0266
Nts,0.026
Crh,0.0244
Npas4,0.0244
Oprd1,0.0217
Coch,0.0194
Gpr149,0.0189
Pvalb,0.0189
Ccn2,0.0181
St8sia2,0.0178
Htr1a,0.0175
Lamb3,0.0168
Otp,0.0167
Drd2,0.0159
Nxph4,0.0157
Cd24a,0.0153
Slc5a7,0.0152
Dusp5,0.0149
Vegfc,0.0146
Npr3,0.0139
Dcn,0.0137
Oxtr,0.0135
Cbln1,0.0127
Zic2,0.0123
Egr2,0.0119
Slc29a4,0.0116
Galr1,0.0107
Krt9,0.0096
Isl1,0.0095
Sim1,0.0093
Lhx9,0.0087
Trh,0.0067
Fezf1,0.0063
Dio3,0.0063
Lratd2,0.0059
Mc4r,0.0054
Dusp4,0.0051
Ccdc42,0.0048
Chat,0.0018
Hpse,0.0013
Skor1,0.0011
Slc6a3,0.0008
