gene,mean_linear_abundance
2010300C02Rik,80.788
Abca8a,8.677
Ackr3,11.206
Acsbg1,58.07
Acsl4,60.73
Acta2,29.07
Acvrl1,9.412
Adamts2,12.497
Adamtsl1,48.158
Adcyap1r1,73.692
Adgrl4,42.051
Adra1a,74.217
Adra1b,18.363
Ahctf1,46.153
Aldh1a2,0.95
Angpt1,24.495
Ano1,8.51
Aqp4,50.442
Arc,42.857
Arhgap12,50.265
Arhgap25,17.668
Arhgap6,73.128
Arhgef28,67.065
Arid5b,124.185
Baiap3,56.197
Banp,52.408
Bcl11b,127.418
Bdnf,50.673
Bhlhe22,15.11
Bhlhe40,47.023
Btbd11,50.938
C1ql1,25.982
C1ql2,1.758
Cabp7,3.08
Cacna2d2,60.361
Calb1,87.212
Calb2,34.709
Calcrl,26.154
Camk2a,416.141
Camk2g,185.648
Car4,19.246
Carmn,4.614
Cartpt,28.262
Cbln1,5.229
Cbln2,43.498
Cbln4,16.832
Ccdc42,1.991
Cck,277.446
Cckbr,26.971
Ccn2,7.495
Cd24a,6.306
Cd300c2,16.419
Cd44,3.467
Cd53,18.803
Cd68,7.687
Cd93,6.835
Cdh13,336.738
Cdh20,148.587
Cdh4,152.205
Cdh6,58.353
Cdh9,84.216
Chat,0.731
Chd2,122.695
Chodl,4.182
Chrd,6.247
Chrm1,66.282
Chrm2,50.802
Chrm3,269.256
Cldn5,49.767
Clmn,114.627
Cnih3,71.78
Cnr1,123.983
Cntn6,94.487
Cntnap4,96.092
Cntnap5b,178.41
Cobll1,45.112
Coch,7.995
Col19a1,36.553
Col1a1,3.141
Col23a1,25.456
Col6a1,19.025
Cort,12.652
Cplx3,7.4
Cpne4,134.096
Cpne6,37.891
Cpne8,59.238
Crem,32.095
Crh,10.096
Crhr1,13.293
Cspg4,33.02
Ctxn3,2.376
Cux2,48.614
Cwh43,6.419
Cx3cr1,204.971
Cyp1b1,0.979
Dcn,5.675
Deptor,23.498
Dkk3,118.153
Dlg4,187.19
Dlx1,20.509
Dnah5,9.732
Dner,170.426
Dpy19l1,86.267
Dpyd,179.268
Drd1,14.328
Drd2,6.582
Dusp1,52.105
Dusp4,2.125
Dusp5,6.169
E2f6,26.627
Ebf1,81.162
Ebf3,3.752
Egr1,300.192
Egr3,104.4
Egr4,19.387
Emcn,11.873
Emx1,4.328
Ep300,76.338
Epha4,142.069
Etv1,90.646
Etv5,92.644
Eya4,15.764
Fezf1,2.594
Fezf2,19.36
Fgd5,10.726
Fhl2,25.541
Fhod3,67.166
Fibcd1,2.508
Fign,69.212
Fmod,1.421
Fn1,21.003
Fos,89.116
Fosb,22.377
Fosl2,19.768
Foxp1,349.121
Foxp2,132.23
Fxr1,78.007
Gabbr1,329.316
Gabbr2,378.953
Gabpa,16.667
Gabre,3.043
Gad1,173.898
Gad2,324.703
Gadd45a,14.575
Galnt14,57.131
Galr1,4.4
Garnl3,160.158
Gfap,12.204
Gfra1,43.522
Gfra2,54.299
Gjb2,2.998
Gjc3,66.084
Gli3,49.048
Glipr1,2.659
Gm19410,15.302
Gm2115,8.18
Gng12,96.08
Gpr101,18.547
Gpr12,6.552
Gpr17,57.038
Gpr22,53.076
Gpr26,37.64
Gpr3,3.202
Gpr63,0.329
Gpr68,9.37
Gpr88,35.118
Gria1,849.415
Gria2,953.875
Grik3,111.955
Grin1,245.707
Grin2a,446.524
Grin2b,1043.384
Grm1,164.072
Grm5,1025.418
Grm8,271.268
Gsg1l,53.213
Gucy1a1,52.67
Hapln1,22.069
Hat1,13.443
Hcrtr1,2.0
Hcrtr2,11.563
Hivep1,58.91
Homer1,257.848
Hpcal1,44.915
Hrh1,28.229
Hrh3,28.526
Hs3st2,92.12
Hsd17b12,57.008
Hsf5,5.272
Hspa5,115.841
Htr1a,7.244
Htr1b,12.871
Htr1f,91.422
Htr2a,28.795
Htr2c,169.309
Htr6,0.967
Hunk,22.915
Id2,133.4
Igf1,27.782
Igf2,6.412
Igfbp4,27.2
Igfbp5,44.65
Igfbp6,25.241
Igsf21,62.383
Ikzf1,30.638
Inpp4b,224.051
Isl1,3.923
Junb,218.928
Kcnh5,52.66
Kcnmb2,58.046
Kctd12,96.046
Kctd8,79.308
Kdr,12.328
Kitl,50.501
Klf10,35.16
Krt9,3.979
Lamb3,6.935
Lamp5,36.701
Laptm5,61.09
Lhx6,19.65
Lratd2,2.419
Ly6a,20.056
Lypd6,34.634
Lyz2,8.043
Maf,65.808
Maml3,138.228
Mapk4,116.954
Mas1,5.129
Matn2,20.742
Mbnl2,379.822
Mbp,355.654
Mc4r,2.244
Mchr1,4.324
Mdga1,14.541
Mecom,22.522
Meis2,399.273
Mgp,10.67
Mpped1,130.687
Myl4,21.186
Myo16,63.807
Ndnf,17.026
Ndst3,91.521
Ndst4,28.614
Necab1,132.372
Necab2,34.266
Nell1,108.549
Neto2,99.265
Neurod2,57.603
Neurod6,57.041
Nfib,356.781
Nos1,88.354
Nostrin,11.323
Npas4,10.067
Npnt,9.112
Npr3,5.746
Nptx2,28.748
Npy,69.28
Npy1r,24.48
Npy2r,15.855
Nr2e1,14.821
Nr2f2,145.384
Nr4a1,66.777
Nr4a2,21.393
Nr4a3,25.369
Nrep,28.415
Nrn1,135.697
Nrp2,105.104
Ntrk2,629.396
Nts,10.721
Ntsr1,6.528
Ntsr2,79.57
Nwd2,92.115
Nxph3,29.912
Nxph4,6.48
Omg,47.089
Opalin,29.356
Opn3,4.333
Oprd1,8.948
Oprk1,10.97
Oprl1,24.097
Oprm1,61.882
Orai2,32.128
Otof,18.142
Otp,6.891
Oxtr,5.558
Paqr5,6.973
Parm1,74.834
Pcsk1,29.116
Pcsk5,58.773
Pde11a,19.285
Pde7b,188.001
Pdgfra,89.003
Pdyn,23.237
Pdzd2,89.27
Pdzrn3,62.759
Pecam1,17.519
Penk,43.315
Per1,32.466
Per2,31.164
Pglyrp1,9.842
Pip5k1b,94.03
Pkib,24.424
Plch1,10.797
Plcxd2,47.573
Plcxd3,93.658
Pld5,60.584
Plekha2,16.99
Pln,8.021
Pnoc,16.316
Pou3f1,27.837
Ppp1r1b,28.874
Prdm8,10.597
Prox1,39.782
Prph,0.52
Prr16,155.72
Prss35,8.732
Pthlh,2.609
Ptpru,24.89
Pvalb,7.793
Rab3b,42.999
Rai14,23.0
Rasa4,4.307
Rasgrf2,106.302
Rasl10a,49.59
Rbfox3,296.409
Rbms3,191.133
Rbp4,16.309
Rfx4,52.605
Rgs4,198.029
Rgs9,32.345
Rims3,60.362
Rmst,162.261
Rnf152,35.571
Ror1,16.123
Rorb,203.458
Rprm,56.046
Rspo1,9.287
Rspo2,26.397
Rxfp1,14.992
S1pr3,9.239
Satb2,88.697
Scn5a,28.13
Sdk2,88.495
Sema3a,52.382
Sema3d,23.108
Sema3e,42.619
Sema5a,121.042
Sema5b,46.646
Sema6a,103.719
Sfrp1,4.386
Shisa6,57.973
Siglech,43.147
Sim1,3.857
Sipa1l3,48.27
Skor1,0.442
Sla,13.882
Slc13a4,0.943
Slc17a6,36.759
Slc17a7,279.309
Slc29a4,4.808
Slc32a1,76.316
Slc39a12,68.329
Slc44a5,59.092
Slc6a3,0.338
Slfn5,9.52
Slit2,98.241
Smad5,24.184
Snap25,1057.086
Sncg,2.373
Sntb1,19.757
Sorcs3,247.806
Sox10,54.473
Sox11,64.529
Sox12,14.352
Sox17,6.42
Sox5,213.527
Sox6,210.638
Sox8,44.041
Sp8,4.184
Sp9,11.975
Spag16,5.696
Spi1,14.364
Spp1,1.953
Sst,132.187
Sstr2,14.505
Sstr4,0.132
Stard5,11.019
Stk40,34.218
Strip2,14.003
Syndig1,51.589
Syndig1l,6.996
Synpr,145.01
Syt17,35.275
Syt2,3.324
Syt6,32.512
Tac1,37.583
Tac2,11.537
Tacr1,13.511
Tacr3,5.308
Tanc1,28.759
Tbr1,48.103
Tcf7l2,77.854
Th,1.146
Thsd7a,126.532
Thsd7b,137.032
Tiparp,31.538
Tle4,123.8
Tmem132d,171.194
Tmem163,51.983
Tmem255a,39.22
Tox,188.458
Trbc2,38.132
Trem2,29.649
Trh,2.751
Trhr,24.339
Trp73,1.718
Trpc4,42.798
Tshz2,258.678
Tspan18,6.619
Unc13c,154.089
Upk1b,4.306
Vat1l,102.658
Vdr,2.471
Vip,60.691
Vipr2,2.021
Vps13a,125.943
Vwc2l,50.374
Wfs1,44.047
Zbtb25,12.209
Zbtb40,13.463
Zdbf2,78.76
Zfp366,10.32
Zfp46,14.686
Zfp536,159.675
Zfp580,17.677
Zfp641,24.501
Zfp933,38.914
Zfpm2,196.661
Zhx2,43.111
Zic1,12.766
Zic2,5.083
Zkscan16,24.328
Zkscan2,16.111
Adcyap1,24.515
Adra2a,11.033
Adrb1,32.883
Adrb2,5.731
Arhgap32,194.507
Arntl,50.684
Bhlhe41,41.545
Btg2,116.272
Camk2b,249.614
Ccbe1,12.197
Cdh8,120.73
Clock,122.488
Creb1,70.583
Cry1,14.452
Cry2,77.694
Csf1r,87.36
Dbp,32.455
Ddc,11.863
Ddx3y,58.049
Egr2,4.921
Eif2s3y,44.625
Esr1,18.323
Gphn,511.549
Gpr158,339.825
Gria3,463.826
Gria4,552.552
Grin3a,165.785
Grm2,11.843
Grm3,346.71
Grm7,967.116
Hexb,111.805
Ier2,53.256
Jun,269.361
Jund,261.926
Kdm5d,18.882
Lhx9,3.592
Lrrtm2,62.303
Nlgn1,1964.446
Npas2,100.894
Nr1d1,27.368
Nr1d2,55.58
Nrxn1,2694.675
Nrxn3,3086.25
Ntrk3,350.098
P2ry12,98.937
Pak1,252.215
Pcdh8,24.361
Pdgfrb,28.417
Per3,60.018
Rgs2,64.839
Rgs5,70.218
Scg2,132.717
Sgk1,102.284
Shank3,39.932
Sik1,12.256
Slc1a2,1193.989
Slc30a3,25.956
Slc5a7,6.296
Slc6a1,292.121
Smoc2,12.222
St8sia2,7.36
Sulf1,42.151
Syn1,271.336
Syngap1,29.68
Syp,431.554
Syt1,2258.448
Uty,42.887
Vgf,90.221
Vtn,17.135
Xist,378.68
Zbtb20,589.96
Adamts17,29.332
Arhgap15,29.742
Arhgap31,92.369
Crispld1,7.496
Crispld2,14.535
Dio3,2.591
Dipk2a,21.71
Elfn1,26.373
Fbn2,20.934
Glra3,65.512
Gm10754,18.585
Gpr149,7.823
Gpx3,23.711
Hhip,17.331
Hpse,0.531
Hs3st1,11.662
Lin7a,99.676
Luzp2,538.058
Lypd1,122.992
Maml2,223.687
Marcks,394.542
Masp1,13.195
Meis1,35.473
Minar1,7.078
Mybpc1,1.359
Myo1b,32.163
Nbl1,20.603
Nckap5,151.736
Neto1,174.002
Pde1b,39.548
Pde1c,59.844
Piezo2,2.844
Plce1,64.745
Plcl1,259.247
Plpp4,27.887
Pvt1,73.62
Rprml,95.742
Rspo3,18.261
Spon1,141.968
Stac,9.217
Tafa1,230.796
Trhde,111.012
Trpc3,21.066
Trpm3,614.197
Vegfc,6.034
Zfp804b,335.308
Arid3b,12.128
Bbx,66.71
Bcl6,42.102
Clk1,94.404
Dmc1,4.988
Dusp22,37.668
Hes1,34.789
Hnrnpll,61.821
Irf9,8.725
Kdm7a,81.433
Nuak1,69.68
Odc1,37.346
Osgin2,11.647
Pparg,12.944
Prox2,3.038
Rapgef2,203.512
Rbm3,46.015
Rel,19.489
Zdhhc5,26.933
Zfp286,18.424
Zfp414,17.606
Zfp867,5.987
Zfp938,21.286
Zfp941,39.216
Zmiz1,149.745
Abi3bp,7.808
Blnk,26.591
Bmp3,15.318
Dab2,22.522
Cd36,2.667
Crym,30.512
Cux1,117.307
Fst,2.944
Pax6,17.98
Reln,87.559
Scnn1a,1.155
Tcf4,775.22
Tshz1,61.956
Whrn,30.272
Ciart,5.529
Rspo1,9.287
Ntsr1,6.528
