region_user,cell_type_label,allen_subclass_anchor,role,n_cells,UNIQUE_separator_genes,BEST_separators_also_clean_in_whole_ROI,roi_contamination_warning,how_to_separate_from_siblings,needs_marker_combination,marker_combination_recipe,allen_name_embedded_markers_verified,shared_marker_genes,discriminating_markers_ranked,discriminating_markers_with_stats,GPCRs_enriched_in_this_subclass,cell_type_specific_GPCRs,intermediate_GPCRs,universal_GPCRs,n_unique_separators,n_specific_GPCRs,n_universal_GPCRs
CP,D1/direct-pathway SPN,061 STR D1 Gaba,target,16660,"Ebf1, Pdyn, Wfs1, Reln, Lamp5, Oprk1, Crym","Ebf1, Pdyn, Reln, Lamp5","Wfs1: 064 STR-PAL Chst9 Gaba in same dissection is higher (5.39, 74%); Oprk1: 002 IT EP-CLA Glut in same dissection is higher (3.70, 59%); Crym: 030 L6 CT CTX Glut in same dissection is higher (6.64, 98%)","vs 062 STR D2 Gaba: Drd1, Ebf1, Pdyn",NO,,,,"Ebf1, Pdyn, Wfs1, Reln, Lamp5, Oprk1, Crym","Ebf1 (panel_spec=7.00, 95% of cells, UNIQUE_to_subclass); Pdyn (panel_spec=3.93, 73% of cells, UNIQUE_to_subclass); Wfs1 (panel_spec=1.57, 68% of cells, UNIQUE_to_subclass); Reln (panel_spec=1.26, 98% of cells, UNIQUE_to_subclass); Lamp5 (panel_spec=1.04, 83% of cells, UNIQUE_to_subclass); Oprk1 (panel_spec=0.92, 48% of cells, UNIQUE_to_subclass); Crym (panel_spec=0.72, 41% of cells, UNIQUE_to_subclass)","Oprk1 (panel_spec=0.92, 48%)",,"Oprk1, Drd1, Htr1b, Npy1r, Htr2a","Grm5, Gpr88, Grm1, Gabbr1, Cnr1, Htr2c, Gabbr2, Htr1f, Oprm1",7,0,9
CP,D1/direct-pathway SPN,063 STR D1 Sema5a Gaba,target,780,"Spon1, Adarb2, Tshz1, Cacng5, Sema5b, Otof, Nxph4, Deptor, Col27a1, Foxp2, Slc22a3, Necab1","Sema5b, Otof, Nxph4, Deptor, Slc22a3, Necab1","Spon1: 042 OB-out Frmd7 Gaba in same dissection is higher (9.96, 97%); Tshz1: 064 STR-PAL Chst9 Gaba in same dissection is higher (9.73, 100%); Cacng5: 042 OB-out Frmd7 Gaba in same dissection is higher (6.62, 77%); Col27a1: 064 STR-PAL Chst9 Gaba in same dissection is higher (3.23, 50%); Foxp2: 064 STR-PAL Chst9 Gaba in same dissection is higher (11.54, 100%)",,NO,,,,"Spon1, Adarb2, Tshz1, Cacng5, Sema5b, Otof, Nxph4, Deptor, Col27a1, Foxp2, Slc22a3, Necab1","Spon1 (panel_spec=6.31, 96% of cells, UNIQUE_to_subclass); Adarb2 (panel_spec=5.94, 100% of cells, UNIQUE_to_subclass); Tshz1 (panel_spec=5.19, 100% of cells, UNIQUE_to_subclass); Cacng5 (panel_spec=4.75, 87% of cells, UNIQUE_to_subclass); Sema5b (panel_spec=4.29, 99% of cells, UNIQUE_to_subclass); Otof (panel_spec=3.40, 94% of cells, UNIQUE_to_subclass); Nxph4 (panel_spec=3.06, 51% of cells, UNIQUE_to_subclass); Deptor (panel_spec=2.90, 91% of cells, UNIQUE_to_subclass); Col27a1 (panel_spec=2.83, 51% of cells, UNIQUE_to_subclass); Foxp2 (panel_spec=2.47, 100% of cells, UNIQUE_to_subclass); Slc22a3 (panel_spec=2.15, 64% of cells, UNIQUE_to_subclass); Necab1 (panel_spec=1.63, 99% of cells, UNIQUE_to_subclass)",,,"Drd1, Npy1r, Crhr1, Oprk1, Htr2a, Htr1b, Tacr1, Drd2","Gpr88, Grm5, Gabbr1, Cnr1, Gabbr2, Grm1, Oprm1, Htr2c, Htr1f",12,0,9
CP,D2/indirect-pathway SPN,062 STR D2 Gaba,target,18139,"Adora2a, Gpr6, Penk, Gpr52, Nts, Pou3f1","Adora2a, Gpr6, Penk, Gpr52, Nts, Pou3f1",,"vs 061 STR D1 Gaba: Drd2, Adora2a, Gpr6",NO,,,,"Adora2a, Gpr6, Penk, Gpr52, Nts, Pou3f1","Adora2a (panel_spec=7.84, 99% of cells, UNIQUE_to_subclass); Gpr6 (panel_spec=5.74, 93% of cells, UNIQUE_to_subclass); Penk (panel_spec=3.92, 99% of cells, UNIQUE_to_subclass); Gpr52 (panel_spec=2.26, 50% of cells, UNIQUE_to_subclass); Nts (panel_spec=1.51, 27% of cells, UNIQUE_to_subclass); Pou3f1 (panel_spec=0.68, 92% of cells, UNIQUE_to_subclass)","Adora2a (panel_spec=7.84, 99%), Gpr6 (panel_spec=5.74, 93%), Gpr52 (panel_spec=2.26, 50%)","Gpr6, Gpr52","Adora2a, Drd2, Htr1b, Oprk1, Oprd1, Htr2a","Grm5, Gpr88, Grm1, Gabbr1, Htr2c, Cnr1, Gabbr2, Htr1f, Oprm1",6,2,9
CP,Patch/striosome SPN,061 STR D1 Gaba,target,16660,"Ebf1, Pdyn, Wfs1, Reln, Lamp5, Oprk1, Crym","Ebf1, Pdyn, Reln, Lamp5","Wfs1: 064 STR-PAL Chst9 Gaba in same dissection is higher (5.39, 74%); Oprk1: 002 IT EP-CLA Glut in same dissection is higher (3.70, 59%); Crym: 030 L6 CT CTX Glut in same dissection is higher (6.64, 98%)","vs 062 STR D2 Gaba: Drd1, Ebf1, Pdyn",NO,,,,"Ebf1, Pdyn, Wfs1, Reln, Lamp5, Oprk1, Crym","Ebf1 (panel_spec=7.00, 95% of cells, UNIQUE_to_subclass); Pdyn (panel_spec=3.93, 73% of cells, UNIQUE_to_subclass); Wfs1 (panel_spec=1.57, 68% of cells, UNIQUE_to_subclass); Reln (panel_spec=1.26, 98% of cells, UNIQUE_to_subclass); Lamp5 (panel_spec=1.04, 83% of cells, UNIQUE_to_subclass); Oprk1 (panel_spec=0.92, 48% of cells, UNIQUE_to_subclass); Crym (panel_spec=0.72, 41% of cells, UNIQUE_to_subclass)","Oprk1 (panel_spec=0.92, 48%)",,"Oprk1, Drd1, Htr1b, Npy1r, Htr2a","Grm5, Gpr88, Grm1, Gabbr1, Cnr1, Htr2c, Gabbr2, Htr1f, Oprm1",7,0,9
CP,Patch/striosome SPN,063 STR D1 Sema5a Gaba,target,780,"Spon1, Adarb2, Tshz1, Cacng5, Sema5b, Otof, Nxph4, Deptor, Col27a1, Foxp2, Slc22a3, Necab1","Sema5b, Otof, Nxph4, Deptor, Slc22a3, Necab1","Spon1: 042 OB-out Frmd7 Gaba in same dissection is higher (9.96, 97%); Tshz1: 064 STR-PAL Chst9 Gaba in same dissection is higher (9.73, 100%); Cacng5: 042 OB-out Frmd7 Gaba in same dissection is higher (6.62, 77%); Col27a1: 064 STR-PAL Chst9 Gaba in same dissection is higher (3.23, 50%); Foxp2: 064 STR-PAL Chst9 Gaba in same dissection is higher (11.54, 100%)",,NO,,,,"Spon1, Adarb2, Tshz1, Cacng5, Sema5b, Otof, Nxph4, Deptor, Col27a1, Foxp2, Slc22a3, Necab1","Spon1 (panel_spec=6.31, 96% of cells, UNIQUE_to_subclass); Adarb2 (panel_spec=5.94, 100% of cells, UNIQUE_to_subclass); Tshz1 (panel_spec=5.19, 100% of cells, UNIQUE_to_subclass); Cacng5 (panel_spec=4.75, 87% of cells, UNIQUE_to_subclass); Sema5b (panel_spec=4.29, 99% of cells, UNIQUE_to_subclass); Otof (panel_spec=3.40, 94% of cells, UNIQUE_to_subclass); Nxph4 (panel_spec=3.06, 51% of cells, UNIQUE_to_subclass); Deptor (panel_spec=2.90, 91% of cells, UNIQUE_to_subclass); Col27a1 (panel_spec=2.83, 51% of cells, UNIQUE_to_subclass); Foxp2 (panel_spec=2.47, 100% of cells, UNIQUE_to_subclass); Slc22a3 (panel_spec=2.15, 64% of cells, UNIQUE_to_subclass); Necab1 (panel_spec=1.63, 99% of cells, UNIQUE_to_subclass)",,,"Drd1, Npy1r, Crhr1, Oprk1, Htr2a, Htr1b, Tacr1, Drd2","Gpr88, Grm5, Gabbr1, Cnr1, Gabbr2, Grm1, Oprm1, Htr2c, Htr1f",12,0,9
CP,Matrix/exopatch SPN,061 STR D1 Gaba,target,16660,"Ebf1, Pdyn, Wfs1, Reln, Lamp5, Oprk1, Crym","Ebf1, Pdyn, Reln, Lamp5","Wfs1: 064 STR-PAL Chst9 Gaba in same dissection is higher (5.39, 74%); Oprk1: 002 IT EP-CLA Glut in same dissection is higher (3.70, 59%); Crym: 030 L6 CT CTX Glut in same dissection is higher (6.64, 98%)","vs 062 STR D2 Gaba: Drd1, Ebf1, Pdyn",NO,,,,"Ebf1, Pdyn, Wfs1, Reln, Lamp5, Oprk1, Crym","Ebf1 (panel_spec=7.00, 95% of cells, UNIQUE_to_subclass); Pdyn (panel_spec=3.93, 73% of cells, UNIQUE_to_subclass); Wfs1 (panel_spec=1.57, 68% of cells, UNIQUE_to_subclass); Reln (panel_spec=1.26, 98% of cells, UNIQUE_to_subclass); Lamp5 (panel_spec=1.04, 83% of cells, UNIQUE_to_subclass); Oprk1 (panel_spec=0.92, 48% of cells, UNIQUE_to_subclass); Crym (panel_spec=0.72, 41% of cells, UNIQUE_to_subclass)","Oprk1 (panel_spec=0.92, 48%)",,"Oprk1, Drd1, Htr1b, Npy1r, Htr2a","Grm5, Gpr88, Grm1, Gabbr1, Cnr1, Htr2c, Gabbr2, Htr1f, Oprm1",7,0,9
CP,Matrix/exopatch SPN,062 STR D2 Gaba,target,18139,"Adora2a, Gpr6, Penk, Gpr52, Nts, Pou3f1","Adora2a, Gpr6, Penk, Gpr52, Nts, Pou3f1",,"vs 061 STR D1 Gaba: Drd2, Adora2a, Gpr6",NO,,,,"Adora2a, Gpr6, Penk, Gpr52, Nts, Pou3f1","Adora2a (panel_spec=7.84, 99% of cells, UNIQUE_to_subclass); Gpr6 (panel_spec=5.74, 93% of cells, UNIQUE_to_subclass); Penk (panel_spec=3.92, 99% of cells, UNIQUE_to_subclass); Gpr52 (panel_spec=2.26, 50% of cells, UNIQUE_to_subclass); Nts (panel_spec=1.51, 27% of cells, UNIQUE_to_subclass); Pou3f1 (panel_spec=0.68, 92% of cells, UNIQUE_to_subclass)","Adora2a (panel_spec=7.84, 99%), Gpr6 (panel_spec=5.74, 93%), Gpr52 (panel_spec=2.26, 50%)","Gpr6, Gpr52","Adora2a, Drd2, Htr1b, Oprk1, Oprd1, Htr2a","Grm5, Gpr88, Grm1, Gabbr1, Htr2c, Cnr1, Gabbr2, Htr1f, Oprm1",6,2,9
CP,Cholinergic interneuron,058 PAL-STR Gaba-Chol,target,30,"Slc5a7, Slc17a8, Zic1, Chat, Slc18a3, Ndnf, Ntrk1, Lhx8, Whrn, Npnt, Isl1, Amigo2","Slc5a7, Slc17a8, Zic1, Chat, Slc18a3, Ndnf, Ntrk1, Lhx8, Whrn, Npnt, Isl1, Amigo2",,,NO,,,,"Slc5a7, Slc17a8, Zic1, Chat, Slc18a3, Ndnf, Ntrk1, Lhx8, Whrn, Npnt, Isl1, Amigo2","Slc5a7 (panel_spec=11.46, 100% of cells, UNIQUE_to_subclass); Slc17a8 (panel_spec=9.11, 100% of cells, UNIQUE_to_subclass); Zic1 (panel_spec=9.03, 100% of cells, UNIQUE_to_subclass); Chat (panel_spec=8.57, 100% of cells, UNIQUE_to_subclass); Slc18a3 (panel_spec=7.83, 100% of cells, UNIQUE_to_subclass); Ndnf (panel_spec=7.43, 93% of cells, UNIQUE_to_subclass); Ntrk1 (panel_spec=6.58, 97% of cells, UNIQUE_to_subclass); Lhx8 (panel_spec=5.82, 97% of cells, UNIQUE_to_subclass); Whrn (panel_spec=5.61, 100% of cells, UNIQUE_to_subclass); Npnt (panel_spec=5.06, 87% of cells, UNIQUE_to_subclass); Isl1 (panel_spec=3.81, 100% of cells, UNIQUE_to_subclass); Amigo2 (panel_spec=3.70, 83% of cells, UNIQUE_to_subclass)","Tacr3 (panel_spec=6.80, 93%), Hcrtr2 (panel_spec=4.01, 77%), Oprm1 (panel_spec=2.88, 100%), Oprd1 (panel_spec=2.02, 97%), Crhr1 (panel_spec=1.12, 67%), Gabbr1 (panel_spec=0.59, 100%)","Tacr3, Hcrtr2","Oprd1, Crhr1, Chrm2, Npy1r, Drd2, Htr1a, Tacr1, Adcyap1r1, Adora2a","Gabbr1, Oprm1, Gabbr2, Grm5, Htr2c, Grm1, Gpr88, Cnr1, Htr1f",12,2,9
CP,PV/SST/NPY interneurons,054 STR Prox1 Lhx6 Gaba,target,367,"Prox1, Nfib, Pvalb, Maf, Etv1, Cux2, Tcf4, Moxd1, Nxph1, Gad1, Pcdh8, Cnr1","Prox1, Pvalb, Maf, Moxd1, Gad1, Pcdh8, Cnr1","Nfib: 045 OB-STR-CTX Inh IMN in same dissection is higher (11.42, 100%); Cux2: 014 LA-BLA-BMA-PA Glut in same dissection is higher (6.59, 92%); Nxph1: 042 OB-out Frmd7 Gaba in same dissection is higher (12.26, 100%)","vs 056 Sst Chodl Gaba: Pvalb, Pcdh8, Sema5b",NO,,Prox1,,"Prox1, Nfib, Pvalb, Maf, Etv1, Cux2, Tcf4, Moxd1, Nxph1, Gad1, Pcdh8, Cnr1","Prox1 (panel_spec=4.53, 95% of cells, UNIQUE_to_subclass); Nfib (panel_spec=7.43, 100% of cells, UNIQUE_to_subclass); Pvalb (panel_spec=5.96, 75% of cells, UNIQUE_to_subclass); Maf (panel_spec=5.74, 99% of cells, UNIQUE_to_subclass); Etv1 (panel_spec=5.68, 100% of cells, UNIQUE_to_subclass); Cux2 (panel_spec=3.07, 89% of cells, UNIQUE_to_subclass); Tcf4 (panel_spec=2.50, 100% of cells, UNIQUE_to_subclass); Moxd1 (panel_spec=2.48, 95% of cells, UNIQUE_to_subclass); Nxph1 (panel_spec=2.41, 100% of cells, UNIQUE_to_subclass); Gad1 (panel_spec=2.25, 100% of cells, UNIQUE_to_subclass); Pcdh8 (panel_spec=1.95, 85% of cells, UNIQUE_to_subclass); Cnr1 (panel_spec=1.92, 99% of cells, UNIQUE_to_subclass)","Htr2a (panel_spec=2.11, 79%), Cnr1 (panel_spec=1.92, 99%), Mc4r (panel_spec=1.80, 42%), Adcyap1r1 (panel_spec=0.86, 86%)",Mc4r,"Htr2a, Adcyap1r1, Chrm2","Grm5, Cnr1, Grm1, Gabbr1, Gabbr2, Htr1f, Gpr88, Htr2c",12,1,8
CP,PV/SST/NPY interneurons,056 Sst Chodl Gaba,target,230,"Sst, Chodl, Npy, Nos1, Zfp804b, Baiap3, Nnat, Ptpru, Sox1, Lhx6, Sox6, Mpped1","Sst, Chodl, Npy, Nos1, Zfp804b, Baiap3, Nnat, Sox1, Lhx6, Sox6","Ptpru: 002 IT EP-CLA Glut in same dissection is higher (7.05, 100%); Mpped1: 030 L6 CT CTX Glut in same dissection is higher (8.56, 100%)","vs 054 STR Prox1 Lhx6 Gaba: Sst, Nos1, Npy",NO,,"Sst, Chodl",,"Sst, Chodl, Npy, Nos1, Zfp804b, Baiap3, Nnat, Ptpru, Sox1, Lhx6, Sox6, Mpped1","Sst (panel_spec=11.53, 100% of cells, UNIQUE_to_subclass); Chodl (panel_spec=5.75, 81% of cells, UNIQUE_to_subclass); Npy (panel_spec=11.03, 100% of cells, UNIQUE_to_subclass); Nos1 (panel_spec=9.51, 100% of cells, UNIQUE_to_subclass); Zfp804b (panel_spec=9.35, 99% of cells, UNIQUE_to_subclass); Baiap3 (panel_spec=5.12, 80% of cells, UNIQUE_to_subclass); Nnat (panel_spec=5.09, 100% of cells, UNIQUE_to_subclass); Ptpru (panel_spec=4.23, 89% of cells, UNIQUE_to_subclass); Sox1 (panel_spec=3.75, 100% of cells, UNIQUE_to_subclass); Lhx6 (panel_spec=2.91, 100% of cells, UNIQUE_to_subclass); Sox6 (panel_spec=2.46, 100% of cells, UNIQUE_to_subclass); Mpped1 (panel_spec=1.71, 95% of cells, UNIQUE_to_subclass)","Npy2r (panel_spec=6.82, 96%), Galr1 (panel_spec=6.70, 87%), Ntsr1 (panel_spec=0.93, 21%), Tacr1 (panel_spec=0.52, 100%)","Npy2r, Galr1, Ntsr1","Tacr1, Htr1a, Chrm2, Adcyap1r1, Drd1, Drd2","Gabbr1, Gabbr2, Grm5, Htr2c, Cnr1, Grm1, Gpr88, Oprm1, Htr1f",12,3,9
BMAp,Posterior BMA glutamatergic / pallial amygdala VGLUT1,012 MEA Slc17a7 Glut,target,3984,"Slc17a7, Nfib, Slc30a3, Chst9, Rorb, Crym, Cck, Etv1, Tcf4, Tacr1, Moxd1, Pcdh8",,"Slc17a7: 009 L2/3 IT PIR-ENTl Glut in same dissection is higher (9.42, 100%); Nfib: 037 DG Glut in same dissection is higher (10.47, 100%); Slc30a3: 013 COAp Grxcr2 Glut in same dissection is higher (7.16, 100%); Chst9: 064 STR-PAL Chst9 Gaba in same dissection is higher (8.22, 92%); Rorb: 013 COAp Grxcr2 Glut in same dissection is higher (7.69, 88%); Crym: 037 DG Glut in same dissection is higher (7.01, 92%); Cck: 047 Sncg Gaba in same dissection is higher (9.65, 99%); Etv1: 055 STR Lhx8 Gaba in same dissection is higher (9.31, 99%); Tcf4: 050 Lamp5 Lhx6 Gaba in same dissection is higher (11.67, 100%); Tacr1: 058 PAL-STR Gaba-Chol in same dissection is higher (6.96, 90%); Moxd1: 054 STR Prox1 Lhx6 Gaba in same dissection is higher (9.07, 100%); Pcdh8: 051 Pvalb chandelier Gaba in same dissection is higher (6.23, 90%)","vs 113 MEA-COA-BMA Ccdc42 Glut: Nfib, Slc17a7, Chst9",NO,,Slc17a7,,"Slc17a7, Nfib, Slc30a3, Chst9, Rorb, Crym, Cck, Etv1, Tcf4, Tacr1, Moxd1, Pcdh8","Slc17a7 (panel_spec=6.55, 94% of cells, UNIQUE_to_subclass); Nfib (panel_spec=5.42, 93% of cells, UNIQUE_to_subclass); Slc30a3 (panel_spec=4.82, 77% of cells, UNIQUE_to_subclass); Chst9 (panel_spec=4.18, 82% of cells, UNIQUE_to_subclass); Rorb (panel_spec=3.31, 56% of cells, UNIQUE_to_subclass); Crym (panel_spec=3.18, 82% of cells, UNIQUE_to_subclass); Cck (panel_spec=2.65, 79% of cells, UNIQUE_to_subclass); Etv1 (panel_spec=2.62, 62% of cells, UNIQUE_to_subclass); Tcf4 (panel_spec=1.51, 99% of cells, UNIQUE_to_subclass); Tacr1 (panel_spec=1.37, 62% of cells, UNIQUE_to_subclass); Moxd1 (panel_spec=1.27, 37% of cells, UNIQUE_to_subclass); Pcdh8 (panel_spec=0.88, 79% of cells, UNIQUE_to_subclass)","Npy2r (panel_spec=2.69, 76%), Oxtr (panel_spec=2.00, 58%), Tacr1 (panel_spec=1.37, 62%)","Oxtr, Ntsr1",Tacr1,"Grm5, Gabbr2, Gabbr1, Grm1, Npy2r, Htr2c, Cnr1, Gpr88, Oprm1, Npy1r, Cckbr, Gpr101, Adcyap1r1, Crhr1, Sstr2, Htr1f, Htr1a",12,2,17
BMAp,Posterior BMA glutamatergic / pallial amygdala VGLUT1,113 MEA-COA-BMA Ccdc42 Glut,target,9654,"Ccdc42, Penk, Krt9, Nrgn, Drd1, Zfp804b",Krt9,"Penk: 062 STR D2 Gaba in same dissection is higher (9.23, 96%); Drd1: 061 STR D1 Gaba in same dissection is higher (7.67, 97%); Zfp804b: 051 Pvalb chandelier Gaba in same dissection is higher (11.59, 100%)","vs 012 MEA Slc17a7 Glut: Adcyap1, Penk, Fezf1",NO,,Ccdc42,,"Ccdc42, Penk, Krt9, Nrgn, Drd1, Zfp804b","Ccdc42 (panel_spec=1.87, 48% of cells, UNIQUE_to_subclass); Penk (panel_spec=2.31, 76% of cells, UNIQUE_to_subclass); Krt9 (panel_spec=1.57, 53% of cells, UNIQUE_to_subclass); Nrgn (panel_spec=0.74, 100% of cells, UNIQUE_to_subclass); Drd1 (panel_spec=0.68, 52% of cells, UNIQUE_to_subclass); Zfp804b (panel_spec=0.56, 89% of cells, UNIQUE_to_subclass)","Oprd1 (panel_spec=0.85, 36%), Drd1 (panel_spec=0.68, 52%)",Galr1,"Oprd1, Drd1, Htr1b, Oprk1","Grm5, Gabbr2, Gabbr1, Grm1, Htr2c, Oprm1, Npy1r, Adcyap1r1, Gpr101, Cckbr, Sstr2, Crhr1, Htr1f, Npy2r",6,1,14
BMAp,BMA/MEA VGLUT2-like excitatory,120 MEA Otp Foxp2 Glut,target,1504,"Foxp2, Otp, Spon1, Trh, Fezf1, Nos1, Tshz2","Spon1, Fezf1, Nos1","Foxp2: 063 STR D1 Sema5a Gaba in same dissection is higher (10.98, 99%); Otp: 131 LHA-AHN-PVH Otp Trh Glut in same dissection is higher (8.20, 98%); Tshz2: 084 BST-SI-AAA Six3 Slc22a3 Gaba in same dissection is higher (9.87, 100%)","vs 119 SI-MA-LPO-LHA Skor1 Glut: Foxp2, Otp, Wfs1; vs 121 MEA-BST Otp Zic2 Glut: Trh, Cck, Nxph4",NO,,"Foxp2, Otp",,"Foxp2, Otp, Spon1, Trh, Fezf1, Nos1, Tshz2","Foxp2 (panel_spec=3.50, 99% of cells, UNIQUE_to_subclass); Otp (panel_spec=0.69, 98% of cells, UNIQUE_to_subclass); Spon1 (panel_spec=3.19, 96% of cells, UNIQUE_to_subclass); Trh (panel_spec=2.64, 64% of cells, UNIQUE_to_subclass); Fezf1 (panel_spec=1.31, 72% of cells, UNIQUE_to_subclass); Nos1 (panel_spec=0.76, 100% of cells, UNIQUE_to_subclass); Tshz2 (panel_spec=0.56, 99% of cells, UNIQUE_to_subclass)","Htr2a (panel_spec=2.06, 70%), Htr2c (panel_spec=1.68, 98%), Sstr2 (panel_spec=1.14, 62%), Mc4r (panel_spec=1.06, 38%)",Mc4r,"Htr2a, Oprd1, Tacr1, Drd1","Grm5, Htr2c, Gabbr1, Gabbr2, Oprm1, Grm1, Gpr88, Npy1r, Adcyap1r1, Chrm2, Sstr2, Crhr1, Cckbr, Npy2r, Htr1f, Htr1a",7,1,16
BMAp,BMA/MEA VGLUT2-like excitatory,121 MEA-BST Otp Zic2 Glut,target,1255,"Sim1, Zic1, Gfra1, Cd36, Pde1c, Map3k15, Sulf1",,"Sim1: 026 NLOT Rho Glut in same dissection is higher (9.13, 100%); Zic1: 058 PAL-STR Gaba-Chol in same dissection is higher (8.13, 99%); Gfra1: 037 DG Glut in same dissection is higher (7.24, 93%); Pde1c: 061 STR D1 Gaba in same dissection is higher (9.00, 91%); Map3k15: 131 LHA-AHN-PVH Otp Trh Glut in same dissection is higher (3.09, 56%); Sulf1: 087 MPN-MPO-LPO Lhx6 Zfhx3 Gaba in same dissection is higher (4.41, 62%)","vs 119 SI-MA-LPO-LHA Skor1 Glut: Otp, Sim1, Adcyap1; vs 120 MEA Otp Foxp2 Glut: Sim1, Zic1, Cnr1",NO,,,,"Sim1, Zic1, Gfra1, Cd36, Pde1c, Map3k15, Sulf1","Sim1 (panel_spec=5.62, 88% of cells, UNIQUE_to_subclass); Zic1 (panel_spec=3.16, 70% of cells, UNIQUE_to_subclass); Gfra1 (panel_spec=1.95, 64% of cells, UNIQUE_to_subclass); Cd36 (panel_spec=1.80, 53% of cells, UNIQUE_to_subclass); Pde1c (panel_spec=1.78, 59% of cells, UNIQUE_to_subclass); Map3k15 (panel_spec=1.11, 28% of cells, UNIQUE_to_subclass); Sulf1 (panel_spec=0.58, 47% of cells, UNIQUE_to_subclass)",,"Hcrtr2, Mc4r","Htr1b, Tacr1","Grm5, Gabbr1, Gabbr2, Grm1, Htr2c, Adcyap1r1, Gpr101, Cnr1, Npy1r, Oprm1, Chrm2, Htr1f, Npy2r, Sstr2, Crhr1, Cckbr",7,2,16
BMAp,BMA/MEA VGLUT2-like excitatory,119 SI-MA-LPO-LHA Skor1 Glut,target,2180,"Skor1, Tcf7l2, Dmrta2, Nhlh2, Tbr1, Sema5b, Ptpru, Deptor, Nxph4, Npnt, Fst, Tle4","Skor1, Tcf7l2","Dmrta2: 036 HPF CR Glut in same dissection is higher (4.93, 65%); Nhlh2: 036 HPF CR Glut in same dissection is higher (7.29, 87%); Tbr1: 035 OB Eomes Ms4a15 Glut in same dissection is higher (7.89, 98%); Sema5b: 063 STR D1 Sema5a Gaba in same dissection is higher (7.81, 95%); Deptor: 009 L2/3 IT PIR-ENTl Glut in same dissection is higher (9.10, 100%); Nxph4: 117 LHA Barhl2 Glut in same dissection is higher (6.85, 94%); Npnt: 009 L2/3 IT PIR-ENTl Glut in same dissection is higher (5.18, 79%); Fst: 079 CEA-BST Six3 Cyp26b1 Gaba in same dissection is higher (1.89, 31%); Tle4: 077 CEA-BST Gal Avp Gaba in same dissection is higher (8.90, 100%)","vs 120 MEA Otp Foxp2 Glut: Tbr1, Tcf7l2, Cnr1; vs 121 MEA-BST Otp Zic2 Glut: Tbr1, Tcf7l2, Nxph4",NO,,Skor1,,"Skor1, Tcf7l2, Dmrta2, Nhlh2, Tbr1, Sema5b, Ptpru, Deptor, Nxph4, Npnt, Fst, Tle4","Skor1 (panel_spec=3.14, 54% of cells, UNIQUE_to_subclass); Tcf7l2 (panel_spec=4.45, 45% of cells, UNIQUE_to_subclass); Dmrta2 (panel_spec=3.40, 55% of cells, UNIQUE_to_subclass); Nhlh2 (panel_spec=3.03, 63% of cells, UNIQUE_to_subclass); Tbr1 (panel_spec=2.71, 77% of cells, UNIQUE_to_subclass); Sema5b (panel_spec=2.05, 51% of cells, UNIQUE_to_subclass); Ptpru (panel_spec=2.03, 78% of cells, UNIQUE_to_subclass); Deptor (panel_spec=1.49, 53% of cells, UNIQUE_to_subclass); Nxph4 (panel_spec=1.46, 65% of cells, UNIQUE_to_subclass); Npnt (panel_spec=1.34, 34% of cells, UNIQUE_to_subclass); Fst (panel_spec=1.19, 25% of cells, UNIQUE_to_subclass); Tle4 (panel_spec=1.10, 90% of cells, UNIQUE_to_subclass)","Drd2 (panel_spec=1.07, 29%), Grm1 (panel_spec=0.98, 97%), Chrm2 (panel_spec=0.94, 58%), Htr1f (panel_spec=0.65, 55%)","Drd2, Hcrtr2, Ntsr1","Oprk1, Tacr1, Htr2a","Grm5, Grm1, Gabbr1, Gabbr2, Htr2c, Chrm2, Cnr1, Adcyap1r1, Oprm1, Htr1f, Gpr88, Npy2r, Htr1a",12,3,13
BMAp,Amygdala GABA / striatal-like inhibitory neighbors,073 MEA-BST Sox6 Gaba,neighbor_control,8705,"Sox6, Prox1, Dlx1, Sox1, Dlx2",,"Sox6: 056 Sst Chodl Gaba in same dissection is higher (10.43, 100%); Prox1: 037 DG Glut in same dissection is higher (8.55, 99%); Dlx1: 046 Vip Gaba in same dissection is higher (7.20, 91%); Sox1: 056 Sst Chodl Gaba in same dissection is higher (5.79, 86%); Dlx2: 047 Sncg Gaba in same dissection is higher (4.28, 74%)","vs 074 MEA-BST Lhx6 Sp9 Gaba: Prox1, Nfib, Cacng5; vs 082 CEA-BST Ebf1 Pdyn Gaba: Dlx1, Sox6, Prox1",NO,,Sox6,,"Sox6, Prox1, Dlx1, Sox1, Dlx2","Sox6 (panel_spec=1.22, 58% of cells, UNIQUE_to_subclass); Prox1 (panel_spec=2.76, 57% of cells, UNIQUE_to_subclass); Dlx1 (panel_spec=2.24, 76% of cells, UNIQUE_to_subclass); Sox1 (panel_spec=0.95, 34% of cells, UNIQUE_to_subclass); Dlx2 (panel_spec=0.91, 44% of cells, UNIQUE_to_subclass)",,Galr1,"Oprk1, Tacr3, Htr1b, Drd1, Htr2a","Grm5, Gabbr1, Gabbr2, Grm1, Htr2c, Adcyap1r1, Oprm1, Gpr88, Cnr1, Npy2r, Htr1f, Crhr1, Chrm2, Sstr2, Cckbr, Gpr101, Htr1a, Npy1r",5,1,18
BMAp,Amygdala GABA / striatal-like inhibitory neighbors,074 MEA-BST Lhx6 Sp9 Gaba,neighbor_control,6461,"Lhx6, Sp9, Nr2e1, Whrn, Slc6a1, Cartpt, Adarb2",,"Lhx6: 056 Sst Chodl Gaba in same dissection is higher (8.52, 99%); Sp9: 054 STR Prox1 Lhx6 Gaba in same dissection is higher (6.27, 90%); Nr2e1: 075 MEA-BST Lhx6 Nr2e1 Gaba in same dissection is higher (5.66, 84%); Whrn: 118 ADP-MPO Trp73 Glut in same dissection is higher (6.55, 94%); Slc6a1: 050 Lamp5 Lhx6 Gaba in same dissection is higher (11.45, 100%); Cartpt: 076 MEA-BST Lhx6 Nfib Gaba in same dissection is higher (6.40, 70%); Adarb2: 047 Sncg Gaba in same dissection is higher (13.34, 100%)","vs 073 MEA-BST Sox6 Gaba: Lhx6, Sp9; vs 082 CEA-BST Ebf1 Pdyn Gaba: Lhx6, Sp9, Sox6",NO,,"Lhx6, Sp9",,"Lhx6, Sp9, Nr2e1, Whrn, Slc6a1, Cartpt, Adarb2","Lhx6 (panel_spec=5.90, 89% of cells, UNIQUE_to_subclass); Sp9 (panel_spec=4.42, 79% of cells, UNIQUE_to_subclass); Nr2e1 (panel_spec=2.43, 59% of cells, UNIQUE_to_subclass); Whrn (panel_spec=0.79, 67% of cells, UNIQUE_to_subclass); Slc6a1 (panel_spec=0.73, 99% of cells, UNIQUE_to_subclass); Cartpt (panel_spec=0.67, 36% of cells, UNIQUE_to_subclass); Adarb2 (panel_spec=0.60, 94% of cells, UNIQUE_to_subclass)",,,"Tacr3, Oprk1, Oprd1, Htr2a","Grm5, Gabbr1, Gabbr2, Grm1, Oprm1, Htr2c, Adcyap1r1, Crhr1, Gpr101, Chrm2, Gpr88, Htr1f, Cnr1, Npy1r, Htr1a",7,0,15
BMAp,Amygdala GABA / striatal-like inhibitory neighbors,082 CEA-BST Ebf1 Pdyn Gaba,neighbor_control,6966,"Ebf1, Pdyn, Isl1, Meis2, Sst, Zfhx3, Cnr1, Mpped1, Vat1l, Gpr101, Bcl11b, Lamp5",,"Ebf1: 061 STR D1 Gaba in same dissection is higher (6.92, 83%); Pdyn: 061 STR D1 Gaba in same dissection is higher (9.15, 97%); Isl1: 093 RT-ZI Gnb3 Gaba in same dissection is higher (7.44, 100%); Meis2: 063 STR D1 Sema5a Gaba in same dissection is higher (11.39, 100%); Sst: 056 Sst Chodl Gaba in same dissection is higher (11.16, 97%); Zfhx3: 077 CEA-BST Gal Avp Gaba in same dissection is higher (10.82, 100%); Cnr1: 047 Sncg Gaba in same dissection is higher (11.50, 100%); Mpped1: 049 Lamp5 Gaba in same dissection is higher (8.46, 98%); Vat1l: 079 CEA-BST Six3 Cyp26b1 Gaba in same dissection is higher (8.87, 99%); Gpr101: 122 LHA-MEA Otp Glut in same dissection is higher (6.99, 92%); Bcl11b: 061 STR D1 Gaba in same dissection is higher (9.32, 100%); Lamp5: 049 Lamp5 Gaba in same dissection is higher (8.06, 96%)","vs 073 MEA-BST Sox6 Gaba: Ebf1, Isl1, Nts; vs 074 MEA-BST Lhx6 Sp9 Gaba: Ebf1, Pdyn, Isl1",NO,,"Ebf1, Pdyn",,"Ebf1, Pdyn, Isl1, Meis2, Sst, Zfhx3, Cnr1, Mpped1, Vat1l, Gpr101, Bcl11b, Lamp5","Ebf1 (panel_spec=4.77, 73% of cells, UNIQUE_to_subclass); Pdyn (panel_spec=2.12, 63% of cells, UNIQUE_to_subclass); Isl1 (panel_spec=3.60, 55% of cells, UNIQUE_to_subclass); Meis2 (panel_spec=2.42, 92% of cells, UNIQUE_to_subclass); Sst (panel_spec=2.11, 52% of cells, UNIQUE_to_subclass); Zfhx3 (panel_spec=1.92, 100% of cells, UNIQUE_to_subclass); Cnr1 (panel_spec=1.32, 83% of cells, UNIQUE_to_subclass); Mpped1 (panel_spec=1.15, 93% of cells, UNIQUE_to_subclass); Vat1l (panel_spec=0.92, 98% of cells, UNIQUE_to_subclass); Gpr101 (panel_spec=0.92, 79% of cells, UNIQUE_to_subclass); Bcl11b (panel_spec=0.86, 98% of cells, UNIQUE_to_subclass); Lamp5 (panel_spec=0.85, 69% of cells, UNIQUE_to_subclass)","Cnr1 (panel_spec=1.32, 83%), Gpr101 (panel_spec=0.92, 79%), Tacr3 (panel_spec=0.56, 30%)",Oxtr,"Tacr3, Htr1b, Drd1, Oprk1, Tacr1","Grm5, Gabbr1, Gabbr2, Htr2c, Grm1, Gpr101, Cnr1, Oprm1, Gpr88, Adcyap1r1, Htr1f, Npy1r, Sstr2, Crhr1, Chrm2, Htr1a, Cckbr",12,1,17
RE,Midline thalamic glutamatergic / reuniens,152 RE-Xi Nox4 Glut,target,5450,"Nox4, Calb2, Necab1, Oprm1, Calb1, Foxp1, Amigo2, Deptor, Spon1, Zfp804b, Nxph1",,"Calb2: 110 BST-po Iigp1 Glut in same dissection is higher (10.06, 100%); Necab1: 150 CM-IAD-CL-PCN Sema5b Glut in same dissection is higher (9.64, 99%); Oprm1: 150 CM-IAD-CL-PCN Sema5b Glut in same dissection is higher (7.42, 91%); Foxp1: 061 STR D1 Gaba in same dissection is higher (10.75, 100%); Amigo2: 145 MH Tac2 Glut in same dissection is higher (5.80, 76%); Deptor: 147 AD Serpinb7 Glut in same dissection is higher (7.31, 95%); Spon1: 153 MG-POL-SGN Nts Glut in same dissection is higher (7.73, 91%); Zfp804b: 110 BST-po Iigp1 Glut in same dissection is higher (11.60, 100%); Nxph1: 154 PF Fzd5 Glut in same dissection is higher (10.15, 100%)","vs 151 TH Prkcd Grin2c Glut: Nox4, Nrgn, Slc6a1",NO,,Nox4,,"Nox4, Calb2, Necab1, Oprm1, Calb1, Foxp1, Amigo2, Deptor, Spon1, Zfp804b, Nxph1","Nox4 (panel_spec=1.65, 42% of cells, UNIQUE_to_subclass); Calb2 (panel_spec=4.60, 92% of cells, UNIQUE_to_subclass); Necab1 (panel_spec=2.84, 90% of cells, UNIQUE_to_subclass); Oprm1 (panel_spec=2.53, 70% of cells, UNIQUE_to_subclass); Calb1 (panel_spec=2.25, 96% of cells, UNIQUE_to_subclass); Foxp1 (panel_spec=1.87, 97% of cells, UNIQUE_to_subclass); Amigo2 (panel_spec=1.49, 36% of cells, UNIQUE_to_subclass); Deptor (panel_spec=1.47, 86% of cells, UNIQUE_to_subclass); Spon1 (panel_spec=1.07, 88% of cells, UNIQUE_to_subclass); Zfp804b (panel_spec=0.62, 84% of cells, UNIQUE_to_subclass); Nxph1 (panel_spec=0.57, 100% of cells, UNIQUE_to_subclass)","Oprm1 (panel_spec=2.53, 70%)",Hcrtr2,Npy1r,"Grm5, Gabbr1, Gabbr2, Grm1, Chrm2, Oprm1, Htr2c, Adcyap1r1, Htr1f",11,1,9
RE,Midline thalamic glutamatergic / reuniens,151 TH Prkcd Grin2c Glut,target,68125,"Prkcd, Grin2c, Slc17a7, Tnnt1, Pcp4, Adarb2, Cacng5, Prox1, Rorb, Gpr88, Sema5a, Cnih3","Prkcd, Grin2c, Tnnt1","Slc17a7: 037 DG Glut in same dissection is higher (8.13, 94%); Adarb2: 202 PRT Tcf7l2 Gaba in same dissection is higher (10.16, 96%); Prox1: 037 DG Glut in same dissection is higher (8.77, 97%); Rorb: 149 PVT-PT Ntrk1 Glut in same dissection is higher (8.79, 97%); Gpr88: 061 STR D1 Gaba in same dissection is higher (8.75, 100%); Sema5a: 037 DG Glut in same dissection is higher (8.99, 97%); Cnih3: 037 DG Glut in same dissection is higher (6.49, 85%)","vs 152 RE-Xi Nox4 Glut: Grin2c, Gpr88, Ebf1",NO,,"Prkcd, Grin2c",,"Prkcd, Grin2c, Slc17a7, Tnnt1, Pcp4, Adarb2, Cacng5, Prox1, Rorb, Gpr88, Sema5a, Cnih3","Prkcd (panel_spec=5.69, 90% of cells, UNIQUE_to_subclass); Grin2c (panel_spec=2.02, 61% of cells, UNIQUE_to_subclass); Slc17a7 (panel_spec=3.47, 76% of cells, UNIQUE_to_subclass); Tnnt1 (panel_spec=3.44, 79% of cells, UNIQUE_to_subclass); Pcp4 (panel_spec=3.39, 100% of cells, UNIQUE_to_subclass); Adarb2 (panel_spec=3.04, 97% of cells, UNIQUE_to_subclass); Cacng5 (panel_spec=2.85, 78% of cells, UNIQUE_to_subclass); Prox1 (panel_spec=2.71, 85% of cells, UNIQUE_to_subclass); Rorb (panel_spec=2.21, 90% of cells, UNIQUE_to_subclass); Gpr88 (panel_spec=2.00, 38% of cells, UNIQUE_to_subclass); Sema5a (panel_spec=1.47, 83% of cells, UNIQUE_to_subclass); Cnih3 (panel_spec=1.46, 49% of cells, UNIQUE_to_subclass)","Gpr88 (panel_spec=2.00, 38%), Grm1 (panel_spec=1.19, 100%), Gabbr2 (panel_spec=0.75, 100%)",Gpr88,Npy1r,"Grm1, Gabbr2, Gabbr1, Grm5, Chrm2, Htr2c, Oprm1, Adcyap1r1",12,1,8
RE,Reticular/inhibitory thalamic exclusion,093 RT-ZI Gnb3 Gaba,neighbor_control,7452,"Pvalb, Meis2, Six3, Isl1, Sst, Gfra1, Cplx3, Npy, Vat1l, Trh, Wfs1, Cdh13","Pvalb, Six3, Isl1, Sst, Npy, Trh","Meis2: 064 STR-PAL Chst9 Gaba in same dissection is higher (11.76, 100%); Gfra1: 145 MH Tac2 Glut in same dissection is higher (9.18, 93%); Cplx3: 262 Pineal Crx Glut in same dissection is higher (9.60, 99%); Vat1l: 145 MH Tac2 Glut in same dissection is higher (8.66, 98%); Wfs1: 061 STR D1 Gaba in same dissection is higher (7.65, 100%); Cdh13: 110 BST-po Iigp1 Glut in same dissection is higher (9.83, 97%)","vs 109 LGv-ZI Otx2 Gaba: Pvalb, Meis2, Isl1",NO,,,,"Pvalb, Meis2, Six3, Isl1, Sst, Gfra1, Cplx3, Npy, Vat1l, Trh, Wfs1, Cdh13","Pvalb (panel_spec=8.60, 95% of cells, UNIQUE_to_subclass); Meis2 (panel_spec=8.57, 94% of cells, UNIQUE_to_subclass); Six3 (panel_spec=8.24, 97% of cells, UNIQUE_to_subclass); Isl1 (panel_spec=6.47, 87% of cells, UNIQUE_to_subclass); Sst (panel_spec=5.71, 77% of cells, UNIQUE_to_subclass); Gfra1 (panel_spec=4.31, 79% of cells, UNIQUE_to_subclass); Cplx3 (panel_spec=3.77, 53% of cells, UNIQUE_to_subclass); Npy (panel_spec=3.17, 48% of cells, UNIQUE_to_subclass); Vat1l (panel_spec=2.20, 92% of cells, UNIQUE_to_subclass); Trh (panel_spec=2.18, 31% of cells, UNIQUE_to_subclass); Wfs1 (panel_spec=2.12, 59% of cells, UNIQUE_to_subclass); Cdh13 (panel_spec=2.12, 92% of cells, UNIQUE_to_subclass)","Cnr1 (panel_spec=1.46, 48%), Chrm2 (panel_spec=0.97, 88%)",,"Cnr1, Crhr1, Oprk1","Grm5, Gabbr1, Chrm2, Gabbr2, Adcyap1r1, Grm1, Htr2c, Htr1f",12,0,8
RE,Reticular/inhibitory thalamic exclusion,109 LGv-ZI Otx2 Gaba,neighbor_control,4380,"Otx2, Reln, Nos1, Syt6, Sp9, Baiap3, Lhx1, Slc6a1, Gpr101, Thsd7b, Nrgn, Pcdh8",,"Otx2: 213 SCsg Gabrr2 Gaba in same dissection is higher (7.64, 91%); Reln: 213 SCsg Gabrr2 Gaba in same dissection is higher (8.53, 94%); Nos1: 117 LHA Barhl2 Glut in same dissection is higher (5.43, 62%); Syt6: 145 MH Tac2 Glut in same dissection is higher (8.05, 94%); Sp9: 064 STR-PAL Chst9 Gaba in same dissection is higher (3.69, 52%); Baiap3: 141 PH-SUM Foxa1 Glut in same dissection is higher (7.47, 93%); Lhx1: 213 SCsg Gabrr2 Gaba in same dissection is higher (4.40, 62%); Slc6a1: 213 SCsg Gabrr2 Gaba in same dissection is higher (9.81, 99%); Gpr101: 134 PH-ant-LHA Otp Bsx Glut in same dissection is higher (3.87, 52%); Thsd7b: 064 STR-PAL Chst9 Gaba in same dissection is higher (9.11, 98%); Nrgn: 037 DG Glut in same dissection is higher (10.33, 100%); Pcdh8: 064 STR-PAL Chst9 Gaba in same dissection is higher (4.29, 61%)","vs 093 RT-ZI Gnb3 Gaba: Reln, Necab1, Nos1",NO,,Otx2,,"Otx2, Reln, Nos1, Syt6, Sp9, Baiap3, Lhx1, Slc6a1, Gpr101, Thsd7b, Nrgn, Pcdh8","Otx2 (panel_spec=2.72, 45% of cells, UNIQUE_to_subclass); Reln (panel_spec=5.79, 73% of cells, UNIQUE_to_subclass); Nos1 (panel_spec=3.61, 59% of cells, UNIQUE_to_subclass); Syt6 (panel_spec=2.81, 62% of cells, UNIQUE_to_subclass); Sp9 (panel_spec=2.68, 53% of cells, UNIQUE_to_subclass); Baiap3 (panel_spec=2.25, 48% of cells, UNIQUE_to_subclass); Lhx1 (panel_spec=2.24, 38% of cells, UNIQUE_to_subclass); Slc6a1 (panel_spec=1.90, 93% of cells, UNIQUE_to_subclass); Gpr101 (panel_spec=1.87, 30% of cells, UNIQUE_to_subclass); Thsd7b (panel_spec=1.69, 66% of cells, UNIQUE_to_subclass); Nrgn (panel_spec=1.39, 57% of cells, UNIQUE_to_subclass); Pcdh8 (panel_spec=1.28, 38% of cells, UNIQUE_to_subclass)","Htr2c (panel_spec=4.12, 88%), Gpr101 (panel_spec=1.87, 30%)",Gpr101,"Oprk1, Crhr1, Cnr1","Grm5, Gabbr1, Htr2c, Gabbr2, Grm1, Chrm2, Adcyap1r1, Htr1f, Oprm1",12,1,9
LM,Lateral mammillary excitatory,138 PH Pitx2 Glut,target,1795,"Dmrta2, Nrgn, Pou3f1, Calb2",,"Dmrta2: 159 IF-RL-CLI-PAG Foxa1 Glut in same dissection is higher (4.81, 67%); Nrgn: 096 PVHd Gsc Gaba in same dissection is higher (8.54, 88%); Pou3f1: 060 OT D3 Folh1 Gaba in same dissection is higher (6.69, 87%); Calb2: 149 PVT-PT Ntrk1 Glut in same dissection is higher (9.24, 98%)",vs 141 PH-SUM Foxa1 Glut: Pou3f1,NO,,,,"Dmrta2, Nrgn, Pou3f1, Calb2","Dmrta2 (panel_spec=1.81, 40% of cells, UNIQUE_to_subclass); Nrgn (panel_spec=1.32, 72% of cells, UNIQUE_to_subclass); Pou3f1 (panel_spec=1.16, 27% of cells, UNIQUE_to_subclass); Calb2 (panel_spec=0.55, 90% of cells, UNIQUE_to_subclass)","Htr2c (panel_spec=0.72, 71%)",,"Drd2, Crhr1, Htr1b, Npy1r, Htr2a","Grm5, Gabbr1, Gabbr2, Grm1, Htr2c, Chrm2, Oprm1, Cnr1, Adcyap1r1, Hcrtr2, Gpr101",4,0,11
LM,Lateral mammillary excitatory,141 PH-SUM Foxa1 Glut,target,2921,"Tcf4, Zfp804b, Barhl2, Ntsr1, Slc6a1, Nfib, Bcl11b, Foxp2, Necab1, Nr4a2, Mpped1, Oprm1",,"Tcf4: 055 STR Lhx8 Gaba in same dissection is higher (10.66, 100%); Zfp804b: 074 MEA-BST Lhx6 Sp9 Gaba in same dissection is higher (9.80, 92%); Barhl2: 092 TMv-PMv Tbx3 Hist-Gaba in same dissection is higher (4.17, 68%); Ntsr1: 059 GPe-SI Sox6 Cyp26b1 Gaba in same dissection is higher (4.10, 67%); Slc6a1: 213 SCsg Gabrr2 Gaba in same dissection is higher (9.94, 100%); Nfib: 064 STR-PAL Chst9 Gaba in same dissection is higher (8.89, 96%); Bcl11b: 060 OT D3 Folh1 Gaba in same dissection is higher (9.59, 100%); Foxp2: 064 STR-PAL Chst9 Gaba in same dissection is higher (10.84, 100%); Necab1: 149 PVT-PT Ntrk1 Glut in same dissection is higher (8.62, 96%); Nr4a2: 215 SNc-VTA-RAmb Foxa1 Dopa in same dissection is higher (7.05, 90%); Mpped1: 056 Sst Chodl Gaba in same dissection is higher (7.43, 96%); Oprm1: 064 STR-PAL Chst9 Gaba in same dissection is higher (7.74, 94%)","vs 138 PH Pitx2 Glut: Nfib, Ntsr1, Barhl2",NO,,,,"Tcf4, Zfp804b, Barhl2, Ntsr1, Slc6a1, Nfib, Bcl11b, Foxp2, Necab1, Nr4a2, Mpped1, Oprm1","Tcf4 (panel_spec=2.55, 95% of cells, UNIQUE_to_subclass); Zfp804b (panel_spec=2.41, 80% of cells, UNIQUE_to_subclass); Barhl2 (panel_spec=1.74, 37% of cells, UNIQUE_to_subclass); Ntsr1 (panel_spec=1.49, 33% of cells, UNIQUE_to_subclass); Slc6a1 (panel_spec=1.43, 92% of cells, UNIQUE_to_subclass); Nfib (panel_spec=1.31, 43% of cells, UNIQUE_to_subclass); Bcl11b (panel_spec=1.11, 30% of cells, UNIQUE_to_subclass); Foxp2 (panel_spec=1.07, 45% of cells, UNIQUE_to_subclass); Necab1 (panel_spec=0.93, 49% of cells, UNIQUE_to_subclass); Nr4a2 (panel_spec=0.86, 77% of cells, UNIQUE_to_subclass); Mpped1 (panel_spec=0.84, 52% of cells, UNIQUE_to_subclass); Oprm1 (panel_spec=0.79, 72% of cells, UNIQUE_to_subclass)","Ntsr1 (panel_spec=1.49, 33%), Oprm1 (panel_spec=0.79, 72%)","Ntsr1, Sstr2, Oprk1","Crhr1, Htr1f","Grm5, Gabbr1, Gabbr2, Grm1, Htr2c, Oprm1, Adcyap1r1, Cnr1, Chrm2, Hcrtr2",12,3,10
LM,Nearby hypothalamic exclusion populations,144 MM Foxb1 Glut,neighbor_control,8270,"Cnih3, Pde1c, Rorb, Maf, Npnt, Pvalb, Thsd7b, Cck, Adcyap1, Adarb2, Cux2, Cartpt","Cnih3, Npnt, Adcyap1, Cartpt","Rorb: 094 SCH Six6 Cdc14a Gaba in same dissection is higher (9.57, 90%); Maf: 059 GPe-SI Sox6 Cyp26b1 Gaba in same dissection is higher (3.32, 53%); Pvalb: 093 RT-ZI Gnb3 Gaba in same dissection is higher (5.62, 58%); Thsd7b: 088 BST Tac2 Gaba in same dissection is higher (9.57, 97%); Cck: 151 TH Prkcd Grin2c Glut in same dissection is higher (9.06, 99%); Adarb2: 057 NDB-SI-MA-STRv Lhx8 Gaba in same dissection is higher (10.77, 99%); Cux2: 151 TH Prkcd Grin2c Glut in same dissection is higher (6.58, 94%)","vs 102 DMH-LHA Gsx1 Gaba: Slc17a6, Foxb1, Adcyap1; vs 126 ARH-PVp Tbx3 Glut: Foxb1, Adcyap1, Cck; vs 132 AHN-RCH-LHA Otp Fezf1 Glut: Foxb1, Cartpt, Cck",NO,,,,"Cnih3, Pde1c, Rorb, Maf, Npnt, Pvalb, Thsd7b, Cck, Adcyap1, Adarb2, Cux2, Cartpt","Cnih3 (panel_spec=2.47, 90% of cells, UNIQUE_to_subclass); Pde1c (panel_spec=1.90, 89% of cells, UNIQUE_to_subclass); Rorb (panel_spec=1.89, 95% of cells, UNIQUE_to_subclass); Maf (panel_spec=1.89, 50% of cells, UNIQUE_to_subclass); Npnt (panel_spec=1.24, 53% of cells, UNIQUE_to_subclass); Pvalb (panel_spec=1.13, 66% of cells, UNIQUE_to_subclass); Thsd7b (panel_spec=1.09, 85% of cells, UNIQUE_to_subclass); Cck (panel_spec=1.07, 92% of cells, UNIQUE_to_subclass); Adcyap1 (panel_spec=0.97, 98% of cells, UNIQUE_to_subclass); Adarb2 (panel_spec=0.87, 99% of cells, UNIQUE_to_subclass); Cux2 (panel_spec=0.77, 87% of cells, UNIQUE_to_subclass); Cartpt (panel_spec=0.68, 95% of cells, UNIQUE_to_subclass)","Grm1 (panel_spec=0.86, 100%)",,"Htr1f, Npy1r, Htr2a","Grm1, Gabbr2, Gabbr1, Grm5, Htr2c, Adcyap1r1, Gpr101, Oprm1, Hcrtr2",12,0,9
LM,Nearby hypothalamic exclusion populations,143 MM-ant Foxb1 Glut,neighbor_control,5437,"Nts, Pnoc, Pcp4, Otof, Calb1, Tshz2, Rprm",Rprm,"Nts: 085 SI-MPO-LPO Lhx8 Gaba in same dissection is higher (4.27, 53%); Pnoc: 142 HY Gnrh1 Glut in same dissection is higher (5.81, 81%); Pcp4: 151 TH Prkcd Grin2c Glut in same dissection is higher (12.40, 100%); Otof: 091 ARH-PVi Six6 Dopa-Gaba in same dissection is higher (5.37, 73%); Tshz2: 059 GPe-SI Sox6 Cyp26b1 Gaba in same dissection is higher (9.85, 100%)","vs 102 DMH-LHA Gsx1 Gaba: Foxb1, Slc17a6, Rprm; vs 126 ARH-PVp Tbx3 Glut: Foxb1, Adcyap1, Nxph4; vs 132 AHN-RCH-LHA Otp Fezf1 Glut: Foxb1, Cartpt, Lhx1; vs 144 MM Foxb1 Glut: Otof, Nxph1, Sulf1",NO,,,,"Nts, Pnoc, Pcp4, Otof, Calb1, Tshz2, Rprm","Nts (panel_spec=2.28, 48% of cells, UNIQUE_to_subclass); Pnoc (panel_spec=1.73, 54% of cells, UNIQUE_to_subclass); Pcp4 (panel_spec=1.52, 100% of cells, UNIQUE_to_subclass); Otof (panel_spec=1.17, 48% of cells, UNIQUE_to_subclass); Calb1 (panel_spec=1.11, 96% of cells, UNIQUE_to_subclass); Tshz2 (panel_spec=0.99, 97% of cells, UNIQUE_to_subclass); Rprm (panel_spec=0.64, 98% of cells, UNIQUE_to_subclass)","Htr2a (panel_spec=3.06, 73%), Cckbr (panel_spec=0.57, 24%)",Cckbr,"Htr2a, Drd2, Crhr1","Grm1, Grm5, Gabbr2, Gabbr1, Oprm1, Adcyap1r1, Gpr101",7,1,7
LM,Nearby hypothalamic exclusion populations,126 ARH-PVp Tbx3 Glut,neighbor_control,4103,"Tbx3, Pdyn, Tcf7l2, Bsx, Tac2, Pomc, Gpr101, Sox1, Deptor, Amigo2, Nhlh2, Gfra1",,"Tbx3: 108 ARH-PVp Tbx3 Gaba in same dissection is higher (5.96, 80%); Pdyn: 123 DMH Nkx2-4 Glut in same dissection is higher (8.20, 92%); Tcf7l2: 149 PVT-PT Ntrk1 Glut in same dissection is higher (10.85, 100%); Bsx: 092 TMv-PMv Tbx3 Hist-Gaba in same dissection is higher (6.12, 86%); Tac2: 088 BST Tac2 Gaba in same dissection is higher (6.80, 75%); Pomc: 142 HY Gnrh1 Glut in same dissection is higher (3.30, 59%); Gpr101: 121 MEA-BST Otp Zic2 Glut in same dissection is higher (5.34, 82%); Sox1: 060 OT D3 Folh1 Gaba in same dissection is higher (6.47, 85%); Deptor: 059 GPe-SI Sox6 Cyp26b1 Gaba in same dissection is higher (5.99, 83%); Amigo2: 091 ARH-PVi Six6 Dopa-Gaba in same dissection is higher (5.45, 77%); Nhlh2: 142 HY Gnrh1 Glut in same dissection is higher (5.43, 80%); Gfra1: 096 PVHd Gsc Gaba in same dissection is higher (6.93, 82%)","vs 102 DMH-LHA Gsx1 Gaba: Slc17a6, Tbx3, Nhlh2; vs 132 AHN-RCH-LHA Otp Fezf1 Glut: Pdyn, Tbx3, Nkx2-1; vs 143 MM-ant Foxb1 Glut: Sema5a, Pdyn, Tbx3; vs 144 MM Foxb1 Glut: Sema5a, Pdyn, Tbx3",NO,,Tbx3,,"Tbx3, Pdyn, Tcf7l2, Bsx, Tac2, Pomc, Gpr101, Sox1, Deptor, Amigo2, Nhlh2, Gfra1","Tbx3 (panel_spec=4.47, 63% of cells, UNIQUE_to_subclass); Pdyn (panel_spec=3.79, 65% of cells, UNIQUE_to_subclass); Tcf7l2 (panel_spec=2.29, 34% of cells, UNIQUE_to_subclass); Bsx (panel_spec=2.28, 37% of cells, UNIQUE_to_subclass); Tac2 (panel_spec=2.27, 32% of cells, UNIQUE_to_subclass); Pomc (panel_spec=1.92, 41% of cells, UNIQUE_to_subclass); Gpr101 (panel_spec=1.68, 51% of cells, UNIQUE_to_subclass); Sox1 (panel_spec=1.56, 29% of cells, UNIQUE_to_subclass); Deptor (panel_spec=1.53, 54% of cells, UNIQUE_to_subclass); Amigo2 (panel_spec=0.95, 51% of cells, UNIQUE_to_subclass); Nhlh2 (panel_spec=0.69, 52% of cells, UNIQUE_to_subclass); Gfra1 (panel_spec=0.62, 60% of cells, UNIQUE_to_subclass)","Npy1r (panel_spec=1.98, 52%), Gpr101 (panel_spec=1.68, 51%), Tacr3 (panel_spec=1.37, 30%)","Tacr3, Npy2r, Oprk1, Sstr2","Npy1r, Drd2","Grm5, Gabbr1, Gabbr2, Adcyap1r1, Grm1, Gpr101, Cnr1, Oprm1, Hcrtr2, Htr2c, Chrm2",12,4,11
LM,Nearby hypothalamic exclusion populations,132 AHN-RCH-LHA Otp Fezf1 Glut,neighbor_control,4156,"Otp, Fezf1, Zic1, Trh, Zic2, Map3k15, Tac1",,"Otp: 133 PVH-SO-PVa Otp Glut in same dissection is higher (7.54, 93%); Fezf1: 128 VMH Fezf1 Glut in same dissection is higher (4.75, 69%); Zic1: 115 MS-SF Bsx Glut in same dissection is higher (8.82, 98%); Trh: 131 LHA-AHN-PVH Otp Trh Glut in same dissection is higher (7.57, 82%); Zic2: 142 HY Gnrh1 Glut in same dissection is higher (4.59, 72%); Map3k15: 131 LHA-AHN-PVH Otp Trh Glut in same dissection is higher (1.75, 28%); Tac1: 060 OT D3 Folh1 Gaba in same dissection is higher (9.78, 100%)","vs 102 DMH-LHA Gsx1 Gaba: Slc17a6, Otp, Zic1; vs 126 ARH-PVp Tbx3 Glut: Otp, Zic1, Sim1; vs 143 MM-ant Foxb1 Glut: Otp, Zic1, Ebf1; vs 144 MM Foxb1 Glut: Otp, Calb2, Zic1",NO,,"Otp, Fezf1",,"Otp, Fezf1, Zic1, Trh, Zic2, Map3k15, Tac1","Otp (panel_spec=7.07, 91% of cells, UNIQUE_to_subclass); Fezf1 (panel_spec=3.14, 50% of cells, UNIQUE_to_subclass); Zic1 (panel_spec=5.67, 73% of cells, UNIQUE_to_subclass); Trh (panel_spec=2.87, 46% of cells, UNIQUE_to_subclass); Zic2 (panel_spec=1.52, 26% of cells, UNIQUE_to_subclass); Map3k15 (panel_spec=1.13, 28% of cells, UNIQUE_to_subclass); Tac1 (panel_spec=0.51, 33% of cells, UNIQUE_to_subclass)","Htr1f (panel_spec=0.55, 32%), Galr1 (panel_spec=0.51, 25%), Grm5 (panel_spec=0.51, 99%)","Galr1, Tacr1","Htr1f, Htr1b, Npy1r, Htr2a","Grm5, Gabbr1, Gabbr2, Grm1, Htr2c, Adcyap1r1, Chrm2, Cnr1, Oprm1, Gpr101, Hcrtr2",7,2,11
LM,Nearby hypothalamic exclusion populations,102 DMH-LHA Gsx1 Gaba,neighbor_control,6768,"Gsx1, Slc32a1, Gad2, Prox1, Gad1, Dlx1, Isl1, Foxd2, Nkx2-4, Dlx2, Gal, Wfs1",Gsx1,"Slc32a1: 057 NDB-SI-MA-STRv Lhx8 Gaba in same dissection is higher (7.92, 98%); Gad2: 059 GPe-SI Sox6 Cyp26b1 Gaba in same dissection is higher (10.77, 100%); Prox1: 059 GPe-SI Sox6 Cyp26b1 Gaba in same dissection is higher (7.67, 92%); Gad1: 213 SCsg Gabrr2 Gaba in same dissection is higher (10.06, 100%); Dlx1: 091 ARH-PVi Six6 Dopa-Gaba in same dissection is higher (6.71, 90%); Isl1: 142 HY Gnrh1 Glut in same dissection is higher (7.31, 92%); Foxd2: 105 TMd-DMH Foxd2 Gaba in same dissection is higher (2.58, 42%); Nkx2-4: 123 DMH Nkx2-4 Glut in same dissection is higher (3.06, 47%); Dlx2: 091 ARH-PVi Six6 Dopa-Gaba in same dissection is higher (3.75, 61%); Gal: 106 PVpo-VMPO-MPN Hmx2 Gaba in same dissection is higher (5.13, 66%); Wfs1: 064 STR-PAL Chst9 Gaba in same dissection is higher (5.87, 78%)","vs 126 ARH-PVp Tbx3 Glut: Slc32a1, Ebf1, Gsx1; vs 132 AHN-RCH-LHA Otp Fezf1 Glut: Prox1, Gad1, Isl1; vs 143 MM-ant Foxb1 Glut: Gad2, Gad1, Prox1; vs 144 MM Foxb1 Glut: Gad2, Gad1, Prox1",NO,,Gsx1,,"Gsx1, Slc32a1, Gad2, Prox1, Gad1, Dlx1, Isl1, Foxd2, Nkx2-4, Dlx2, Gal, Wfs1","Gsx1 (panel_spec=2.66, 43% of cells, UNIQUE_to_subclass); Slc32a1 (panel_spec=4.96, 82% of cells, UNIQUE_to_subclass); Gad2 (panel_spec=4.88, 95% of cells, UNIQUE_to_subclass); Prox1 (panel_spec=4.72, 84% of cells, UNIQUE_to_subclass); Gad1 (panel_spec=3.69, 88% of cells, UNIQUE_to_subclass); Dlx1 (panel_spec=2.56, 40% of cells, UNIQUE_to_subclass); Isl1 (panel_spec=2.29, 81% of cells, UNIQUE_to_subclass); Foxd2 (panel_spec=2.10, 33% of cells, UNIQUE_to_subclass); Nkx2-4 (panel_spec=1.99, 37% of cells, UNIQUE_to_subclass); Dlx2 (panel_spec=1.49, 26% of cells, UNIQUE_to_subclass); Gal (panel_spec=1.37, 39% of cells, UNIQUE_to_subclass); Wfs1 (panel_spec=1.04, 45% of cells, UNIQUE_to_subclass)","Oprd1 (panel_spec=0.86, 26%)","Oprd1, Gpr88","Drd2, Htr1b","Grm5, Gabbr1, Gabbr2, Adcyap1r1, Grm1, Oprm1, Chrm2, Htr2c, Cnr1, Hcrtr2",12,2,10
ORBm,L2/3 IT excitatory,007 L2/3 IT CTX Glut,target,8869,"Otof, Cux2, Matn2, Wfs1, Gpr88","Cux2, Matn2, Wfs1","Otof: 063 STR D1 Sema5a Gaba in same dissection is higher (4.83, 62%); Gpr88: 063 STR D1 Sema5a Gaba in same dissection is higher (10.34, 100%)",,NO,,,,"Otof, Cux2, Matn2, Wfs1, Gpr88","Otof (panel_spec=2.46, 47% of cells, UNIQUE_to_subclass); Cux2 (panel_spec=2.00, 95% of cells, UNIQUE_to_subclass); Matn2 (panel_spec=1.73, 68% of cells, UNIQUE_to_subclass); Wfs1 (panel_spec=1.22, 73% of cells, UNIQUE_to_subclass); Gpr88 (panel_spec=0.83, 65% of cells, UNIQUE_to_subclass)","Gpr88 (panel_spec=0.83, 65%)",Gpr88,"Cckbr, Htr1b, Npy1r, Crhr1, Oprd1","Grm5, Gabbr2, Gabbr1, Grm1, Cnr1, Adcyap1r1, Htr2a, Oprm1, Chrm2",5,1,9
ORBm,L4/5 IT excitatory,006 L4/5 IT CTX Glut,target,14152,"Rorb, Coch, Cnih3, Deptor, Slc30a3","Rorb, Slc30a3","Coch: 001 CLA-EPd-CTX Car3 Glut in same dissection is higher (3.97, 63%); Cnih3: 003 L5/6 IT TPE-ENT Glut in same dissection is higher (7.44, 96%); Deptor: 064 STR-PAL Chst9 Gaba in same dissection is higher (4.82, 60%)",,NO,,,,"Rorb, Coch, Cnih3, Deptor, Slc30a3","Rorb (panel_spec=2.23, 96% of cells, UNIQUE_to_subclass); Coch (panel_spec=1.86, 57% of cells, UNIQUE_to_subclass); Cnih3 (panel_spec=0.79, 94% of cells, UNIQUE_to_subclass); Deptor (panel_spec=0.76, 55% of cells, UNIQUE_to_subclass); Slc30a3 (panel_spec=0.68, 85% of cells, UNIQUE_to_subclass)","Crhr1 (panel_spec=0.69, 66%)",Gpr88,"Crhr1, Htr1a, Cckbr, Htr1b, Npy1r, Sstr2, Htr2c","Grm5, Gabbr2, Gabbr1, Cnr1, Htr2a, Grm1, Htr1f, Oprm1, Adcyap1r1, Chrm2",5,1,10
ORBm,L5 IT / L5 ET/PT output neurons,005 L5 IT CTX Glut,target,4419,,,,"vs 022 L5 ET CTX Glut: Slc30a3, Thsd7b, Rai14; vs 032 L5 NP CTX Glut: Adcyap1, Zfp804b, Tshz1",YES,"No single gene is unique to this subclass. POSITIVE core (shared with siblings): Adcyap1+ (58% of cells, excludes 7 of the other anchors); Rorb+ (82% of cells, excludes 6 of the other anchors); Slc30a3+ (58% of cells, excludes 6 of the other anchors); Lamp5+ (42% of cells, excludes 6 of the other anchors). NEGATIVE gates required: Whrn- rules out 004 L6 IT CTX Glut; Cux2- rules out 006 L4/5 IT CTX Glut; Cux2- rules out 007 L2/3 IT CTX Glut; Reln- rules out 022 L5 ET CTX Glut; Ccn2- rules out 029 L6b CTX Glut; Foxp2- rules out 030 L6 CT CTX Glut; Tshz2- rules out 032 L5 NP CTX Glut; Vip- rules out 046 Vip Gaba; Gad2- rules out 049 Lamp5 Gaba; Nxph1- rules out 052 Pvalb Gaba; Nxph1- rules out 053 Sst Gaba",,,,,"Htr2a (panel_spec=0.78, 79%), Sstr2 (panel_spec=0.68, 55%)",,"Sstr2, Htr1b, Htr1a, Ntsr1, Crhr1, Npy1r, Cckbr, Drd1, Oprd1","Grm5, Gabbr2, Gabbr1, Htr2a, Cnr1, Chrm2, Htr1f, Grm1, Adcyap1r1, Oprm1",0,0,10
ORBm,L5 IT / L5 ET/PT output neurons,022 L5 ET CTX Glut,target,3739,"Pou3f1, Vat1l, Fezf2","Pou3f1, Vat1l, Fezf2",,"vs 005 L5 IT CTX Glut: Reln, Pcdh8, Pdyn; vs 032 L5 NP CTX Glut: Pou3f1, Lamp5, Vat1l",NO,,,,"Pou3f1, Vat1l, Fezf2","Pou3f1 (panel_spec=4.57, 92% of cells, UNIQUE_to_subclass); Vat1l (panel_spec=1.10, 88% of cells, UNIQUE_to_subclass); Fezf2 (panel_spec=0.63, 94% of cells, UNIQUE_to_subclass)","Mc4r (panel_spec=0.86, 20%)",Mc4r,"Cckbr, Htr1a, Htr1b, Sstr2, Crhr1, Npy1r","Grm5, Gabbr1, Gabbr2, Htr1f, Grm1, Cnr1, Oprm1, Htr2a",3,1,8
ORBm,L5 IT / L5 ET/PT output neurons,032 L5 NP CTX Glut,target,3988,"Tshz2, Trhr, Slc17a6, Etv1, Amigo2, Slc17a8, Spon1","Tshz2, Trhr, Etv1, Amigo2, Slc17a8","Slc17a6: 036 HPF CR Glut in same dissection is higher (5.66, 69%); Spon1: 042 OB-out Frmd7 Gaba in same dissection is higher (9.64, 97%)","vs 005 L5 IT CTX Glut: Tshz2, Nxph1, Trhr; vs 022 L5 ET CTX Glut: Tshz2, Nxph1, Trhr",NO,,,,"Tshz2, Trhr, Slc17a6, Etv1, Amigo2, Slc17a8, Spon1","Tshz2 (panel_spec=8.84, 100% of cells, UNIQUE_to_subclass); Trhr (panel_spec=4.29, 71% of cells, UNIQUE_to_subclass); Slc17a6 (panel_spec=3.52, 71% of cells, UNIQUE_to_subclass); Etv1 (panel_spec=3.16, 100% of cells, UNIQUE_to_subclass); Amigo2 (panel_spec=1.75, 49% of cells, UNIQUE_to_subclass); Slc17a8 (panel_spec=1.58, 26% of cells, UNIQUE_to_subclass); Spon1 (panel_spec=1.14, 93% of cells, UNIQUE_to_subclass)","Htr2c (panel_spec=3.48, 90%), Chrm2 (panel_spec=2.23, 91%), Grm5 (panel_spec=0.57, 100%)",,"Htr2c, Drd1, Hcrtr2","Grm5, Chrm2, Gabbr1, Htr1f, Gabbr2, Adcyap1r1, Oprm1, Cnr1, Grm1",7,0,9
ORBm,L6 CT / L6b,030 L6 CT CTX Glut,target,21453,"Syt6, Foxp2, Rprm, Sla, Cyp26b1, Thsd7b, Zfhx3, Ppp1r1b","Rprm, Sla, Cyp26b1","Syt6: 041 OB-in Frmd7 Gaba in same dissection is higher (7.60, 82%); Foxp2: 063 STR D1 Sema5a Gaba in same dissection is higher (11.53, 100%); Thsd7b: 039 OB Meis2 Thsd7b Gaba in same dissection is higher (10.21, 94%); Zfhx3: 062 STR D2 Gaba in same dissection is higher (4.83, 62%); Ppp1r1b: 062 STR D2 Gaba in same dissection is higher (10.06, 100%)","vs 004 L6 IT CTX Glut: Foxp2, Rprm, Syt6; vs 029 L6b CTX Glut: Cyp26b1, Etv1",NO,,,,"Syt6, Foxp2, Rprm, Sla, Cyp26b1, Thsd7b, Zfhx3, Ppp1r1b","Syt6 (panel_spec=3.76, 92% of cells, UNIQUE_to_subclass); Foxp2 (panel_spec=3.12, 99% of cells, UNIQUE_to_subclass); Rprm (panel_spec=2.49, 91% of cells, UNIQUE_to_subclass); Sla (panel_spec=1.66, 68% of cells, UNIQUE_to_subclass); Cyp26b1 (panel_spec=1.61, 27% of cells, UNIQUE_to_subclass); Thsd7b (panel_spec=1.59, 92% of cells, UNIQUE_to_subclass); Zfhx3 (panel_spec=0.95, 40% of cells, UNIQUE_to_subclass); Ppp1r1b (panel_spec=0.84, 73% of cells, UNIQUE_to_subclass)","Htr1f (panel_spec=1.13, 94%)",,"Ntsr1, Sstr2, Cckbr, Drd1, Oprd1","Grm5, Gabbr2, Gabbr1, Htr1f, Grm1, Oprm1, Cnr1, Chrm2",8,0,8
ORBm,L6 CT / L6b,029 L6b CTX Glut,target,1586,"Nxph4, Ccn2, Gfra1, Drd1, Rai14, Nr4a2, Oprm1, Sema5b","Nxph4, Ccn2, Rai14","Gfra1: 001 CLA-EPd-CTX Car3 Glut in same dissection is higher (8.14, 98%); Drd1: 061 STR D1 Gaba in same dissection is higher (8.30, 96%); Nr4a2: 001 CLA-EPd-CTX Car3 Glut in same dissection is higher (10.53, 100%); Oprm1: 064 STR-PAL Chst9 Gaba in same dissection is higher (5.60, 69%); Sema5b: 063 STR D1 Sema5a Gaba in same dissection is higher (8.12, 93%)","vs 004 L6 IT CTX Glut: Ccn2, Cplx3, Foxp2; vs 030 L6 CT CTX Glut: Ccn2, Cplx3, Nxph4",NO,,,,"Nxph4, Ccn2, Gfra1, Drd1, Rai14, Nr4a2, Oprm1, Sema5b","Nxph4 (panel_spec=4.61, 65% of cells, UNIQUE_to_subclass); Ccn2 (panel_spec=4.14, 77% of cells, UNIQUE_to_subclass); Gfra1 (panel_spec=1.99, 56% of cells, UNIQUE_to_subclass); Drd1 (panel_spec=1.68, 67% of cells, UNIQUE_to_subclass); Rai14 (panel_spec=1.62, 87% of cells, UNIQUE_to_subclass); Nr4a2 (panel_spec=1.34, 58% of cells, UNIQUE_to_subclass); Oprm1 (panel_spec=0.73, 80% of cells, UNIQUE_to_subclass); Sema5b (panel_spec=0.52, 76% of cells, UNIQUE_to_subclass)","Drd1 (panel_spec=1.68, 67%), Oprm1 (panel_spec=0.73, 80%)",,"Drd1, Ntsr1, Cckbr, Sstr2, Hcrtr2","Grm5, Gabbr1, Gabbr2, Htr1f, Oprm1, Grm1, Chrm2, Htr2a, Adcyap1r1",8,0,9
ORBm,L6 CT / L6b,004 L6 IT CTX Glut,target,11338,"Oprk1, Nnat, Ptpru",,"Oprk1: 001 CLA-EPd-CTX Car3 Glut in same dissection is higher (7.09, 90%); Nnat: 002 IT EP-CLA Glut in same dissection is higher (9.03, 95%); Ptpru: 001 CLA-EPd-CTX Car3 Glut in same dissection is higher (6.59, 92%)","vs 029 L6b CTX Glut: Slc30a3, Matn2, Oprk1; vs 030 L6 CT CTX Glut: Slc30a3, Oprk1, Penk",NO,,,,"Oprk1, Nnat, Ptpru","Oprk1 (panel_spec=2.05, 37% of cells, UNIQUE_to_subclass); Nnat (panel_spec=1.37, 77% of cells, UNIQUE_to_subclass); Ptpru (panel_spec=0.75, 67% of cells, UNIQUE_to_subclass)","Oprk1 (panel_spec=2.05, 37%)",Oprk1,"Ntsr1, Htr1b, Cckbr, Sstr2, Drd1, Crhr1, Npy1r","Grm5, Gabbr2, Gabbr1, Grm1, Chrm2, Cnr1, Htr2a, Htr1f, Adcyap1r1, Oprm1",3,1,10
ORBm,Cortical interneurons,052 Pvalb Gaba,target,2869,"Pvalb, Tac1, Cartpt, Cux1, Moxd1, Zfp804b","Pvalb, Cartpt, Moxd1","Tac1: 063 STR D1 Sema5a Gaba in same dissection is higher (10.29, 98%); Cux1: 001 CLA-EPd-CTX Car3 Glut in same dissection is higher (7.76, 95%); Zfp804b: 051 Pvalb chandelier Gaba in same dissection is higher (11.68, 100%)","vs 046 Vip Gaba: Sox6, Mpped1, Pvalb; vs 049 Lamp5 Gaba: Sox6, Pvalb, Tac1; vs 053 Sst Gaba: Pvalb, Tac1, Sp9",NO,,Pvalb,,"Pvalb, Tac1, Cartpt, Cux1, Moxd1, Zfp804b","Pvalb (panel_spec=5.58, 71% of cells, UNIQUE_to_subclass); Tac1 (panel_spec=5.45, 70% of cells, UNIQUE_to_subclass); Cartpt (panel_spec=1.98, 54% of cells, UNIQUE_to_subclass); Cux1 (panel_spec=1.07, 82% of cells, UNIQUE_to_subclass); Moxd1 (panel_spec=0.82, 54% of cells, UNIQUE_to_subclass); Zfp804b (panel_spec=0.66, 89% of cells, UNIQUE_to_subclass)","Oprd1 (panel_spec=1.54, 68%)",,"Oprd1, Cckbr, Drd1, Htr2c","Grm5, Gabbr2, Gabbr1, Adcyap1r1, Cnr1, Htr2a, Htr1f, Chrm2, Grm1, Oprm1",6,0,10
ORBm,Cortical interneurons,053 Sst Gaba,target,5377,"Sst, Baiap3, Fibcd1",Baiap3,"Sst: 056 Sst Chodl Gaba in same dissection is higher (11.88, 100%); Fibcd1: 044 OB Dopa-Gaba in same dissection is higher (3.71, 46%)","vs 046 Vip Gaba: Sst, Sox6, Mpped1; vs 049 Lamp5 Gaba: Sox6, Calb1, Lhx6; vs 052 Pvalb Gaba: Ptpru, Pde1c, Pdyn",NO,,Sst,,"Sst, Baiap3, Fibcd1","Sst (panel_spec=8.11, 99% of cells, UNIQUE_to_subclass); Baiap3 (panel_spec=2.16, 42% of cells, UNIQUE_to_subclass); Fibcd1 (panel_spec=1.48, 32% of cells, UNIQUE_to_subclass)","Oxtr (panel_spec=0.89, 28%), Grm1 (panel_spec=0.88, 94%)",Oxtr,"Htr1a, Oprd1","Grm5, Grm1, Gabbr1, Gabbr2, Cnr1, Adcyap1r1, Oprm1, Htr1f, Chrm2, Htr2a",3,1,10
ORBm,Cortical interneurons,046 Vip Gaba,target,3277,"Vip, Calb2, Tac2, Crh, Slc5a7, Penk, Htr3a, Cnr1, Nr2e1, Dlx1, Prox1, Adarb2","Vip, Crh, Nr2e1, Dlx1, Prox1","Calb2: 042 OB-out Frmd7 Gaba in same dissection is higher (10.74, 97%); Tac2: 047 Sncg Gaba in same dissection is higher (4.80, 56%); Slc5a7: 056 Sst Chodl Gaba in same dissection is higher (4.09, 58%); Penk: 062 STR D2 Gaba in same dissection is higher (10.23, 97%); Htr3a: 047 Sncg Gaba in same dissection is higher (6.09, 76%); Cnr1: 047 Sncg Gaba in same dissection is higher (12.16, 100%); Adarb2: 047 Sncg Gaba in same dissection is higher (13.46, 100%)","vs 049 Lamp5 Gaba: Vip, Calb2, Crh; vs 052 Pvalb Gaba: Adarb2, Vip, Prox1; vs 053 Sst Gaba: Adarb2, Vip, Prox1",NO,,Vip,,"Vip, Calb2, Tac2, Crh, Slc5a7, Penk, Htr3a, Cnr1, Nr2e1, Dlx1, Prox1, Adarb2","Vip (panel_spec=10.06, 93% of cells, UNIQUE_to_subclass); Calb2 (panel_spec=4.24, 65% of cells, UNIQUE_to_subclass); Tac2 (panel_spec=3.68, 48% of cells, UNIQUE_to_subclass); Crh (panel_spec=3.55, 57% of cells, UNIQUE_to_subclass); Slc5a7 (panel_spec=3.15, 41% of cells, UNIQUE_to_subclass); Penk (panel_spec=2.93, 61% of cells, UNIQUE_to_subclass); Htr3a (panel_spec=2.24, 40% of cells, UNIQUE_to_subclass); Cnr1 (panel_spec=2.08, 98% of cells, UNIQUE_to_subclass); Nr2e1 (panel_spec=1.65, 42% of cells, UNIQUE_to_subclass); Dlx1 (panel_spec=1.64, 81% of cells, UNIQUE_to_subclass); Prox1 (panel_spec=1.40, 89% of cells, UNIQUE_to_subclass); Adarb2 (panel_spec=1.13, 100% of cells, UNIQUE_to_subclass)","Cnr1 (panel_spec=2.08, 98%), Npy2r (panel_spec=2.05, 40%), Npy1r (panel_spec=1.05, 68%)",Npy2r,"Npy1r, Hcrtr2, Htr2c","Cnr1, Grm5, Gabbr1, Gabbr2, Grm1, Adcyap1r1, Oprm1",12,1,7
ORBm,Cortical interneurons,049 Lamp5 Gaba,target,2339,"Lamp5, Ndnf, Npy, Pnoc, Tnnt1, Cplx3, Gad2, Gad1, Nos1, Sema5a, Necab1, Maf","Tnnt1, Cplx3, Sema5a","Lamp5: 050 Lamp5 Lhx6 Gaba in same dissection is higher (8.34, 98%); Ndnf: 036 HPF CR Glut in same dissection is higher (10.22, 97%); Npy: 056 Sst Chodl Gaba in same dissection is higher (12.10, 100%); Pnoc: 050 Lamp5 Lhx6 Gaba in same dissection is higher (7.21, 90%); Gad1: 050 Lamp5 Lhx6 Gaba in same dissection is higher (11.06, 100%); Nos1: 056 Sst Chodl Gaba in same dissection is higher (11.71, 98%); Necab1: 063 STR D1 Sema5a Gaba in same dissection is higher (9.96, 97%); Maf: 050 Lamp5 Lhx6 Gaba in same dissection is higher (9.15, 100%)","vs 046 Vip Gaba: Npy, Lamp5, Mpped1; vs 052 Pvalb Gaba: Adarb2, Lamp5, Cplx3; vs 053 Sst Gaba: Adarb2, Nfib, Lamp5",NO,,Lamp5,,"Lamp5, Ndnf, Npy, Pnoc, Tnnt1, Cplx3, Gad2, Gad1, Nos1, Sema5a, Necab1, Maf","Lamp5 (panel_spec=1.53, 91% of cells, UNIQUE_to_subclass); Ndnf (panel_spec=4.32, 54% of cells, UNIQUE_to_subclass); Npy (panel_spec=3.61, 88% of cells, UNIQUE_to_subclass); Pnoc (panel_spec=3.46, 81% of cells, UNIQUE_to_subclass); Tnnt1 (panel_spec=2.85, 44% of cells, UNIQUE_to_subclass); Cplx3 (panel_spec=1.66, 89% of cells, UNIQUE_to_subclass); Gad2 (panel_spec=1.45, 100% of cells, UNIQUE_to_subclass); Gad1 (panel_spec=1.23, 100% of cells, UNIQUE_to_subclass); Nos1 (panel_spec=1.18, 64% of cells, UNIQUE_to_subclass); Sema5a (panel_spec=1.16, 91% of cells, UNIQUE_to_subclass); Necab1 (panel_spec=1.00, 91% of cells, UNIQUE_to_subclass); Maf (panel_spec=0.96, 91% of cells, UNIQUE_to_subclass)","Hcrtr2 (panel_spec=2.67, 67%)",,"Hcrtr2, Sstr2, Npy1r","Grm5, Gabbr2, Gabbr1, Cnr1, Htr2a, Htr1f, Adcyap1r1, Oprm1",12,0,8
AId,Upper-layer IT excitatory,007 L2/3 IT CTX Glut,target,7697,"Otof, Wfs1, Cux2, Gpr88, Matn2, Cux1, Nos1","Otof, Wfs1","Matn2: 002 IT EP-CLA Glut in same dissection is higher (4.82, 74%); Cux1: 001 CLA-EPd-CTX Car3 Glut in same dissection is higher (7.59, 93%); Nos1: 056 Sst Chodl Gaba in same dissection is higher (11.18, 96%)","vs 006 L4/5 IT CTX Glut: Bcl11b, Otof, Pcdh8",NO,,,,"Otof, Wfs1, Cux2, Gpr88, Matn2, Cux1, Nos1","Otof (panel_spec=3.38, 60% of cells, UNIQUE_to_subclass); Wfs1 (panel_spec=3.05, 88% of cells, UNIQUE_to_subclass); Cux2 (panel_spec=1.80, 93% of cells, UNIQUE_to_subclass); Gpr88 (panel_spec=1.77, 74% of cells, UNIQUE_to_subclass); Matn2 (panel_spec=1.71, 66% of cells, UNIQUE_to_subclass); Cux1 (panel_spec=0.90, 90% of cells, UNIQUE_to_subclass); Nos1 (panel_spec=0.51, 67% of cells, UNIQUE_to_subclass)","Gpr88 (panel_spec=1.77, 74%)","Gpr88, Htr1b, Oxtr, Ntsr1, Crhr1","Cckbr, Npy1r, Oprd1, Htr2c","Grm5, Gabbr2, Gabbr1, Grm1, Cnr1, Htr2a, Adcyap1r1, Htr1f, Oprm1, Chrm2",7,5,10
AId,Upper-layer IT excitatory,006 L4/5 IT CTX Glut,target,12177,"Rorb, Coch, Cnih3, Deptor, Slc30a3","Rorb, Slc30a3","Coch: 001 CLA-EPd-CTX Car3 Glut in same dissection is higher (3.03, 49%)","vs 007 L2/3 IT CTX Glut: Cyp26b1, Deptor, Whrn",NO,,,,"Rorb, Coch, Cnih3, Deptor, Slc30a3","Rorb (panel_spec=3.06, 97% of cells, UNIQUE_to_subclass); Coch (panel_spec=1.24, 44% of cells, UNIQUE_to_subclass); Cnih3 (panel_spec=0.92, 96% of cells, UNIQUE_to_subclass); Deptor (panel_spec=0.72, 55% of cells, UNIQUE_to_subclass); Slc30a3 (panel_spec=0.55, 94% of cells, UNIQUE_to_subclass)","Htr2a (panel_spec=1.99, 91%), Crhr1 (panel_spec=1.59, 64%)","Crhr1, Htr1a, Htr1b, Gpr88","Cckbr, Npy1r, Sstr2, Oprd1, Htr2c","Grm5, Gabbr2, Gabbr1, Htr2a, Cnr1, Htr1f, Grm1, Chrm2, Oprm1, Adcyap1r1",5,4,10
AId,Deep-layer output neurons,030 L6 CT CTX Glut,target,13072,"Foxp2, Syt6, Rprm, Sla, Thsd7b, Ppp1r1b, Zfhx3","Foxp2, Syt6, Rprm, Zfhx3","Thsd7b: 036 HPF CR Glut in same dissection is higher (8.78, 90%)","vs 022 L5 ET CTX Glut: Thsd7b, Syt6, Sema5a; vs 029 L6b CTX Glut: Cyp26b1; vs 032 L5 NP CTX Glut: Thsd7b, Syt6, Sulf1",NO,,,,"Foxp2, Syt6, Rprm, Sla, Thsd7b, Ppp1r1b, Zfhx3","Foxp2 (panel_spec=3.69, 99% of cells, UNIQUE_to_subclass); Syt6 (panel_spec=3.23, 86% of cells, UNIQUE_to_subclass); Rprm (panel_spec=2.40, 95% of cells, UNIQUE_to_subclass); Sla (panel_spec=2.18, 70% of cells, UNIQUE_to_subclass); Thsd7b (panel_spec=1.97, 95% of cells, UNIQUE_to_subclass); Ppp1r1b (panel_spec=0.97, 78% of cells, UNIQUE_to_subclass); Zfhx3 (panel_spec=0.90, 37% of cells, UNIQUE_to_subclass)",,Drd1,"Sstr2, Cckbr, Oprd1","Grm5, Gabbr2, Gabbr1, Htr1f, Grm1, Oprm1, Cnr1, Chrm2",7,1,8
AId,Deep-layer output neurons,022 L5 ET CTX Glut,target,1134,"Pou3f1, Vat1l, Fezf2, Bcl11b","Pou3f1, Vat1l, Fezf2, Bcl11b",,"vs 029 L6b CTX Glut: Pou3f1, Lamp5, Vat1l; vs 030 L6 CT CTX Glut: Pou3f1, Vat1l, Reln; vs 032 L5 NP CTX Glut: Pou3f1, Lamp5, Vat1l",NO,,,,"Pou3f1, Vat1l, Fezf2, Bcl11b","Pou3f1 (panel_spec=4.93, 98% of cells, UNIQUE_to_subclass); Vat1l (panel_spec=1.11, 90% of cells, UNIQUE_to_subclass); Fezf2 (panel_spec=0.95, 97% of cells, UNIQUE_to_subclass); Bcl11b (panel_spec=0.73, 100% of cells, UNIQUE_to_subclass)","Mc4r (panel_spec=1.84, 41%), Sstr2 (panel_spec=0.63, 53%)","Mc4r, Htr1b, Htr1a, Crhr1","Sstr2, Cckbr, Npy1r","Grm5, Gabbr1, Gabbr2, Htr1f, Cnr1, Grm1, Oprm1, Htr2a",4,4,8
AId,Deep-layer output neurons,032 L5 NP CTX Glut,target,3409,"Tshz2, Trhr, Etv1, Amigo2, Spon1","Tshz2, Trhr, Etv1, Amigo2, Spon1",,"vs 022 L5 ET CTX Glut: Nxph1, Trhr, Sema5b; vs 029 L6b CTX Glut: Tshz2, Nxph1, Rorb; vs 030 L6 CT CTX Glut: Tshz2, Nxph1, Trhr",NO,,,,"Tshz2, Trhr, Etv1, Amigo2, Spon1","Tshz2 (panel_spec=10.15, 100% of cells, UNIQUE_to_subclass); Trhr (panel_spec=4.86, 77% of cells, UNIQUE_to_subclass); Etv1 (panel_spec=2.83, 100% of cells, UNIQUE_to_subclass); Amigo2 (panel_spec=1.68, 36% of cells, UNIQUE_to_subclass); Spon1 (panel_spec=1.29, 97% of cells, UNIQUE_to_subclass)","Chrm2 (panel_spec=3.36, 89%), Htr2c (panel_spec=2.38, 83%)",Drd1,"Htr2c, Hcrtr2","Grm5, Chrm2, Gabbr1, Oprm1, Gabbr2, Htr1f, Adcyap1r1, Cnr1, Grm1",5,1,9
AId,Deep-layer output neurons,029 L6b CTX Glut,target,439,"Nxph4, Ccn2, Drd1, Nr4a2, Gfra1, Rai14, Satb2, Sulf1, Ntsr1, Sema5b, Oprm1",Rai14,"Nxph4: 027 L6b EPd Glut in same dissection is higher (6.12, 86%); Ccn2: 027 L6b EPd Glut in same dissection is higher (8.14, 97%); Drd1: 027 L6b EPd Glut in same dissection is higher (5.25, 81%); Nr4a2: 001 CLA-EPd-CTX Car3 Glut in same dissection is higher (10.17, 100%); Gfra1: 001 CLA-EPd-CTX Car3 Glut in same dissection is higher (8.24, 98%); Satb2: 027 L6b EPd Glut in same dissection is higher (8.74, 100%); Sulf1: 002 IT EP-CLA Glut in same dissection is higher (8.17, 98%); Ntsr1: 027 L6b EPd Glut in same dissection is higher (3.13, 56%); Sema5b: 027 L6b EPd Glut in same dissection is higher (5.95, 80%); Oprm1: 027 L6b EPd Glut in same dissection is higher (6.89, 95%)","vs 022 L5 ET CTX Glut: Sema5a, Rai14, Cplx3; vs 030 L6 CT CTX Glut: Cplx3, Ccn2, Nxph4; vs 032 L5 NP CTX Glut: Sulf1, Cplx3, Thsd7b",NO,,,,"Nxph4, Ccn2, Drd1, Nr4a2, Gfra1, Rai14, Satb2, Sulf1, Ntsr1, Sema5b, Oprm1","Nxph4 (panel_spec=4.87, 68% of cells, UNIQUE_to_subclass); Ccn2 (panel_spec=4.12, 72% of cells, UNIQUE_to_subclass); Drd1 (panel_spec=2.88, 74% of cells, UNIQUE_to_subclass); Nr4a2 (panel_spec=2.64, 63% of cells, UNIQUE_to_subclass); Gfra1 (panel_spec=2.59, 61% of cells, UNIQUE_to_subclass); Rai14 (panel_spec=1.75, 84% of cells, UNIQUE_to_subclass); Satb2 (panel_spec=1.10, 99% of cells, UNIQUE_to_subclass); Sulf1 (panel_spec=0.96, 83% of cells, UNIQUE_to_subclass); Ntsr1 (panel_spec=0.75, 34% of cells, UNIQUE_to_subclass); Sema5b (panel_spec=0.52, 77% of cells, UNIQUE_to_subclass); Oprm1 (panel_spec=0.50, 76% of cells, UNIQUE_to_subclass)","Drd1 (panel_spec=2.88, 74%), Ntsr1 (panel_spec=0.75, 34%), Oprm1 (panel_spec=0.50, 76%)","Drd1, Ntsr1","Cckbr, Sstr2, Hcrtr2","Grm5, Gabbr1, Gabbr2, Oprm1, Htr1f, Chrm2, Grm1, Htr2a, Adcyap1r1",11,2,9
AId,Cortical interneurons,053 Sst Gaba,target,5983,"Sst, Baiap3, Fibcd1, Lhx6",,"Sst: 056 Sst Chodl Gaba in same dissection is higher (12.41, 100%); Baiap3: 027 L6b EPd Glut in same dissection is higher (2.69, 44%); Fibcd1: 044 OB Dopa-Gaba in same dissection is higher (2.59, 33%); Lhx6: 050 Lamp5 Lhx6 Gaba in same dissection is higher (7.57, 94%)","vs 046 Vip Gaba: Sox6, Calb1, Mpped1; vs 049 Lamp5 Gaba: Sox6, Calb1, Lhx6; vs 052 Pvalb Gaba: Spon1, Pde1c, Thsd7b",NO,,Sst,,"Sst, Baiap3, Fibcd1, Lhx6","Sst (panel_spec=9.12, 99% of cells, UNIQUE_to_subclass); Baiap3 (panel_spec=1.48, 37% of cells, UNIQUE_to_subclass); Fibcd1 (panel_spec=1.17, 34% of cells, UNIQUE_to_subclass); Lhx6 (panel_spec=0.66, 86% of cells, UNIQUE_to_subclass)","Adcyap1r1 (panel_spec=0.74, 84%), Grm1 (panel_spec=0.71, 94%), Oxtr (panel_spec=0.64, 32%)","Oxtr, Htr1a",Oprd1,"Grm5, Grm1, Gabbr1, Gabbr2, Cnr1, Adcyap1r1, Oprm1, Htr1f, Chrm2, Htr2a",4,2,10
AId,Cortical interneurons,052 Pvalb Gaba,target,3617,"Pvalb, Tac1, Cartpt, Zfp804b","Pvalb, Tac1, Cartpt","Zfp804b: 051 Pvalb chandelier Gaba in same dissection is higher (11.49, 100%)","vs 046 Vip Gaba: Sox6, Pvalb, Mpped1; vs 049 Lamp5 Gaba: Sox6, Pvalb, Tac1; vs 053 Sst Gaba: Pvalb, Tac1, Sema5a",NO,,Pvalb,,"Pvalb, Tac1, Cartpt, Zfp804b","Pvalb (panel_spec=6.85, 86% of cells, UNIQUE_to_subclass); Tac1 (panel_spec=5.99, 75% of cells, UNIQUE_to_subclass); Cartpt (panel_spec=2.72, 61% of cells, UNIQUE_to_subclass); Zfp804b (panel_spec=2.04, 86% of cells, UNIQUE_to_subclass)","Oprd1 (panel_spec=1.36, 61%)",,"Oprd1, Cckbr, Htr2c","Grm5, Gabbr2, Gabbr1, Adcyap1r1, Cnr1, Htr2a, Htr1f, Chrm2, Grm1, Oprm1",4,0,10
AId,Cortical interneurons,046 Vip Gaba,target,3706,"Vip, Crh, Tac2, Penk, Calb2, Slc5a7, Htr3a, Cnr1, Prox1, Nr2e1, Dlx1, Adarb2","Vip, Crh, Tac2, Calb2, Prox1, Nr2e1, Dlx1","Htr3a: 047 Sncg Gaba in same dissection is higher (5.81, 74%); Cnr1: 047 Sncg Gaba in same dissection is higher (12.07, 100%); Adarb2: 047 Sncg Gaba in same dissection is higher (13.30, 100%)","vs 049 Lamp5 Gaba: Vip, Crh, Penk; vs 052 Pvalb Gaba: Adarb2, Vip, Prox1; vs 053 Sst Gaba: Adarb2, Vip, Nfib",NO,,Vip,,"Vip, Crh, Tac2, Penk, Calb2, Slc5a7, Htr3a, Cnr1, Prox1, Nr2e1, Dlx1, Adarb2","Vip (panel_spec=10.00, 92% of cells, UNIQUE_to_subclass); Crh (panel_spec=4.60, 61% of cells, UNIQUE_to_subclass); Tac2 (panel_spec=4.46, 53% of cells, UNIQUE_to_subclass); Penk (panel_spec=4.06, 64% of cells, UNIQUE_to_subclass); Calb2 (panel_spec=3.62, 61% of cells, UNIQUE_to_subclass); Slc5a7 (panel_spec=3.31, 43% of cells, UNIQUE_to_subclass); Htr3a (panel_spec=2.41, 41% of cells, UNIQUE_to_subclass); Cnr1 (panel_spec=1.90, 98% of cells, UNIQUE_to_subclass); Prox1 (panel_spec=1.75, 86% of cells, UNIQUE_to_subclass); Nr2e1 (panel_spec=1.71, 41% of cells, UNIQUE_to_subclass); Dlx1 (panel_spec=1.60, 79% of cells, UNIQUE_to_subclass); Adarb2 (panel_spec=0.96, 100% of cells, UNIQUE_to_subclass)","Npy2r (panel_spec=2.28, 36%), Cnr1 (panel_spec=1.90, 98%), Npy1r (panel_spec=1.06, 65%)",Npy2r,"Npy1r, Htr2c, Hcrtr2","Cnr1, Grm5, Gabbr1, Gabbr2, Grm1, Adcyap1r1, Oprm1",12,1,7
AId,Cortical interneurons,049 Lamp5 Gaba,target,3704,"Lamp5, Ndnf, Pnoc, Npy, Tnnt1, Gad2, Necab1, Gad1, Maf, Sox1, Cplx3, Sema5a",Sema5a,"Lamp5: 050 Lamp5 Lhx6 Gaba in same dissection is higher (8.10, 96%); Ndnf: 036 HPF CR Glut in same dissection is higher (9.93, 96%); Pnoc: 050 Lamp5 Lhx6 Gaba in same dissection is higher (7.60, 93%); Npy: 056 Sst Chodl Gaba in same dissection is higher (12.44, 100%); Necab1: 047 Sncg Gaba in same dissection is higher (9.53, 99%); Gad1: 050 Lamp5 Lhx6 Gaba in same dissection is higher (11.18, 100%); Maf: 050 Lamp5 Lhx6 Gaba in same dissection is higher (8.93, 98%); Sox1: 056 Sst Chodl Gaba in same dissection is higher (4.42, 66%); Cplx3: 027 L6b EPd Glut in same dissection is higher (7.92, 95%)","vs 046 Vip Gaba: Lamp5, Mpped1, Cplx3; vs 052 Pvalb Gaba: Adarb2, Lamp5, Cplx3; vs 053 Sst Gaba: Adarb2, Nfib, Lamp5",NO,,Lamp5,,"Lamp5, Ndnf, Pnoc, Npy, Tnnt1, Gad2, Necab1, Gad1, Maf, Sox1, Cplx3, Sema5a","Lamp5 (panel_spec=0.98, 87% of cells, UNIQUE_to_subclass); Ndnf (panel_spec=3.45, 60% of cells, UNIQUE_to_subclass); Pnoc (panel_spec=3.32, 84% of cells, UNIQUE_to_subclass); Npy (panel_spec=2.96, 86% of cells, UNIQUE_to_subclass); Tnnt1 (panel_spec=2.50, 39% of cells, UNIQUE_to_subclass); Gad2 (panel_spec=1.45, 100% of cells, UNIQUE_to_subclass); Necab1 (panel_spec=1.44, 95% of cells, UNIQUE_to_subclass); Gad1 (panel_spec=1.26, 100% of cells, UNIQUE_to_subclass); Maf (panel_spec=0.98, 94% of cells, UNIQUE_to_subclass); Sox1 (panel_spec=0.78, 44% of cells, UNIQUE_to_subclass); Cplx3 (panel_spec=0.76, 86% of cells, UNIQUE_to_subclass); Sema5a (panel_spec=0.70, 88% of cells, UNIQUE_to_subclass)","Hcrtr2 (panel_spec=2.12, 63%)",,"Hcrtr2, Sstr2","Grm5, Gabbr2, Gabbr1, Cnr1, Htr2a, Adcyap1r1, Htr1f, Oprm1",12,0,8
CA,CA1 pyramidal,016 CA1-ProS Glut,target,24868,"Mpped1, Pou3f1, Fibcd1, Satb2, Wfs1, Foxp1, Meis2, Penk, Grem1, Nr4a2, Necab1, Spon1","Satb2, Wfs1, Meis2, Grem1","Mpped1: 049 Lamp5 Gaba in same dissection is higher (9.37, 98%); Pou3f1: 023 SUB-ProS Glut in same dissection is higher (7.99, 97%); Penk: 046 Vip Gaba in same dissection is higher (5.24, 70%); Nr4a2: 023 SUB-ProS Glut in same dissection is higher (6.90, 90%); Necab1: 047 Sncg Gaba in same dissection is higher (9.45, 99%); Spon1: 033 NP SUB Glut in same dissection is higher (8.23, 96%)",,NO,,,,"Mpped1, Pou3f1, Fibcd1, Satb2, Wfs1, Foxp1, Meis2, Penk, Grem1, Nr4a2, Necab1, Spon1","Mpped1 (panel_spec=7.20, 99% of cells, UNIQUE_to_subclass); Pou3f1 (panel_spec=7.06, 94% of cells, UNIQUE_to_subclass); Fibcd1 (panel_spec=6.20, 94% of cells, UNIQUE_to_subclass); Satb2 (panel_spec=5.32, 80% of cells, UNIQUE_to_subclass); Wfs1 (panel_spec=3.72, 76% of cells, UNIQUE_to_subclass); Foxp1 (panel_spec=1.60, 100% of cells, UNIQUE_to_subclass); Meis2 (panel_spec=1.44, 87% of cells, UNIQUE_to_subclass); Penk (panel_spec=1.21, 28% of cells, UNIQUE_to_subclass); Grem1 (panel_spec=1.20, 34% of cells, UNIQUE_to_subclass); Nr4a2 (panel_spec=1.04, 62% of cells, UNIQUE_to_subclass); Necab1 (panel_spec=1.01, 32% of cells, UNIQUE_to_subclass); Spon1 (panel_spec=0.93, 89% of cells, UNIQUE_to_subclass)","Htr1b (panel_spec=2.06, 38%), Htr1a (panel_spec=1.93, 55%), Htr1f (panel_spec=1.02, 65%)",Htr1b,"Htr1a, Mc4r, Crhr1","Grm5, Gabbr1, Gabbr2, Grm1, Cnr1, Htr1f, Npy1r, Npy2r, Htr2a, Htr2c, Adcyap1r1",12,1,11
CA,CA2 pyramidal,025 CA2-FC-IG Glut,target,327,"Amigo2, Map3k15, Rgs14, Cacng5, Rorb, Tbr1, Tac1, Spink8","Amigo2, Map3k15, Rgs14, Tbr1, Spink8","Rorb: 045 OB-STR-CTX Inh IMN in same dissection is higher (4.55, 59%); Tac1: 052 Pvalb Gaba in same dissection is higher (7.41, 87%)",,NO,,,,"Amigo2, Map3k15, Rgs14, Cacng5, Rorb, Tbr1, Tac1, Spink8","Amigo2 (panel_spec=4.07, 90% of cells, UNIQUE_to_subclass); Map3k15 (panel_spec=3.74, 65% of cells, UNIQUE_to_subclass); Rgs14 (panel_spec=3.46, 88% of cells, UNIQUE_to_subclass); Cacng5 (panel_spec=3.14, 57% of cells, UNIQUE_to_subclass); Rorb (panel_spec=3.14, 57% of cells, UNIQUE_to_subclass); Tbr1 (panel_spec=3.01, 91% of cells, UNIQUE_to_subclass); Tac1 (panel_spec=2.13, 28% of cells, UNIQUE_to_subclass); Spink8 (panel_spec=0.73, 77% of cells, UNIQUE_to_subclass)","Ntsr2 (panel_spec=3.41, 82%), Npy1r (panel_spec=1.41, 69%), Hcrtr2 (panel_spec=1.05, 37%), Htr2a (panel_spec=1.03, 51%), Drd1 (panel_spec=0.89, 21%)","Hcrtr2, Drd1, Oxtr","Ntsr2, Mc4r, Sstr2","Grm5, Gabbr2, Gabbr1, Grm1, Cnr1, Npy1r, Npy2r, Htr1f, Htr2a, Htr2c, Adcyap1r1",8,3,11
CA,CA3 pyramidal,017 CA3 Glut,target,4799,"Nnat, Slco2a1, Prkcd, Tle4, Osr1, Thsd7b, Deptor, Pcdh8, Cux1, Sema5b, Cnr1","Slco2a1, Prkcd, Osr1","Nnat: 015 ENTmv-PA-COAp Glut in same dissection is higher (10.84, 100%); Tle4: 033 NP SUB Glut in same dissection is higher (8.33, 98%); Thsd7b: 036 HPF CR Glut in same dissection is higher (10.53, 98%); Deptor: 033 NP SUB Glut in same dissection is higher (4.37, 68%); Pcdh8: 051 Pvalb chandelier Gaba in same dissection is higher (6.10, 89%); Cux1: 045 OB-STR-CTX Inh IMN in same dissection is higher (6.99, 86%); Sema5b: 033 NP SUB Glut in same dissection is higher (6.91, 90%); Cnr1: 047 Sncg Gaba in same dissection is higher (12.43, 100%)",,NO,,,,"Nnat, Slco2a1, Prkcd, Tle4, Osr1, Thsd7b, Deptor, Pcdh8, Cux1, Sema5b, Cnr1","Nnat (panel_spec=3.61, 95% of cells, UNIQUE_to_subclass); Slco2a1 (panel_spec=2.15, 47% of cells, UNIQUE_to_subclass); Prkcd (panel_spec=1.71, 29% of cells, UNIQUE_to_subclass); Tle4 (panel_spec=1.60, 89% of cells, UNIQUE_to_subclass); Osr1 (panel_spec=1.40, 30% of cells, UNIQUE_to_subclass); Thsd7b (panel_spec=1.23, 94% of cells, UNIQUE_to_subclass); Deptor (panel_spec=1.11, 34% of cells, UNIQUE_to_subclass); Pcdh8 (panel_spec=0.95, 55% of cells, UNIQUE_to_subclass); Cux1 (panel_spec=0.85, 48% of cells, UNIQUE_to_subclass); Sema5b (panel_spec=0.84, 29% of cells, UNIQUE_to_subclass); Cnr1 (panel_spec=0.78, 94% of cells, UNIQUE_to_subclass)","Npy2r (panel_spec=2.24, 85%), Htr2c (panel_spec=1.38, 42%), Cnr1 (panel_spec=0.78, 94%), Gabbr2 (panel_spec=0.77, 100%)",Cckbr,"Sstr2, Crhr1, Htr1a, Ntsr2","Grm5, Gabbr2, Gabbr1, Grm1, Cnr1, Npy2r, Htr1f, Htr2c, Npy1r, Htr2a, Adcyap1r1",11,1,11
CA,DG granule cell,037 DG Glut,target,80255,"Adarb2, Prox1, Dock10, C1ql2, Sema5a, Dsp, Chst9, Gad1, Calb1, Npnt, Lct, Gfra1","Dock10, C1ql2, Dsp, Chst9, Calb1, Npnt, Lct","Adarb2: 047 Sncg Gaba in same dissection is higher (13.48, 100%); Prox1: 038 DG-PIR Ex IMN in same dissection is higher (9.75, 98%); Sema5a: 038 DG-PIR Ex IMN in same dissection is higher (8.95, 86%); Gad1: 050 Lamp5 Lhx6 Gaba in same dissection is higher (11.02, 100%); Gfra1: 023 SUB-ProS Glut in same dissection is higher (5.62, 81%)",,NO,,,,"Adarb2, Prox1, Dock10, C1ql2, Sema5a, Dsp, Chst9, Gad1, Calb1, Npnt, Lct, Gfra1","Adarb2 (panel_spec=7.73, 96% of cells, UNIQUE_to_subclass); Prox1 (panel_spec=7.23, 90% of cells, UNIQUE_to_subclass); Dock10 (panel_spec=7.03, 95% of cells, UNIQUE_to_subclass); C1ql2 (panel_spec=4.23, 65% of cells, UNIQUE_to_subclass); Sema5a (panel_spec=3.80, 93% of cells, UNIQUE_to_subclass); Dsp (panel_spec=3.18, 46% of cells, UNIQUE_to_subclass); Chst9 (panel_spec=2.88, 68% of cells, UNIQUE_to_subclass); Gad1 (panel_spec=2.58, 47% of cells, UNIQUE_to_subclass); Calb1 (panel_spec=1.96, 74% of cells, UNIQUE_to_subclass); Npnt (panel_spec=1.59, 44% of cells, UNIQUE_to_subclass); Lct (panel_spec=1.17, 37% of cells, UNIQUE_to_subclass); Gfra1 (panel_spec=1.06, 40% of cells, UNIQUE_to_subclass)","Adcyap1r1 (panel_spec=1.77, 47%), Grm1 (panel_spec=1.04, 93%)",,,"Grm5, Grm1, Gabbr2, Gabbr1, Adcyap1r1, Npy1r, Npy2r",12,0,7
