region_user,subclass,gene,n_cells,mean_log2_expr,pct_expr,is_nonneuronal,is_anchor_subclass,specificity_log2_vs_neuronal,specificity_log2_vs_neuronal_competitor_mean,specificity_log2_vs_panel,specificity_log2_vs_panel_competitor_mean,in_subclass_name,cell_type_label,role,n_anchors_passing,uniqueness,rank_key,rank_within_subclass,roi_clean,contaminating_subclass_in_roi
AId,006 L4/5 IT CTX Glut,Rorb,12177,8.6338,96.63,False,True,2.3382,6.2956,3.0602,5.5736,False,Upper-layer IT excitatory,target,1,UNIQUE_to_subclass,23.060200000000002,1,True,
AId,006 L4/5 IT CTX Glut,Coch,12177,2.564,44.17,False,True,-0.4663,3.0303,1.2409,1.3231,False,Upper-layer IT excitatory,target,1,UNIQUE_to_subclass,21.2409,2,False,"001 CLA-EPd-CTX Car3 Glut in same dissection is higher (3.03, 49%)"
AId,006 L4/5 IT CTX Glut,Cnih3,12177,7.7023,95.89,False,True,0.032,7.6703,0.9218,6.7805,False,Upper-layer IT excitatory,target,1,UNIQUE_to_subclass,20.9218,3,False,
AId,006 L4/5 IT CTX Glut,Deptor,12177,3.4882,55.41,False,True,0.2621,3.2261,0.7236,2.7646,False,Upper-layer IT excitatory,target,1,UNIQUE_to_subclass,20.7236,4,False,
AId,006 L4/5 IT CTX Glut,Slc30a3,12177,7.0429,94.32,False,True,0.5507,6.4922,0.5507,6.4922,False,Upper-layer IT excitatory,target,1,UNIQUE_to_subclass,20.5507,5,True,
AId,007 L2/3 IT CTX Glut,Otof,7697,3.6751,60.02,False,True,2.5587,1.1164,3.3791,0.296,False,Upper-layer IT excitatory,target,1,UNIQUE_to_subclass,23.3791,1,True,
AId,007 L2/3 IT CTX Glut,Wfs1,7697,6.5698,88.37,False,True,2.5876,3.9822,3.0506,3.5192,False,Upper-layer IT excitatory,target,1,UNIQUE_to_subclass,23.0506,2,True,
AId,007 L2/3 IT CTX Glut,Cux2,7697,7.0506,93.23,False,True,0.1174,6.9332,1.805,5.2456,False,Upper-layer IT excitatory,target,1,UNIQUE_to_subclass,21.805,3,False,
AId,007 L2/3 IT CTX Glut,Gpr88,7697,4.7695,73.86,False,True,0.326,4.4435,1.7707,2.9988,False,Upper-layer IT excitatory,target,1,UNIQUE_to_subclass,21.7707,4,False,
AId,007 L2/3 IT CTX Glut,Matn2,7697,4.2245,65.61,False,True,-0.5978,4.8223,1.7128,2.5117,False,Upper-layer IT excitatory,target,1,UNIQUE_to_subclass,21.7128,5,False,"002 IT EP-CLA Glut in same dissection is higher (4.82, 74%)"
AId,007 L2/3 IT CTX Glut,Cux1,7697,6.4638,90.09,False,True,-1.1218,7.5856,0.8962,5.5676,False,Upper-layer IT excitatory,target,1,UNIQUE_to_subclass,20.8962,6,False,"001 CLA-EPd-CTX Car3 Glut in same dissection is higher (7.59, 93%)"
AId,007 L2/3 IT CTX Glut,Nos1,7697,4.5797,67.03,False,True,-6.5961,11.1758,0.5102,4.0695,False,Upper-layer IT excitatory,target,1,UNIQUE_to_subclass,20.5102,7,False,"056 Sst Chodl Gaba in same dissection is higher (11.18, 96%)"
AId,022 L5 ET CTX Glut,Pou3f1,1134,7.6007,97.71,False,True,4.9344,2.6663,4.9344,2.6663,False,Deep-layer output neurons,target,1,UNIQUE_to_subclass,24.9344,1,True,
AId,022 L5 ET CTX Glut,Lratd2,1134,3.2437,58.99,False,True,2.8281,0.4156,2.9254,0.3183,False,Deep-layer output neurons,target,1,UNIQUE_to_subclass,22.9254,2,True,
AId,022 L5 ET CTX Glut,Vat1l,1134,6.1487,90.12,False,True,1.1102,5.0385,1.1102,5.0385,False,Deep-layer output neurons,target,1,UNIQUE_to_subclass,21.1102,3,True,
AId,022 L5 ET CTX Glut,Fezf2,1134,7.4585,97.18,False,True,0.9476,6.5109,0.9476,6.5109,False,Deep-layer output neurons,target,1,UNIQUE_to_subclass,20.9476,4,True,
AId,022 L5 ET CTX Glut,Bcl11b,1134,8.9183,99.65,False,True,0.6689,8.2494,0.7326,8.1857,False,Deep-layer output neurons,target,1,UNIQUE_to_subclass,20.7326,5,True,
AId,029 L6b CTX Glut,Nxph4,439,5.1204,68.34,False,True,-1.004,6.1244,4.8736,0.2468,False,Deep-layer output neurons,target,1,UNIQUE_to_subclass,24.8736,1,False,"027 L6b EPd Glut in same dissection is higher (6.12, 86%)"
AId,029 L6b CTX Glut,Ccn2,439,5.9779,72.44,False,True,-2.1668,8.1447,4.1154,1.8625,False,Deep-layer output neurons,target,1,UNIQUE_to_subclass,24.1154,2,False,"027 L6b EPd Glut in same dissection is higher (8.14, 97%)"
AId,029 L6b CTX Glut,Drd1,439,4.6956,73.8,False,True,-0.5589,5.2545,2.8823,1.8133,False,Deep-layer output neurons,target,1,UNIQUE_to_subclass,22.8823,3,False,"027 L6b EPd Glut in same dissection is higher (5.25, 81%)"
AId,029 L6b CTX Glut,Nr4a2,439,4.5934,63.33,False,True,-5.5777,10.1711,2.6365,1.9569,False,Deep-layer output neurons,target,1,UNIQUE_to_subclass,22.636499999999998,4,False,"001 CLA-EPd-CTX Car3 Glut in same dissection is higher (10.17, 100%)"
AId,029 L6b CTX Glut,Gfra1,439,3.9628,60.82,False,True,-4.2724,8.2352,2.5888,1.374,False,Deep-layer output neurons,target,1,UNIQUE_to_subclass,22.5888,5,False,"001 CLA-EPd-CTX Car3 Glut in same dissection is higher (8.24, 98%)"
AId,029 L6b CTX Glut,Rai14,439,6.0775,83.6,False,True,1.0705,5.007,1.7488,4.3287,False,Deep-layer output neurons,target,1,UNIQUE_to_subclass,21.7488,6,True,
AId,029 L6b CTX Glut,Satb2,439,8.331,99.09,False,True,-0.4056,8.7366,1.1009,7.2301,False,Deep-layer output neurons,target,1,UNIQUE_to_subclass,21.1009,7,False,"027 L6b EPd Glut in same dissection is higher (8.74, 100%)"
AId,029 L6b CTX Glut,Sulf1,439,6.0535,82.92,False,True,-2.1208,8.1743,0.9558,5.0977,False,Deep-layer output neurons,target,1,UNIQUE_to_subclass,20.9558,8,False,"002 IT EP-CLA Glut in same dissection is higher (8.17, 98%)"
AId,029 L6b CTX Glut,Ntsr1,439,1.8733,33.94,False,True,-1.2551,3.1284,0.7503,1.123,False,Deep-layer output neurons,target,1,UNIQUE_to_subclass,20.7503,9,False,"027 L6b EPd Glut in same dissection is higher (3.13, 56%)"
AId,029 L6b CTX Glut,Sema5b,439,5.4825,76.54,False,True,-0.4679,5.9504,0.5248,4.9577,False,Deep-layer output neurons,target,1,UNIQUE_to_subclass,20.5248,10,False,"027 L6b EPd Glut in same dissection is higher (5.95, 80%)"
AId,029 L6b CTX Glut,Oprm1,439,5.1143,76.08,False,True,-1.7781,6.8924,0.5014,4.6129,False,Deep-layer output neurons,target,1,UNIQUE_to_subclass,20.5014,11,False,"027 L6b EPd Glut in same dissection is higher (6.89, 95%)"
AId,030 L6 CT CTX Glut,Foxp2,13072,8.6245,98.68,False,True,3.689,4.9355,3.689,4.9355,False,Deep-layer output neurons,target,1,UNIQUE_to_subclass,23.689,1,True,
AId,030 L6 CT CTX Glut,Syt6,13072,6.2008,86.3,False,True,1.2856,4.9152,3.225,2.9758,False,Deep-layer output neurons,target,1,UNIQUE_to_subclass,23.225,2,True,
AId,030 L6 CT CTX Glut,Rprm,13072,7.8242,94.79,False,True,2.3973,5.4269,2.3973,5.4269,False,Deep-layer output neurons,target,1,UNIQUE_to_subclass,22.3973,3,True,
AId,030 L6 CT CTX Glut,Sla,13072,4.6333,69.79,False,True,0.2695,4.3638,2.1761,2.4572,False,Deep-layer output neurons,target,1,UNIQUE_to_subclass,22.176099999999998,4,False,
AId,030 L6 CT CTX Glut,Thsd7b,13072,7.8623,94.98,False,True,-0.9217,8.784,1.9702,5.8921,False,Deep-layer output neurons,target,1,UNIQUE_to_subclass,21.9702,5,False,"036 HPF CR Glut in same dissection is higher (8.78, 90%)"
AId,030 L6 CT CTX Glut,Ppp1r1b,13072,5.3803,77.8,False,True,0.0586,5.3217,0.9719,4.4084,False,Deep-layer output neurons,target,1,UNIQUE_to_subclass,20.9719,6,False,
AId,030 L6 CT CTX Glut,Zfhx3,13072,2.2862,37.32,False,True,0.895,1.3912,0.895,1.3912,False,Deep-layer output neurons,target,1,UNIQUE_to_subclass,20.895,7,True,
AId,032 L5 NP CTX Glut,Tshz2,3409,11.8681,99.91,False,True,6.379,5.4891,10.1514,1.7167,False,Deep-layer output neurons,target,1,UNIQUE_to_subclass,30.151400000000002,1,True,
AId,032 L5 NP CTX Glut,Trhr,3409,5.8401,76.56,False,True,4.8583,0.9818,4.8583,0.9818,False,Deep-layer output neurons,target,1,UNIQUE_to_subclass,24.8583,2,True,
AId,032 L5 NP CTX Glut,Etv1,3409,9.6277,99.53,False,True,2.8319,6.7958,2.8319,6.7958,False,Deep-layer output neurons,target,1,UNIQUE_to_subclass,22.8319,3,True,
AId,032 L5 NP CTX Glut,Amigo2,3409,2.3887,36.34,False,True,1.6754,0.7133,1.6754,0.7133,False,Deep-layer output neurons,target,1,UNIQUE_to_subclass,21.6754,4,True,
AId,032 L5 NP CTX Glut,Spon1,3409,8.5557,97.24,False,True,1.1663,7.3894,1.2899,7.2658,False,Deep-layer output neurons,target,1,UNIQUE_to_subclass,21.2899,5,True,
AId,046 Vip Gaba,Vip,3706,10.7138,91.72,False,True,6.3799,4.3339,10.0012,0.7126,True,Cortical interneurons,target,1,UNIQUE_to_subclass,130.00119999999998,1,True,
AId,046 Vip Gaba,Crh,3706,5.5375,61.01,False,True,3.6201,1.9174,4.5953,0.9422,False,Cortical interneurons,target,1,UNIQUE_to_subclass,24.5953,2,True,
AId,046 Vip Gaba,Tac2,3706,4.8423,52.75,False,True,1.0453,3.797,4.4555,0.3868,False,Cortical interneurons,target,1,UNIQUE_to_subclass,24.4555,3,True,
AId,046 Vip Gaba,Penk,3706,5.2777,63.95,False,True,0.1215,5.1562,4.0624,1.2153,False,Cortical interneurons,target,1,UNIQUE_to_subclass,24.0624,4,False,
AId,046 Vip Gaba,Calb2,3706,5.0249,60.79,False,True,2.2564,2.7685,3.6162,1.4087,False,Cortical interneurons,target,1,UNIQUE_to_subclass,23.6162,5,True,
AId,046 Vip Gaba,Slc5a7,3706,3.336,43.15,False,True,0.0222,3.3138,3.3142,0.0218,False,Cortical interneurons,target,1,UNIQUE_to_subclass,23.3142,6,False,
AId,046 Vip Gaba,Htr3a,3706,3.094,41.07,False,True,-2.7189,5.8129,2.4133,0.6807,False,Cortical interneurons,target,1,UNIQUE_to_subclass,22.4133,7,False,"047 Sncg Gaba in same dissection is higher (5.81, 74%)"
AId,046 Vip Gaba,Cnr1,3706,9.6815,98.27,False,True,-2.3887,12.0702,1.9019,7.7796,False,Cortical interneurons,target,1,UNIQUE_to_subclass,21.9019,8,False,"047 Sncg Gaba in same dissection is higher (12.07, 100%)"
AId,046 Vip Gaba,Prox1,3706,7.3349,85.7,False,True,1.5211,5.8138,1.7516,5.5833,False,Cortical interneurons,target,1,UNIQUE_to_subclass,21.7516,9,True,
AId,046 Vip Gaba,Nr2e1,3706,2.8332,40.93,False,True,0.8659,1.9673,1.7132,1.12,False,Cortical interneurons,target,1,UNIQUE_to_subclass,21.7132,10,True,
AId,046 Vip Gaba,Dlx1,3706,6.1988,79.01,False,True,0.9108,5.288,1.6028,4.596,False,Cortical interneurons,target,1,UNIQUE_to_subclass,21.6028,11,True,
AId,046 Vip Gaba,Adarb2,3706,12.4584,99.95,False,True,-0.8422,13.3006,0.9574,11.501,False,Cortical interneurons,target,1,UNIQUE_to_subclass,20.9574,12,False,"047 Sncg Gaba in same dissection is higher (13.30, 100%)"
AId,049 Lamp5 Gaba,Lamp5,3704,7.5427,87.37,False,True,-0.561,8.1037,0.9826,6.5601,True,Cortical interneurons,target,1,UNIQUE_to_subclass,120.9826,1,False,"050 Lamp5 Lhx6 Gaba in same dissection is higher (8.10, 96%)"
AId,049 Lamp5 Gaba,Ndnf,3704,5.2164,59.72,False,True,-4.7143,9.9307,3.4522,1.7642,False,Cortical interneurons,target,1,UNIQUE_to_subclass,23.4522,2,False,"036 HPF CR Glut in same dissection is higher (9.93, 96%)"
AId,049 Lamp5 Gaba,Pnoc,3704,6.6498,84.45,False,True,-0.9509,7.6007,3.3231,3.3267,False,Cortical interneurons,target,1,UNIQUE_to_subclass,23.3231,3,False,"050 Lamp5 Lhx6 Gaba in same dissection is higher (7.60, 93%)"
AId,049 Lamp5 Gaba,Npy,3704,9.5097,86.2,False,True,-2.9279,12.4376,2.9562,6.5535,False,Cortical interneurons,target,1,UNIQUE_to_subclass,22.9562,4,False,"056 Sst Chodl Gaba in same dissection is higher (12.44, 100%)"
AId,049 Lamp5 Gaba,Tnnt1,3704,2.7294,39.09,False,True,0.0954,2.634,2.4978,0.2316,False,Cortical interneurons,target,1,UNIQUE_to_subclass,22.497799999999998,5,False,
AId,049 Lamp5 Gaba,Gad2,3704,11.2751,100.0,False,True,0.0089,11.2662,1.4518,9.8233,False,Cortical interneurons,target,1,UNIQUE_to_subclass,21.4518,6,False,
AId,049 Lamp5 Gaba,Necab1,3704,8.3119,95.22,False,True,-1.2211,9.533,1.44,6.8719,False,Cortical interneurons,target,1,UNIQUE_to_subclass,21.44,7,False,"047 Sncg Gaba in same dissection is higher (9.53, 99%)"
AId,049 Lamp5 Gaba,Gad1,3704,10.9018,100.0,False,True,-0.2829,11.1847,1.2631,9.6387,False,Cortical interneurons,target,1,UNIQUE_to_subclass,21.2631,8,False,"050 Lamp5 Lhx6 Gaba in same dissection is higher (11.18, 100%)"
AId,049 Lamp5 Gaba,Maf,3704,8.0157,93.6,False,True,-0.9179,8.9336,0.9751,7.0406,False,Cortical interneurons,target,1,UNIQUE_to_subclass,20.9751,9,False,"050 Lamp5 Lhx6 Gaba in same dissection is higher (8.93, 98%)"
AId,049 Lamp5 Gaba,Sox1,3704,2.8097,43.66,False,True,-1.613,4.4227,0.779,2.0307,False,Cortical interneurons,target,1,UNIQUE_to_subclass,20.779,10,False,"056 Sst Chodl Gaba in same dissection is higher (4.42, 66%)"
AId,049 Lamp5 Gaba,Cplx3,3704,6.7344,85.96,False,True,-1.1877,7.9221,0.761,5.9734,False,Cortical interneurons,target,1,UNIQUE_to_subclass,20.761,11,False,"027 L6b EPd Glut in same dissection is higher (7.92, 95%)"
AId,049 Lamp5 Gaba,Sema5a,3704,7.9304,87.63,False,True,0.5118,7.4186,0.6977,7.2327,False,Cortical interneurons,target,1,UNIQUE_to_subclass,20.6977,12,True,
AId,052 Pvalb Gaba,Pvalb,3617,7.878,85.98,False,True,1.7529,6.1251,6.8475,1.0305,True,Cortical interneurons,target,1,UNIQUE_to_subclass,126.8475,1,True,
AId,052 Pvalb Gaba,Tac1,3617,6.3251,75.17,False,True,5.9855,0.3396,5.9935,0.3316,False,Cortical interneurons,target,1,UNIQUE_to_subclass,25.9935,2,True,
AId,052 Pvalb Gaba,Cartpt,3617,4.4719,60.69,False,True,0.8811,3.5908,2.7173,1.7546,False,Cortical interneurons,target,1,UNIQUE_to_subclass,22.7173,3,True,
AId,052 Pvalb Gaba,Zfp804b,3617,7.4998,86.2,False,True,-3.989,11.4888,2.0429,5.4569,False,Cortical interneurons,target,1,UNIQUE_to_subclass,22.0429,4,False,"051 Pvalb chandelier Gaba in same dissection is higher (11.49, 100%)"
AId,053 Sst Gaba,Sst,5983,11.2056,98.63,False,True,-1.2069,12.4125,9.1236,2.082,True,Cortical interneurons,target,1,UNIQUE_to_subclass,129.1236,1,False,"056 Sst Chodl Gaba in same dissection is higher (12.41, 100%)"
AId,053 Sst Gaba,Baiap3,5983,2.5348,37.41,False,True,-0.1517,2.6865,1.4752,1.0596,False,Cortical interneurons,target,1,UNIQUE_to_subclass,21.4752,2,False,"027 L6b EPd Glut in same dissection is higher (2.69, 44%)"
AId,053 Sst Gaba,Fibcd1,5983,2.2481,34.33,False,True,-0.3454,2.5935,1.1713,1.0768,False,Cortical interneurons,target,1,UNIQUE_to_subclass,21.1713,3,False,"044 OB Dopa-Gaba in same dissection is higher (2.59, 33%)"
AId,053 Sst Gaba,Lhx6,5983,6.3689,86.01,False,True,-1.2015,7.5704,0.6586,5.7103,False,Cortical interneurons,target,1,UNIQUE_to_subclass,20.6586,4,False,"050 Lamp5 Lhx6 Gaba in same dissection is higher (7.57, 94%)"
BMAp,012 MEA Slc17a7 Glut,Slc17a7,3984,8.2058,93.52,False,True,-1.213,9.4188,6.5455,1.6603,True,Posterior BMA glutamatergic / pallial amygdala VGLUT1,target,1,UNIQUE_to_subclass,126.5455,1,False,"009 L2/3 IT PIR-ENTl Glut in same dissection is higher (9.42, 100%)"
BMAp,012 MEA Slc17a7 Glut,Nfib,3984,9.1572,92.92,False,True,-1.3119,10.4691,5.4204,3.7368,False,Posterior BMA glutamatergic / pallial amygdala VGLUT1,target,1,UNIQUE_to_subclass,25.4204,2,False,"037 DG Glut in same dissection is higher (10.47, 100%)"
BMAp,012 MEA Slc17a7 Glut,Slc30a3,3984,5.3072,77.36,False,True,-1.8544,7.1616,4.8169,0.4903,False,Posterior BMA glutamatergic / pallial amygdala VGLUT1,target,1,UNIQUE_to_subclass,24.8169,3,False,"013 COAp Grxcr2 Glut in same dissection is higher (7.16, 100%)"
BMAp,012 MEA Slc17a7 Glut,Chst9,3984,6.7944,81.98,False,True,-1.4277,8.2221,4.1811,2.6133,False,Posterior BMA glutamatergic / pallial amygdala VGLUT1,target,1,UNIQUE_to_subclass,24.1811,4,False,"064 STR-PAL Chst9 Gaba in same dissection is higher (8.22, 92%)"
BMAp,012 MEA Slc17a7 Glut,Rorb,3984,4.2186,55.62,False,True,-3.4748,7.6934,3.3116,0.907,False,Posterior BMA glutamatergic / pallial amygdala VGLUT1,target,1,UNIQUE_to_subclass,23.3116,5,False,"013 COAp Grxcr2 Glut in same dissection is higher (7.69, 88%)"
BMAp,012 MEA Slc17a7 Glut,Crym,3984,5.6575,81.78,False,True,-1.3573,7.0148,3.1778,2.4797,False,Posterior BMA glutamatergic / pallial amygdala VGLUT1,target,1,UNIQUE_to_subclass,23.1778,6,False,"037 DG Glut in same dissection is higher (7.01, 92%)"
BMAp,012 MEA Slc17a7 Glut,Cck,3984,5.781,79.04,False,True,-3.8734,9.6544,2.6475,3.1335,False,Posterior BMA glutamatergic / pallial amygdala VGLUT1,target,1,UNIQUE_to_subclass,22.6475,7,False,"047 Sncg Gaba in same dissection is higher (9.65, 99%)"
BMAp,012 MEA Slc17a7 Glut,Etv1,3984,3.9322,61.65,False,True,-5.3808,9.313,2.6218,1.3104,False,Posterior BMA glutamatergic / pallial amygdala VGLUT1,target,1,UNIQUE_to_subclass,22.6218,8,False,"055 STR Lhx8 Gaba in same dissection is higher (9.31, 99%)"
BMAp,012 MEA Slc17a7 Glut,Tcf4,3984,9.3559,98.67,False,True,-2.3136,11.6695,1.5091,7.8468,False,Posterior BMA glutamatergic / pallial amygdala VGLUT1,target,1,UNIQUE_to_subclass,21.5091,9,False,"050 Lamp5 Lhx6 Gaba in same dissection is higher (11.67, 100%)"
BMAp,012 MEA Slc17a7 Glut,Tacr1,3984,3.9401,61.62,False,True,-3.0199,6.96,1.3658,2.5743,False,Posterior BMA glutamatergic / pallial amygdala VGLUT1,target,1,UNIQUE_to_subclass,21.3658,10,False,"058 PAL-STR Gaba-Chol in same dissection is higher (6.96, 90%)"
BMAp,012 MEA Slc17a7 Glut,Moxd1,3984,2.2437,36.65,False,True,-6.8241,9.0678,1.2671,0.9766,False,Posterior BMA glutamatergic / pallial amygdala VGLUT1,target,1,UNIQUE_to_subclass,21.2671,11,False,"054 STR Prox1 Lhx6 Gaba in same dissection is higher (9.07, 100%)"
BMAp,012 MEA Slc17a7 Glut,Pcdh8,3984,4.9247,78.51,False,True,-1.3013,6.226,0.8824,4.0423,False,Posterior BMA glutamatergic / pallial amygdala VGLUT1,target,1,UNIQUE_to_subclass,20.8824,12,False,"051 Pvalb chandelier Gaba in same dissection is higher (6.23, 90%)"
BMAp,073 MEA-BST Sox6 Gaba,Sox6,8705,5.0181,58.17,False,True,-5.4154,10.4335,1.215,3.8031,True,Amygdala GABA / striatal-like inhibitory neighbors,neighbor_control,1,UNIQUE_to_subclass,121.215,1,False,"056 Sst Chodl Gaba in same dissection is higher (10.43, 100%)"
BMAp,073 MEA-BST Sox6 Gaba,Prox1,8705,4.3019,56.99,False,True,-4.2432,8.5451,2.7617,1.5402,False,Amygdala GABA / striatal-like inhibitory neighbors,neighbor_control,1,UNIQUE_to_subclass,22.7617,2,False,"037 DG Glut in same dissection is higher (8.55, 99%)"
BMAp,073 MEA-BST Sox6 Gaba,Dlx1,8705,4.9858,76.19,False,True,-2.2176,7.2034,2.2376,2.7482,False,Amygdala GABA / striatal-like inhibitory neighbors,neighbor_control,1,UNIQUE_to_subclass,22.2376,3,False,"046 Vip Gaba in same dissection is higher (7.20, 91%)"
BMAp,073 MEA-BST Sox6 Gaba,Sox1,8705,1.9931,33.64,False,True,-3.801,5.7941,0.949,1.0441,False,Amygdala GABA / striatal-like inhibitory neighbors,neighbor_control,1,UNIQUE_to_subclass,20.949,4,False,"056 Sst Chodl Gaba in same dissection is higher (5.79, 86%)"
BMAp,073 MEA-BST Sox6 Gaba,Dlx2,8705,2.4849,44.46,False,True,-1.7997,4.2846,0.9102,1.5747,False,Amygdala GABA / striatal-like inhibitory neighbors,neighbor_control,1,UNIQUE_to_subclass,20.9102,5,False,"047 Sncg Gaba in same dissection is higher (4.28, 74%)"
BMAp,074 MEA-BST Lhx6 Sp9 Gaba,Lhx6,6461,6.1937,88.66,False,True,-2.3256,8.5193,5.8983,0.2954,True,Amygdala GABA / striatal-like inhibitory neighbors,neighbor_control,1,UNIQUE_to_subclass,125.8983,1,False,"056 Sst Chodl Gaba in same dissection is higher (8.52, 99%)"
BMAp,074 MEA-BST Lhx6 Sp9 Gaba,Sp9,6461,5.198,79.0,False,True,-1.0697,6.2677,4.4198,0.7782,True,Amygdala GABA / striatal-like inhibitory neighbors,neighbor_control,1,UNIQUE_to_subclass,124.4198,2,False,"054 STR Prox1 Lhx6 Gaba in same dissection is higher (6.27, 90%)"
BMAp,074 MEA-BST Lhx6 Sp9 Gaba,Nr2e1,6461,3.4992,58.63,False,True,-2.1583,5.6575,2.4325,1.0667,False,Amygdala GABA / striatal-like inhibitory neighbors,neighbor_control,1,UNIQUE_to_subclass,22.4325,3,False,"075 MEA-BST Lhx6 Nr2e1 Gaba in same dissection is higher (5.66, 84%)"
BMAp,074 MEA-BST Lhx6 Sp9 Gaba,Whrn,6461,4.248,66.86,False,True,-2.2993,6.5473,0.7924,3.4556,False,Amygdala GABA / striatal-like inhibitory neighbors,neighbor_control,1,UNIQUE_to_subclass,20.7924,4,False,"118 ADP-MPO Trp73 Glut in same dissection is higher (6.55, 94%)"
BMAp,074 MEA-BST Lhx6 Sp9 Gaba,Slc6a1,6461,8.3163,98.99,False,True,-3.1298,11.4461,0.729,7.5873,False,Amygdala GABA / striatal-like inhibitory neighbors,neighbor_control,1,UNIQUE_to_subclass,20.729,5,False,"050 Lamp5 Lhx6 Gaba in same dissection is higher (11.45, 100%)"
BMAp,074 MEA-BST Lhx6 Sp9 Gaba,Cartpt,6461,2.454,35.74,False,True,-3.9475,6.4015,0.6677,1.7863,False,Amygdala GABA / striatal-like inhibitory neighbors,neighbor_control,1,UNIQUE_to_subclass,20.6677,6,False,"076 MEA-BST Lhx6 Nfib Gaba in same dissection is higher (6.40, 70%)"
BMAp,074 MEA-BST Lhx6 Sp9 Gaba,Adarb2,6461,10.3735,94.29,False,True,-2.9623,13.3358,0.604,9.7695,False,Amygdala GABA / striatal-like inhibitory neighbors,neighbor_control,1,UNIQUE_to_subclass,20.604,7,False,"047 Sncg Gaba in same dissection is higher (13.34, 100%)"
BMAp,082 CEA-BST Ebf1 Pdyn Gaba,Ebf1,6966,6.3068,73.28,False,True,-0.6113,6.9181,4.7725,1.5343,True,Amygdala GABA / striatal-like inhibitory neighbors,neighbor_control,1,UNIQUE_to_subclass,124.7725,1,False,"061 STR D1 Gaba in same dissection is higher (6.92, 83%)"
BMAp,082 CEA-BST Ebf1 Pdyn Gaba,Pdyn,6966,4.6061,63.05,False,True,-4.5437,9.1498,2.1191,2.487,True,Amygdala GABA / striatal-like inhibitory neighbors,neighbor_control,1,UNIQUE_to_subclass,122.1191,2,False,"061 STR D1 Gaba in same dissection is higher (9.15, 97%)"
BMAp,082 CEA-BST Ebf1 Pdyn Gaba,Isl1,6966,3.6651,54.77,False,True,-3.7717,7.4368,3.5979,0.0672,False,Amygdala GABA / striatal-like inhibitory neighbors,neighbor_control,1,UNIQUE_to_subclass,23.5979,3,False,"093 RT-ZI Gnb3 Gaba in same dissection is higher (7.44, 100%)"
BMAp,082 CEA-BST Ebf1 Pdyn Gaba,Meis2,6966,8.6553,92.29,False,True,-2.7361,11.3914,2.4246,6.2307,False,Amygdala GABA / striatal-like inhibitory neighbors,neighbor_control,1,UNIQUE_to_subclass,22.424599999999998,4,False,"063 STR D1 Sema5a Gaba in same dissection is higher (11.39, 100%)"
BMAp,082 CEA-BST Ebf1 Pdyn Gaba,Sst,6966,4.1118,52.38,False,True,-7.0461,11.1579,2.1144,1.9974,False,Amygdala GABA / striatal-like inhibitory neighbors,neighbor_control,1,UNIQUE_to_subclass,22.1144,5,False,"056 Sst Chodl Gaba in same dissection is higher (11.16, 97%)"
BMAp,082 CEA-BST Ebf1 Pdyn Gaba,Zfhx3,6966,9.7316,99.7,False,True,-1.0845,10.8161,1.9248,7.8068,False,Amygdala GABA / striatal-like inhibitory neighbors,neighbor_control,1,UNIQUE_to_subclass,21.9248,6,False,"077 CEA-BST Gal Avp Gaba in same dissection is higher (10.82, 100%)"
BMAp,082 CEA-BST Ebf1 Pdyn Gaba,Cnr1,6966,5.5978,83.2,False,True,-5.9069,11.5047,1.3178,4.28,False,Amygdala GABA / striatal-like inhibitory neighbors,neighbor_control,1,UNIQUE_to_subclass,21.3178,7,False,"047 Sncg Gaba in same dissection is higher (11.50, 100%)"
BMAp,082 CEA-BST Ebf1 Pdyn Gaba,Mpped1,6966,7.0848,93.44,False,True,-1.3789,8.4637,1.1487,5.9361,False,Amygdala GABA / striatal-like inhibitory neighbors,neighbor_control,1,UNIQUE_to_subclass,21.1487,8,False,"049 Lamp5 Gaba in same dissection is higher (8.46, 98%)"
BMAp,082 CEA-BST Ebf1 Pdyn Gaba,Vat1l,6966,8.3952,98.15,False,True,-0.4745,8.8697,0.9193,7.4759,False,Amygdala GABA / striatal-like inhibitory neighbors,neighbor_control,1,UNIQUE_to_subclass,20.9193,9,False,"079 CEA-BST Six3 Cyp26b1 Gaba in same dissection is higher (8.87, 99%)"
BMAp,082 CEA-BST Ebf1 Pdyn Gaba,Gpr101,6966,5.6582,78.85,False,True,-1.3331,6.9913,0.9186,4.7396,False,Amygdala GABA / striatal-like inhibitory neighbors,neighbor_control,1,UNIQUE_to_subclass,20.9186,10,False,"122 LHA-MEA Otp Glut in same dissection is higher (6.99, 92%)"
BMAp,082 CEA-BST Ebf1 Pdyn Gaba,Bcl11b,6966,8.215,97.85,False,True,-1.1045,9.3195,0.8634,7.3516,False,Amygdala GABA / striatal-like inhibitory neighbors,neighbor_control,1,UNIQUE_to_subclass,20.8634,11,False,"061 STR D1 Gaba in same dissection is higher (9.32, 100%)"
BMAp,082 CEA-BST Ebf1 Pdyn Gaba,Lamp5,6966,4.2714,69.27,False,True,-3.7932,8.0646,0.8456,3.4258,False,Amygdala GABA / striatal-like inhibitory neighbors,neighbor_control,1,UNIQUE_to_subclass,20.8456,12,False,"049 Lamp5 Gaba in same dissection is higher (8.06, 96%)"
BMAp,113 MEA-COA-BMA Ccdc42 Glut,Ccdc42,9654,2.7283,47.98,False,True,0.3998,2.3285,1.8745,0.8538,True,Posterior BMA glutamatergic / pallial amygdala VGLUT1,target,1,UNIQUE_to_subclass,121.8745,1,False,
BMAp,113 MEA-COA-BMA Ccdc42 Glut,Penk,9654,5.2028,75.68,False,True,-4.025,9.2278,2.306,2.8968,False,Posterior BMA glutamatergic / pallial amygdala VGLUT1,target,1,UNIQUE_to_subclass,22.306,2,False,"062 STR D2 Gaba in same dissection is higher (9.23, 96%)"
BMAp,113 MEA-COA-BMA Ccdc42 Glut,Krt9,9654,3.135,52.74,False,True,0.9314,2.2036,1.5651,1.5699,False,Posterior BMA glutamatergic / pallial amygdala VGLUT1,target,1,UNIQUE_to_subclass,21.5651,3,True,
BMAp,113 MEA-COA-BMA Ccdc42 Glut,Nrgn,9654,10.616,100.0,False,True,0.3179,10.2981,0.7361,9.8799,False,Posterior BMA glutamatergic / pallial amygdala VGLUT1,target,1,UNIQUE_to_subclass,20.7361,4,False,
BMAp,113 MEA-COA-BMA Ccdc42 Glut,Drd1,9654,2.9714,51.54,False,True,-4.697,7.6684,0.6799,2.2915,False,Posterior BMA glutamatergic / pallial amygdala VGLUT1,target,1,UNIQUE_to_subclass,20.6799,5,False,"061 STR D1 Gaba in same dissection is higher (7.67, 97%)"
BMAp,113 MEA-COA-BMA Ccdc42 Glut,Zfp804b,9654,8.2109,89.26,False,True,-3.377,11.5879,0.5567,7.6542,False,Posterior BMA glutamatergic / pallial amygdala VGLUT1,target,1,UNIQUE_to_subclass,20.5567,6,False,"051 Pvalb chandelier Gaba in same dissection is higher (11.59, 100%)"
BMAp,119 SI-MA-LPO-LHA Skor1 Glut,Skor1,2180,3.1529,53.58,False,True,3.0667,0.0862,3.1396,0.0133,True,BMA/MEA VGLUT2-like excitatory,target,1,UNIQUE_to_subclass,123.1396,1,True,
BMAp,119 SI-MA-LPO-LHA Skor1 Glut,Tcf7l2,2180,4.5668,44.82,False,True,4.1419,0.4249,4.4544,0.1124,False,BMA/MEA VGLUT2-like excitatory,target,1,UNIQUE_to_subclass,24.4544,2,True,
BMAp,119 SI-MA-LPO-LHA Skor1 Glut,Dmrta2,2180,3.5774,54.72,False,True,-1.3482,4.9256,3.4031,0.1743,False,BMA/MEA VGLUT2-like excitatory,target,1,UNIQUE_to_subclass,23.4031,3,False,"036 HPF CR Glut in same dissection is higher (4.93, 65%)"
BMAp,119 SI-MA-LPO-LHA Skor1 Glut,Nhlh2,2180,3.9363,62.84,False,True,-3.3578,7.2941,3.0272,0.9091,False,BMA/MEA VGLUT2-like excitatory,target,1,UNIQUE_to_subclass,23.0272,4,False,"036 HPF CR Glut in same dissection is higher (7.29, 87%)"
BMAp,119 SI-MA-LPO-LHA Skor1 Glut,Tbr1,2180,4.8555,77.29,False,True,-3.0385,7.894,2.7054,2.1501,False,BMA/MEA VGLUT2-like excitatory,target,1,UNIQUE_to_subclass,22.7054,5,False,"035 OB Eomes Ms4a15 Glut in same dissection is higher (7.89, 98%)"
BMAp,119 SI-MA-LPO-LHA Skor1 Glut,Sema5b,2180,3.2956,51.06,False,True,-4.5149,7.8105,2.0538,1.2418,False,BMA/MEA VGLUT2-like excitatory,target,1,UNIQUE_to_subclass,22.0538,6,False,"063 STR D1 Sema5a Gaba in same dissection is higher (7.81, 95%)"
BMAp,119 SI-MA-LPO-LHA Skor1 Glut,Ptpru,2180,5.0349,77.71,False,True,0.0239,5.011,2.0302,3.0047,False,BMA/MEA VGLUT2-like excitatory,target,1,UNIQUE_to_subclass,22.0302,7,False,
BMAp,119 SI-MA-LPO-LHA Skor1 Glut,Deptor,2180,3.2905,52.75,False,True,-5.8062,9.0967,1.4879,1.8026,False,BMA/MEA VGLUT2-like excitatory,target,1,UNIQUE_to_subclass,21.4879,8,False,"009 L2/3 IT PIR-ENTl Glut in same dissection is higher (9.10, 100%)"
BMAp,119 SI-MA-LPO-LHA Skor1 Glut,Nxph4,2180,4.4784,64.95,False,True,-2.3681,6.8465,1.4584,3.02,False,BMA/MEA VGLUT2-like excitatory,target,1,UNIQUE_to_subclass,21.4584,9,False,"117 LHA Barhl2 Glut in same dissection is higher (6.85, 94%)"
BMAp,119 SI-MA-LPO-LHA Skor1 Glut,Npnt,2180,2.1452,33.72,False,True,-3.0379,5.1831,1.337,0.8082,False,BMA/MEA VGLUT2-like excitatory,target,1,UNIQUE_to_subclass,21.337,10,False,"009 L2/3 IT PIR-ENTl Glut in same dissection is higher (5.18, 79%)"
BMAp,119 SI-MA-LPO-LHA Skor1 Glut,Fst,2180,1.6685,25.32,False,True,-0.2246,1.8931,1.1929,0.4756,False,BMA/MEA VGLUT2-like excitatory,target,1,UNIQUE_to_subclass,21.1929,11,False,"079 CEA-BST Six3 Cyp26b1 Gaba in same dissection is higher (1.89, 31%)"
BMAp,119 SI-MA-LPO-LHA Skor1 Glut,Tle4,2180,6.6477,90.28,False,True,-2.2491,8.8968,1.0966,5.5511,False,BMA/MEA VGLUT2-like excitatory,target,1,UNIQUE_to_subclass,21.0966,12,False,"077 CEA-BST Gal Avp Gaba in same dissection is higher (8.90, 100%)"
BMAp,120 MEA Otp Foxp2 Glut,Foxp2,1504,9.2739,99.0,False,True,-1.7089,10.9828,3.5023,5.7716,True,BMA/MEA VGLUT2-like excitatory,target,1,UNIQUE_to_subclass,123.5023,1,False,"063 STR D1 Sema5a Gaba in same dissection is higher (10.98, 99%)"
BMAp,120 MEA Otp Foxp2 Glut,Otp,1504,7.9739,97.87,False,True,-0.2252,8.1991,0.6914,7.2825,True,BMA/MEA VGLUT2-like excitatory,target,1,UNIQUE_to_subclass,120.6914,2,False,"131 LHA-AHN-PVH Otp Trh Glut in same dissection is higher (8.20, 98%)"
BMAp,120 MEA Otp Foxp2 Glut,Spon1,1504,7.431,95.68,False,True,1.3971,6.0339,3.1876,4.2434,False,BMA/MEA VGLUT2-like excitatory,target,1,UNIQUE_to_subclass,23.1876,3,True,
BMAp,120 MEA Otp Foxp2 Glut,Trh,1504,4.2877,63.96,False,True,0.0133,4.2744,2.6376,1.6501,False,BMA/MEA VGLUT2-like excitatory,target,1,UNIQUE_to_subclass,22.6376,4,False,
BMAp,120 MEA Otp Foxp2 Glut,Fezf1,1504,4.4867,71.68,False,True,1.3068,3.1799,1.3068,3.1799,False,BMA/MEA VGLUT2-like excitatory,target,1,UNIQUE_to_subclass,21.3068,5,True,
BMAp,120 MEA Otp Foxp2 Glut,Nos1,1504,9.7676,99.67,False,True,0.7641,9.0035,0.7641,9.0035,False,BMA/MEA VGLUT2-like excitatory,target,1,UNIQUE_to_subclass,20.7641,6,True,
BMAp,120 MEA Otp Foxp2 Glut,Tshz2,1504,9.3268,99.27,False,True,-0.5403,9.8671,0.5553,8.7715,False,BMA/MEA VGLUT2-like excitatory,target,1,UNIQUE_to_subclass,20.5553,7,False,"084 BST-SI-AAA Six3 Slc22a3 Gaba in same dissection is higher (9.87, 100%)"
BMAp,121 MEA-BST Otp Zic2 Glut,Sim1,1255,6.4883,87.97,False,True,-2.641,9.1293,5.6239,0.8644,False,BMA/MEA VGLUT2-like excitatory,target,1,UNIQUE_to_subclass,25.6239,1,False,"026 NLOT Rho Glut in same dissection is higher (9.13, 100%)"
BMAp,121 MEA-BST Otp Zic2 Glut,Zic1,1255,5.5044,69.72,False,True,-2.6207,8.1251,3.1639,2.3405,False,BMA/MEA VGLUT2-like excitatory,target,1,UNIQUE_to_subclass,23.163899999999998,2,False,"058 PAL-STR Gaba-Chol in same dissection is higher (8.13, 99%)"
BMAp,121 MEA-BST Otp Zic2 Glut,Gfra1,1255,4.072,63.98,False,True,-3.1719,7.2439,1.9503,2.1217,False,BMA/MEA VGLUT2-like excitatory,target,1,UNIQUE_to_subclass,21.9503,3,False,"037 DG Glut in same dissection is higher (7.24, 93%)"
BMAp,121 MEA-BST Otp Zic2 Glut,Cd36,1255,3.4311,53.15,False,True,0.0462,3.3849,1.8009,1.6302,False,BMA/MEA VGLUT2-like excitatory,target,1,UNIQUE_to_subclass,21.8009,4,False,
BMAp,121 MEA-BST Otp Zic2 Glut,Pde1c,1255,4.156,59.04,False,True,-4.8418,8.9978,1.784,2.372,False,BMA/MEA VGLUT2-like excitatory,target,1,UNIQUE_to_subclass,21.784,5,False,"061 STR D1 Gaba in same dissection is higher (9.00, 91%)"
BMAp,121 MEA-BST Otp Zic2 Glut,Map3k15,1255,1.5758,27.81,False,True,-1.5118,3.0876,1.1051,0.4707,False,BMA/MEA VGLUT2-like excitatory,target,1,UNIQUE_to_subclass,21.1051,6,False,"131 LHA-AHN-PVH Otp Trh Glut in same dissection is higher (3.09, 56%)"
BMAp,121 MEA-BST Otp Zic2 Glut,Sulf1,1255,2.9719,46.93,False,True,-1.4362,4.4081,0.5801,2.3918,False,BMA/MEA VGLUT2-like excitatory,target,1,UNIQUE_to_subclass,20.5801,7,False,"087 MPN-MPO-LPO Lhx6 Zfhx3 Gaba in same dissection is higher (4.41, 62%)"
CA,016 CA1-ProS Glut,Mpped1,24868,8.6497,99.36,False,True,-0.7202,9.3699,7.2016,1.4481,False,CA1 pyramidal,target,1,UNIQUE_to_subclass,27.2016,1,False,"049 Lamp5 Gaba in same dissection is higher (9.37, 98%)"
CA,016 CA1-ProS Glut,Pou3f1,24868,7.6246,94.27,False,True,-0.3669,7.9915,7.0589,0.5657,False,CA1 pyramidal,target,1,UNIQUE_to_subclass,27.0589,2,False,"023 SUB-ProS Glut in same dissection is higher (7.99, 97%)"
CA,016 CA1-ProS Glut,Fibcd1,24868,7.3559,94.13,False,True,0.4832,6.8727,6.1984,1.1575,False,CA1 pyramidal,target,1,UNIQUE_to_subclass,26.1984,3,False,
CA,016 CA1-ProS Glut,Satb2,24868,5.4867,79.52,False,True,4.2922,1.1945,5.3182,0.1685,False,CA1 pyramidal,target,1,UNIQUE_to_subclass,25.3182,4,True,
CA,016 CA1-ProS Glut,Wfs1,24868,5.4895,76.09,False,True,2.3473,3.1422,3.7164,1.7731,False,CA1 pyramidal,target,1,UNIQUE_to_subclass,23.7164,5,True,
CA,016 CA1-ProS Glut,Foxp1,24868,9.3553,99.71,False,True,0.1105,9.2448,1.5972,7.7581,False,CA1 pyramidal,target,1,UNIQUE_to_subclass,21.5972,6,False,
CA,016 CA1-ProS Glut,Meis2,24868,6.5469,86.55,False,True,0.5626,5.9843,1.4417,5.1052,False,CA1 pyramidal,target,1,UNIQUE_to_subclass,21.4417,7,True,
CA,016 CA1-ProS Glut,Penk,24868,1.6303,28.22,False,True,-3.6091,5.2394,1.2111,0.4192,False,CA1 pyramidal,target,1,UNIQUE_to_subclass,21.211100000000002,8,False,"046 Vip Gaba in same dissection is higher (5.24, 70%)"
CA,016 CA1-ProS Glut,Grem1,24868,2.0663,33.56,False,True,1.1965,0.8698,1.1965,0.8698,False,CA1 pyramidal,target,1,UNIQUE_to_subclass,21.1965,9,True,
CA,016 CA1-ProS Glut,Nr4a2,24868,4.1782,62.2,False,True,-2.723,6.9012,1.0429,3.1353,False,CA1 pyramidal,target,1,UNIQUE_to_subclass,21.0429,10,False,"023 SUB-ProS Glut in same dissection is higher (6.90, 90%)"
CA,016 CA1-ProS Glut,Necab1,24868,2.1297,32.04,False,True,-7.323,9.4527,1.0055,1.1242,False,CA1 pyramidal,target,1,UNIQUE_to_subclass,21.0055,11,False,"047 Sncg Gaba in same dissection is higher (9.45, 99%)"
CA,016 CA1-ProS Glut,Spon1,24868,6.4984,89.13,False,True,-1.7276,8.226,0.9311,5.5673,False,CA1 pyramidal,target,1,UNIQUE_to_subclass,20.9311,12,False,"033 NP SUB Glut in same dissection is higher (8.23, 96%)"
CA,017 CA3 Glut,Nnat,4799,8.4078,95.37,False,True,-2.4334,10.8412,3.6057,4.8021,False,CA3 pyramidal,target,1,UNIQUE_to_subclass,23.6057,1,False,"015 ENTmv-PA-COAp Glut in same dissection is higher (10.84, 100%)"
CA,017 CA3 Glut,Slco2a1,4799,2.4379,47.32,False,True,0.9845,1.4534,2.1543,0.2836,False,CA3 pyramidal,target,1,UNIQUE_to_subclass,22.1543,2,True,
CA,017 CA3 Glut,Prkcd,4799,1.7661,28.51,False,True,0.8134,0.9527,1.7118,0.0543,False,CA3 pyramidal,target,1,UNIQUE_to_subclass,21.7118,3,True,
CA,017 CA3 Glut,Tle4,4799,5.881,88.62,False,True,-2.4483,8.3293,1.602,4.279,False,CA3 pyramidal,target,1,UNIQUE_to_subclass,21.602,4,False,"033 NP SUB Glut in same dissection is higher (8.33, 98%)"
CA,017 CA3 Glut,Osr1,4799,1.4346,30.09,False,True,1.396,0.0386,1.396,0.0386,False,CA3 pyramidal,target,1,UNIQUE_to_subclass,21.396,5,True,
CA,017 CA3 Glut,Thsd7b,4799,7.2008,94.14,False,True,-3.3243,10.5251,1.2292,5.9716,False,CA3 pyramidal,target,1,UNIQUE_to_subclass,21.2292,6,False,"036 HPF CR Glut in same dissection is higher (10.53, 98%)"
CA,017 CA3 Glut,Deptor,4799,1.6722,33.65,False,True,-2.6972,4.3694,1.1087,0.5635,False,CA3 pyramidal,target,1,UNIQUE_to_subclass,21.1087,7,False,"033 NP SUB Glut in same dissection is higher (4.37, 68%)"
CA,017 CA3 Glut,Pcdh8,4799,3.0989,54.89,False,True,-2.9965,6.0954,0.9472,2.1517,False,CA3 pyramidal,target,1,UNIQUE_to_subclass,20.9472,8,False,"051 Pvalb chandelier Gaba in same dissection is higher (6.10, 89%)"
CA,017 CA3 Glut,Cux1,4799,2.4863,48.41,False,True,-4.5023,6.9886,0.8453,1.641,False,CA3 pyramidal,target,1,UNIQUE_to_subclass,20.8453,9,False,"045 OB-STR-CTX Inh IMN in same dissection is higher (6.99, 86%)"
CA,017 CA3 Glut,Sema5b,4799,1.8247,29.38,False,True,-5.0829,6.9076,0.8407,0.984,False,CA3 pyramidal,target,1,UNIQUE_to_subclass,20.8407,10,False,"033 NP SUB Glut in same dissection is higher (6.91, 90%)"
CA,017 CA3 Glut,Cnr1,4799,6.555,93.98,False,True,-5.8743,12.4293,0.784,5.771,False,CA3 pyramidal,target,1,UNIQUE_to_subclass,20.784,11,False,"047 Sncg Gaba in same dissection is higher (12.43, 100%)"
CA,025 CA2-FC-IG Glut,Amigo2,327,6.4618,89.91,False,True,2.1746,4.2872,4.0741,2.3877,False,CA2 pyramidal,target,1,UNIQUE_to_subclass,24.0741,1,True,
CA,025 CA2-FC-IG Glut,Map3k15,327,3.8986,64.83,False,True,3.2782,0.6204,3.7378,0.1608,False,CA2 pyramidal,target,1,UNIQUE_to_subclass,23.7378,2,True,
CA,025 CA2-FC-IG Glut,Rgs14,327,7.2536,88.38,False,True,3.4618,3.7918,3.4618,3.7918,False,CA2 pyramidal,target,1,UNIQUE_to_subclass,23.4618,3,True,
CA,025 CA2-FC-IG Glut,Cacng5,327,3.6156,56.57,False,True,0.2033,3.4123,3.1422,0.4734,False,CA2 pyramidal,target,1,UNIQUE_to_subclass,23.1422,4,False,
CA,025 CA2-FC-IG Glut,Rorb,327,3.7063,57.49,False,True,-0.8412,4.5475,3.1403,0.566,False,CA2 pyramidal,target,1,UNIQUE_to_subclass,23.1403,5,False,"045 OB-STR-CTX Inh IMN in same dissection is higher (4.55, 59%)"
CA,025 CA2-FC-IG Glut,Tbr1,327,6.0706,91.44,False,True,0.6368,5.4338,3.0111,3.0595,False,CA2 pyramidal,target,1,UNIQUE_to_subclass,23.0111,6,True,
CA,025 CA2-FC-IG Glut,Tac1,327,2.1906,27.52,False,True,-5.221,7.4116,2.1328,0.0578,False,CA2 pyramidal,target,1,UNIQUE_to_subclass,22.1328,7,False,"052 Pvalb Gaba in same dissection is higher (7.41, 87%)"
CA,025 CA2-FC-IG Glut,Spink8,327,5.4986,76.76,False,True,0.726,4.7726,0.726,4.7726,False,CA2 pyramidal,target,1,UNIQUE_to_subclass,20.726,8,True,
CA,037 DG Glut,Adarb2,80255,9.2036,96.07,False,True,-4.2788,13.4824,7.7328,1.4708,False,DG granule cell,target,1,UNIQUE_to_subclass,27.7328,1,False,"047 Sncg Gaba in same dissection is higher (13.48, 100%)"
CA,037 DG Glut,Prox1,80255,7.872,90.02,False,True,-1.8759,9.7479,7.2333,0.6387,False,DG granule cell,target,1,UNIQUE_to_subclass,27.2333,2,False,"038 DG-PIR Ex IMN in same dissection is higher (9.75, 98%)"
CA,037 DG Glut,Dock10,80255,8.785,95.35,False,True,2.4412,6.3438,7.0321,1.7529,False,DG granule cell,target,1,UNIQUE_to_subclass,27.0321,3,True,
CA,037 DG Glut,C1ql2,80255,5.0176,64.78,False,True,4.2304,0.7872,4.2304,0.7872,False,DG granule cell,target,1,UNIQUE_to_subclass,24.2304,4,True,
CA,037 DG Glut,Sema5a,80255,8.2639,92.53,False,True,-0.6812,8.9451,3.7987,4.4652,False,DG granule cell,target,1,UNIQUE_to_subclass,23.7987,5,False,"038 DG-PIR Ex IMN in same dissection is higher (8.95, 86%)"
CA,037 DG Glut,Dsp,80255,3.4285,45.96,False,True,3.0855,0.343,3.182,0.2465,False,DG granule cell,target,1,UNIQUE_to_subclass,23.182,6,True,
CA,037 DG Glut,Chst9,80255,5.6416,68.39,False,True,2.6499,2.9917,2.8792,2.7624,False,DG granule cell,target,1,UNIQUE_to_subclass,22.8792,7,True,
CA,037 DG Glut,Gad1,80255,3.4475,47.29,False,True,-7.5716,11.0191,2.5819,0.8656,False,DG granule cell,target,1,UNIQUE_to_subclass,22.5819,8,False,"050 Lamp5 Lhx6 Gaba in same dissection is higher (11.02, 100%)"
CA,037 DG Glut,Calb1,80255,6.072,73.91,False,True,1.7753,4.2967,1.9631,4.1089,False,DG granule cell,target,1,UNIQUE_to_subclass,21.9631,9,True,
CA,037 DG Glut,Npnt,80255,3.2125,43.76,False,True,1.5871,1.6254,1.5871,1.6254,False,DG granule cell,target,1,UNIQUE_to_subclass,21.5871,10,True,
CA,037 DG Glut,Lct,80255,2.663,36.79,False,True,1.1745,1.4885,1.1745,1.4885,False,DG granule cell,target,1,UNIQUE_to_subclass,21.174500000000002,11,True,
CA,037 DG Glut,Gfra1,80255,2.9086,39.51,False,True,-2.714,5.6226,1.0628,1.8458,False,DG granule cell,target,1,UNIQUE_to_subclass,21.0628,12,False,"023 SUB-ProS Glut in same dissection is higher (5.62, 81%)"
CP,054 STR Prox1 Lhx6 Gaba,Prox1,367,7.1881,95.37,False,True,1.3492,5.8389,4.5312,2.6569,True,PV/SST/NPY interneurons,target,1,UNIQUE_to_subclass,124.5312,1,True,
CP,054 STR Prox1 Lhx6 Gaba,Nfib,367,9.0535,100.0,False,True,-2.363,11.4165,7.4295,1.624,False,PV/SST/NPY interneurons,target,1,UNIQUE_to_subclass,27.4295,2,False,"045 OB-STR-CTX Inh IMN in same dissection is higher (11.42, 100%)"
CP,054 STR Prox1 Lhx6 Gaba,Pvalb,367,6.0233,74.66,False,True,5.3357,0.6876,5.9561,0.0672,False,PV/SST/NPY interneurons,target,1,UNIQUE_to_subclass,25.9561,3,True,
CP,054 STR Prox1 Lhx6 Gaba,Maf,367,9.0225,99.18,False,True,5.6967,3.3258,5.7369,3.2856,False,PV/SST/NPY interneurons,target,1,UNIQUE_to_subclass,25.7369,4,True,
CP,054 STR Prox1 Lhx6 Gaba,Etv1,367,9.4821,100.0,False,True,0.4732,9.0089,5.6779,3.8042,False,PV/SST/NPY interneurons,target,1,UNIQUE_to_subclass,25.6779,5,False,
CP,054 STR Prox1 Lhx6 Gaba,Cux2,367,5.7952,88.56,False,True,-0.7966,6.5918,3.0655,2.7297,False,PV/SST/NPY interneurons,target,1,UNIQUE_to_subclass,23.0655,6,False,"014 LA-BLA-BMA-PA Glut in same dissection is higher (6.59, 92%)"
CP,054 STR Prox1 Lhx6 Gaba,Tcf4,367,11.6169,100.0,False,True,0.1259,11.491,2.4974,9.1195,False,PV/SST/NPY interneurons,target,1,UNIQUE_to_subclass,22.4974,7,False,
CP,054 STR Prox1 Lhx6 Gaba,Moxd1,367,7.4043,94.82,False,True,2.482,4.9223,2.482,4.9223,False,PV/SST/NPY interneurons,target,1,UNIQUE_to_subclass,22.482,8,True,
CP,054 STR Prox1 Lhx6 Gaba,Nxph1,367,12.0193,100.0,False,True,-0.2381,12.2574,2.4094,9.6099,False,PV/SST/NPY interneurons,target,1,UNIQUE_to_subclass,22.4094,9,False,"042 OB-out Frmd7 Gaba in same dissection is higher (12.26, 100%)"
CP,054 STR Prox1 Lhx6 Gaba,Gad1,367,10.8315,100.0,False,True,1.5023,9.3292,2.2538,8.5777,False,PV/SST/NPY interneurons,target,1,UNIQUE_to_subclass,22.2538,10,True,
CP,054 STR Prox1 Lhx6 Gaba,Pcdh8,367,5.269,84.74,False,True,0.8665,4.4025,1.9478,3.3212,False,PV/SST/NPY interneurons,target,1,UNIQUE_to_subclass,21.9478,11,True,
CP,054 STR Prox1 Lhx6 Gaba,Cnr1,367,9.6786,99.18,False,True,1.4337,8.2449,1.9193,7.7593,False,PV/SST/NPY interneurons,target,1,UNIQUE_to_subclass,21.9193,12,True,
CP,056 Sst Chodl Gaba,Sst,230,12.1258,100.0,False,True,11.5277,0.5981,11.5277,0.5981,True,PV/SST/NPY interneurons,target,1,UNIQUE_to_subclass,131.52769999999998,1,True,
CP,056 Sst Chodl Gaba,Chodl,230,5.8715,80.87,False,True,4.9908,0.8807,5.7519,0.1196,True,PV/SST/NPY interneurons,target,1,UNIQUE_to_subclass,125.7519,2,True,
CP,056 Sst Chodl Gaba,Npy,230,11.3302,99.57,False,True,8.6426,2.6876,11.0292,0.301,False,PV/SST/NPY interneurons,target,1,UNIQUE_to_subclass,31.0292,3,True,
CP,056 Sst Chodl Gaba,Nos1,230,11.973,100.0,False,True,7.2041,4.7689,9.5054,2.4676,False,PV/SST/NPY interneurons,target,1,UNIQUE_to_subclass,29.5054,4,True,
CP,056 Sst Chodl Gaba,Zfp804b,230,9.6191,99.13,False,True,1.5595,8.0596,9.3453,0.2738,False,PV/SST/NPY interneurons,target,1,UNIQUE_to_subclass,29.3453,5,True,
CP,056 Sst Chodl Gaba,Baiap3,230,5.4972,79.57,False,True,3.8694,1.6278,5.1247,0.3725,False,PV/SST/NPY interneurons,target,1,UNIQUE_to_subclass,25.1247,6,True,
CP,056 Sst Chodl Gaba,Nnat,230,9.8306,99.57,False,True,0.7652,9.0654,5.0928,4.7378,False,PV/SST/NPY interneurons,target,1,UNIQUE_to_subclass,25.0928,7,True,
CP,056 Sst Chodl Gaba,Ptpru,230,5.6536,88.7,False,True,-1.396,7.0496,4.2274,1.4262,False,PV/SST/NPY interneurons,target,1,UNIQUE_to_subclass,24.2274,8,False,"002 IT EP-CLA Glut in same dissection is higher (7.05, 100%)"
CP,056 Sst Chodl Gaba,Sox1,230,7.6433,99.57,False,True,2.4015,5.2418,3.7505,3.8928,False,PV/SST/NPY interneurons,target,1,UNIQUE_to_subclass,23.7505,9,True,
CP,056 Sst Chodl Gaba,Lhx6,230,9.7321,100.0,False,True,2.6944,7.0377,2.9132,6.8189,False,PV/SST/NPY interneurons,target,1,UNIQUE_to_subclass,22.9132,10,True,
CP,056 Sst Chodl Gaba,Sox6,230,10.9577,100.0,False,True,2.4594,8.4983,2.4594,8.4983,False,PV/SST/NPY interneurons,target,1,UNIQUE_to_subclass,22.4594,11,True,
CP,056 Sst Chodl Gaba,Mpped1,230,6.4716,95.22,False,True,-2.0909,8.5625,1.7069,4.7647,False,PV/SST/NPY interneurons,target,1,UNIQUE_to_subclass,21.7069,12,False,"030 L6 CT CTX Glut in same dissection is higher (8.56, 100%)"
CP,058 PAL-STR Gaba-Chol,Slc5a7,30,11.5085,100.0,False,True,11.1035,0.405,11.4618,0.0467,False,Cholinergic interneuron,target,1,UNIQUE_to_subclass,31.4618,1,True,
CP,058 PAL-STR Gaba-Chol,Slc17a8,30,9.2288,100.0,False,True,9.1051,0.1237,9.1051,0.1237,False,Cholinergic interneuron,target,1,UNIQUE_to_subclass,29.1051,2,True,
CP,058 PAL-STR Gaba-Chol,Zic1,30,9.0817,100.0,False,True,0.5238,8.5579,9.0315,0.0502,False,Cholinergic interneuron,target,1,UNIQUE_to_subclass,29.0315,3,True,
CP,058 PAL-STR Gaba-Chol,Chat,30,8.8851,100.0,False,True,8.5681,0.317,8.5681,0.317,False,Cholinergic interneuron,target,1,UNIQUE_to_subclass,28.5681,4,True,
CP,058 PAL-STR Gaba-Chol,Slc18a3,30,7.8383,100.0,False,True,7.8339,0.0044,7.8339,0.0044,False,Cholinergic interneuron,target,1,UNIQUE_to_subclass,27.8339,5,True,
CP,058 PAL-STR Gaba-Chol,Ndnf,30,7.6683,93.33,False,True,7.4341,0.2342,7.4341,0.2342,False,Cholinergic interneuron,target,1,UNIQUE_to_subclass,27.4341,6,True,
CP,058 PAL-STR Gaba-Chol,Ntrk1,30,6.5863,96.67,False,True,6.5791,0.0072,6.5842,0.0021,False,Cholinergic interneuron,target,1,UNIQUE_to_subclass,26.5842,7,True,
CP,058 PAL-STR Gaba-Chol,Lhx8,30,7.7635,96.67,False,True,2.4704,5.2931,5.8171,1.9464,False,Cholinergic interneuron,target,1,UNIQUE_to_subclass,25.8171,8,True,
CP,058 PAL-STR Gaba-Chol,Whrn,30,7.0187,100.0,False,True,2.1542,4.8645,5.6147,1.404,False,Cholinergic interneuron,target,1,UNIQUE_to_subclass,25.6147,9,True,
CP,058 PAL-STR Gaba-Chol,Npnt,30,5.6292,86.67,False,True,4.2067,1.4225,5.0608,0.5684,False,Cholinergic interneuron,target,1,UNIQUE_to_subclass,25.0608,10,True,
CP,058 PAL-STR Gaba-Chol,Isl1,30,7.7811,100.0,False,True,3.8099,3.9712,3.8099,3.9712,False,Cholinergic interneuron,target,1,UNIQUE_to_subclass,23.8099,11,True,
CP,058 PAL-STR Gaba-Chol,Amigo2,30,4.0495,83.33,False,True,2.7279,1.3216,3.7033,0.3462,False,Cholinergic interneuron,target,1,UNIQUE_to_subclass,23.7033,12,True,
CP,061 STR D1 Gaba,Ebf1,16660,7.5246,94.69,False,True,6.9966,0.528,6.9966,0.528,False,Matrix/exopatch SPN,target,1,UNIQUE_to_subclass,26.9966,1,True,
CP,061 STR D1 Gaba,Pdyn,16660,5.335,72.64,False,True,1.264,4.071,3.9346,1.4004,False,Matrix/exopatch SPN,target,1,UNIQUE_to_subclass,23.9346,2,True,
CP,061 STR D1 Gaba,Wfs1,16660,4.2378,68.25,False,True,-1.1504,5.3882,1.5661,2.6717,False,Matrix/exopatch SPN,target,1,UNIQUE_to_subclass,21.5661,3,False,"064 STR-PAL Chst9 Gaba in same dissection is higher (5.39, 74%)"
CP,061 STR D1 Gaba,Reln,16660,8.5248,98.22,False,True,1.2646,7.2602,1.2646,7.2602,False,Matrix/exopatch SPN,target,1,UNIQUE_to_subclass,21.2646,4,True,
CP,061 STR D1 Gaba,Lamp5,16660,5.1401,82.63,False,True,1.0355,4.1046,1.0355,4.1046,False,Matrix/exopatch SPN,target,1,UNIQUE_to_subclass,21.0355,5,True,
CP,061 STR D1 Gaba,Oprk1,16660,2.769,47.76,False,True,-0.9285,3.6975,0.9174,1.8516,False,Matrix/exopatch SPN,target,1,UNIQUE_to_subclass,20.9174,6,False,"002 IT EP-CLA Glut in same dissection is higher (3.70, 59%)"
CP,061 STR D1 Gaba,Crym,16660,2.4472,40.58,False,True,-4.1973,6.6445,0.7245,1.7227,False,Matrix/exopatch SPN,target,1,UNIQUE_to_subclass,20.7245,7,False,"030 L6 CT CTX Glut in same dissection is higher (6.64, 98%)"
CP,062 STR D2 Gaba,Adora2a,18139,9.1964,99.29,False,True,7.8369,1.3595,7.8369,1.3595,False,Matrix/exopatch SPN,target,1,UNIQUE_to_subclass,27.8369,1,True,
CP,062 STR D2 Gaba,Gpr6,18139,6.4522,92.56,False,True,5.7406,0.7116,5.7406,0.7116,False,Matrix/exopatch SPN,target,1,UNIQUE_to_subclass,25.7406,2,True,
CP,062 STR D2 Gaba,Penk,18139,10.3715,99.36,False,True,3.7349,6.6366,3.9162,6.4553,False,Matrix/exopatch SPN,target,1,UNIQUE_to_subclass,23.9162,3,True,
CP,062 STR D2 Gaba,Gpr52,18139,2.7751,49.62,False,True,2.2569,0.5182,2.2569,0.5182,False,Matrix/exopatch SPN,target,1,UNIQUE_to_subclass,22.2569,4,True,
CP,062 STR D2 Gaba,Nts,18139,1.7545,27.43,False,True,1.5004,0.2541,1.5108,0.2437,False,Matrix/exopatch SPN,target,1,UNIQUE_to_subclass,21.5108,5,True,
CP,062 STR D2 Gaba,Pou3f1,18139,6.6122,91.76,False,True,0.6848,5.9274,0.6848,5.9274,False,Matrix/exopatch SPN,target,1,UNIQUE_to_subclass,20.6848,6,True,
CP,063 STR D1 Sema5a Gaba,Spon1,780,8.2363,95.64,False,True,-1.7286,9.9649,6.3101,1.9262,False,Patch/striosome SPN,target,1,UNIQUE_to_subclass,26.3101,1,False,"042 OB-out Frmd7 Gaba in same dissection is higher (9.96, 97%)"
CP,063 STR D1 Sema5a Gaba,Adarb2,780,11.1128,100.0,False,True,0.496,10.6168,5.9362,5.1766,False,Patch/striosome SPN,target,1,UNIQUE_to_subclass,25.9362,2,False,
CP,063 STR D1 Sema5a Gaba,Tshz1,780,9.2921,100.0,False,True,-0.4407,9.7328,5.1934,4.0987,False,Patch/striosome SPN,target,1,UNIQUE_to_subclass,25.1934,3,False,"064 STR-PAL Chst9 Gaba in same dissection is higher (9.73, 100%)"
CP,063 STR D1 Sema5a Gaba,Cacng5,780,5.7326,86.54,False,True,-0.8911,6.6237,4.7478,0.9848,False,Patch/striosome SPN,target,1,UNIQUE_to_subclass,24.747799999999998,4,False,"042 OB-out Frmd7 Gaba in same dissection is higher (6.62, 77%)"
CP,063 STR D1 Sema5a Gaba,Sema5b,780,8.8945,99.49,False,True,2.4227,6.4718,4.2908,4.6037,False,Patch/striosome SPN,target,1,UNIQUE_to_subclass,24.2908,5,True,
CP,063 STR D1 Sema5a Gaba,Otof,780,7.2745,93.72,False,True,2.8914,4.3831,3.3978,3.8767,False,Patch/striosome SPN,target,1,UNIQUE_to_subclass,23.3978,6,True,
CP,063 STR D1 Sema5a Gaba,Nxph4,780,3.1728,51.15,False,True,1.7684,1.4044,3.0601,0.1127,False,Patch/striosome SPN,target,1,UNIQUE_to_subclass,23.0601,7,True,
CP,063 STR D1 Sema5a Gaba,Deptor,780,6.6118,91.15,False,True,1.3384,5.2734,2.9022,3.7096,False,Patch/striosome SPN,target,1,UNIQUE_to_subclass,22.9022,8,True,
CP,063 STR D1 Sema5a Gaba,Col27a1,780,2.9531,51.41,False,True,-0.276,3.2291,2.8335,0.1196,False,Patch/striosome SPN,target,1,UNIQUE_to_subclass,22.8335,9,False,"064 STR-PAL Chst9 Gaba in same dissection is higher (3.23, 50%)"
CP,063 STR D1 Sema5a Gaba,Foxp2,780,11.3748,100.0,False,True,-0.1649,11.5397,2.4746,8.9002,False,Patch/striosome SPN,target,1,UNIQUE_to_subclass,22.4746,10,False,"064 STR-PAL Chst9 Gaba in same dissection is higher (11.54, 100%)"
CP,063 STR D1 Sema5a Gaba,Slc22a3,780,3.8527,64.36,False,True,1.9422,1.9105,2.1541,1.6986,False,Patch/striosome SPN,target,1,UNIQUE_to_subclass,22.1541,11,True,
CP,063 STR D1 Sema5a Gaba,Necab1,780,10.231,99.49,False,True,1.1864,9.0446,1.6257,8.6053,False,Patch/striosome SPN,target,1,UNIQUE_to_subclass,21.6257,12,True,
LM,102 DMH-LHA Gsx1 Gaba,Gsx1,6768,2.6711,43.19,False,True,1.7244,0.9467,2.6567,0.0144,True,Nearby hypothalamic exclusion populations,neighbor_control,1,UNIQUE_to_subclass,122.6567,1,True,
LM,102 DMH-LHA Gsx1 Gaba,Slc32a1,6768,6.0445,81.66,False,True,-1.8713,7.9158,4.961,1.0835,False,Nearby hypothalamic exclusion populations,neighbor_control,1,UNIQUE_to_subclass,24.961,2,False,"057 NDB-SI-MA-STRv Lhx8 Gaba in same dissection is higher (7.92, 98%)"
LM,102 DMH-LHA Gsx1 Gaba,Gad2,6768,8.4517,94.62,False,True,-2.3189,10.7706,4.8777,3.574,False,Nearby hypothalamic exclusion populations,neighbor_control,1,UNIQUE_to_subclass,24.8777,3,False,"059 GPe-SI Sox6 Cyp26b1 Gaba in same dissection is higher (10.77, 100%)"
LM,102 DMH-LHA Gsx1 Gaba,Prox1,6768,6.3721,83.54,False,True,-1.3007,7.6728,4.7169,1.6552,False,Nearby hypothalamic exclusion populations,neighbor_control,1,UNIQUE_to_subclass,24.7169,4,False,"059 GPe-SI Sox6 Cyp26b1 Gaba in same dissection is higher (7.67, 92%)"
LM,102 DMH-LHA Gsx1 Gaba,Gad1,6768,6.8628,87.57,False,True,-3.1948,10.0576,3.6867,3.1761,False,Nearby hypothalamic exclusion populations,neighbor_control,1,UNIQUE_to_subclass,23.686700000000002,5,False,"213 SCsg Gabrr2 Gaba in same dissection is higher (10.06, 100%)"
LM,102 DMH-LHA Gsx1 Gaba,Dlx1,6768,2.6996,40.35,False,True,-4.0145,6.7141,2.5591,0.1405,False,Nearby hypothalamic exclusion populations,neighbor_control,1,UNIQUE_to_subclass,22.5591,6,False,"091 ARH-PVi Six6 Dopa-Gaba in same dissection is higher (6.71, 90%)"
LM,102 DMH-LHA Gsx1 Gaba,Isl1,6768,5.9499,81.44,False,True,-1.3648,7.3147,2.2854,3.6645,False,Nearby hypothalamic exclusion populations,neighbor_control,1,UNIQUE_to_subclass,22.2854,7,False,"142 HY Gnrh1 Glut in same dissection is higher (7.31, 92%)"
LM,102 DMH-LHA Gsx1 Gaba,Foxd2,6768,2.1309,33.41,False,True,-0.4521,2.583,2.1035,0.0274,False,Nearby hypothalamic exclusion populations,neighbor_control,1,UNIQUE_to_subclass,22.1035,8,False,"105 TMd-DMH Foxd2 Gaba in same dissection is higher (2.58, 42%)"
LM,102 DMH-LHA Gsx1 Gaba,Nkx2-4,6768,2.4909,37.49,False,True,-0.5688,3.0597,1.9898,0.5011,False,Nearby hypothalamic exclusion populations,neighbor_control,1,UNIQUE_to_subclass,21.9898,9,False,"123 DMH Nkx2-4 Glut in same dissection is higher (3.06, 47%)"
LM,102 DMH-LHA Gsx1 Gaba,Dlx2,6768,1.5418,25.89,False,True,-2.2078,3.7496,1.4902,0.0516,False,Nearby hypothalamic exclusion populations,neighbor_control,1,UNIQUE_to_subclass,21.4902,10,False,"091 ARH-PVi Six6 Dopa-Gaba in same dissection is higher (3.75, 61%)"
LM,102 DMH-LHA Gsx1 Gaba,Gal,6768,3.0734,39.27,False,True,-2.0598,5.1332,1.3705,1.7029,False,Nearby hypothalamic exclusion populations,neighbor_control,1,UNIQUE_to_subclass,21.3705,11,False,"106 PVpo-VMPO-MPN Hmx2 Gaba in same dissection is higher (5.13, 66%)"
LM,102 DMH-LHA Gsx1 Gaba,Wfs1,6768,2.8089,44.77,False,True,-3.0605,5.8694,1.045,1.7639,False,Nearby hypothalamic exclusion populations,neighbor_control,1,UNIQUE_to_subclass,21.045,12,False,"064 STR-PAL Chst9 Gaba in same dissection is higher (5.87, 78%)"
LM,126 ARH-PVp Tbx3 Glut,Tbx3,4103,4.5506,63.1,False,True,-1.4081,5.9587,4.4736,0.077,True,Nearby hypothalamic exclusion populations,neighbor_control,1,UNIQUE_to_subclass,124.4736,1,False,"108 ARH-PVp Tbx3 Gaba in same dissection is higher (5.96, 80%)"
LM,126 ARH-PVp Tbx3 Glut,Pdyn,4103,5.0648,65.17,False,True,-3.1393,8.2041,3.7853,1.2795,False,Nearby hypothalamic exclusion populations,neighbor_control,1,UNIQUE_to_subclass,23.7853,2,False,"123 DMH Nkx2-4 Glut in same dissection is higher (8.20, 92%)"
LM,126 ARH-PVp Tbx3 Glut,Tcf7l2,4103,2.4336,33.76,False,True,-8.4196,10.8532,2.2889,0.1447,False,Nearby hypothalamic exclusion populations,neighbor_control,1,UNIQUE_to_subclass,22.288899999999998,3,False,"149 PVT-PT Ntrk1 Glut in same dissection is higher (10.85, 100%)"
LM,126 ARH-PVp Tbx3 Glut,Bsx,4103,2.334,36.63,False,True,-3.7901,6.1241,2.2781,0.0559,False,Nearby hypothalamic exclusion populations,neighbor_control,1,UNIQUE_to_subclass,22.2781,4,False,"092 TMv-PMv Tbx3 Hist-Gaba in same dissection is higher (6.12, 86%)"
LM,126 ARH-PVp Tbx3 Glut,Tac2,4103,2.9726,31.83,False,True,-3.8305,6.8031,2.2742,0.6984,False,Nearby hypothalamic exclusion populations,neighbor_control,1,UNIQUE_to_subclass,22.2742,5,False,"088 BST Tac2 Gaba in same dissection is higher (6.80, 75%)"
LM,126 ARH-PVp Tbx3 Glut,Pomc,4103,3.1626,40.73,False,True,-0.1407,3.3033,1.9151,1.2475,False,Nearby hypothalamic exclusion populations,neighbor_control,1,UNIQUE_to_subclass,21.9151,6,False,"142 HY Gnrh1 Glut in same dissection is higher (3.30, 59%)"
LM,126 ARH-PVp Tbx3 Glut,Gpr101,4103,3.834,50.89,False,True,-1.5101,5.3441,1.6808,2.1532,False,Nearby hypothalamic exclusion populations,neighbor_control,1,UNIQUE_to_subclass,21.6808,7,False,"121 MEA-BST Otp Zic2 Glut in same dissection is higher (5.34, 82%)"
LM,126 ARH-PVp Tbx3 Glut,Sox1,4103,1.7127,28.98,False,True,-4.7525,6.4652,1.5613,0.1514,False,Nearby hypothalamic exclusion populations,neighbor_control,1,UNIQUE_to_subclass,21.5613,8,False,"060 OT D3 Folh1 Gaba in same dissection is higher (6.47, 85%)"
LM,126 ARH-PVp Tbx3 Glut,Deptor,4103,3.5809,53.77,False,True,-2.4051,5.986,1.5335,2.0474,False,Nearby hypothalamic exclusion populations,neighbor_control,1,UNIQUE_to_subclass,21.5335,9,False,"059 GPe-SI Sox6 Cyp26b1 Gaba in same dissection is higher (5.99, 83%)"
LM,126 ARH-PVp Tbx3 Glut,Amigo2,4103,3.1315,50.87,False,True,-2.3153,5.4468,0.9467,2.1848,False,Nearby hypothalamic exclusion populations,neighbor_control,1,UNIQUE_to_subclass,20.9467,10,False,"091 ARH-PVi Six6 Dopa-Gaba in same dissection is higher (5.45, 77%)"
LM,126 ARH-PVp Tbx3 Glut,Nhlh2,4103,3.7924,52.08,False,True,-1.6345,5.4269,0.6907,3.1017,False,Nearby hypothalamic exclusion populations,neighbor_control,1,UNIQUE_to_subclass,20.6907,11,False,"142 HY Gnrh1 Glut in same dissection is higher (5.43, 80%)"
LM,126 ARH-PVp Tbx3 Glut,Gfra1,4103,4.5372,60.39,False,True,-2.3968,6.934,0.6246,3.9126,False,Nearby hypothalamic exclusion populations,neighbor_control,1,UNIQUE_to_subclass,20.6246,12,False,"096 PVHd Gsc Gaba in same dissection is higher (6.93, 82%)"
LM,132 AHN-RCH-LHA Otp Fezf1 Glut,Otp,4156,7.2847,91.31,False,True,-0.2572,7.5419,7.0685,0.2162,True,Nearby hypothalamic exclusion populations,neighbor_control,1,UNIQUE_to_subclass,127.0685,1,False,"133 PVH-SO-PVa Otp Glut in same dissection is higher (7.54, 93%)"
LM,132 AHN-RCH-LHA Otp Fezf1 Glut,Fezf1,4156,3.1891,50.1,False,True,-1.5625,4.7516,3.1416,0.0475,True,Nearby hypothalamic exclusion populations,neighbor_control,1,UNIQUE_to_subclass,123.1416,2,False,"128 VMH Fezf1 Glut in same dissection is higher (4.75, 69%)"
LM,132 AHN-RCH-LHA Otp Fezf1 Glut,Zic1,4156,5.8181,73.1,False,True,-3.002,8.8201,5.6679,0.1502,False,Nearby hypothalamic exclusion populations,neighbor_control,1,UNIQUE_to_subclass,25.6679,3,False,"115 MS-SF Bsx Glut in same dissection is higher (8.82, 98%)"
LM,132 AHN-RCH-LHA Otp Fezf1 Glut,Trh,4156,3.8912,46.27,False,True,-3.6796,7.5708,2.8658,1.0254,False,Nearby hypothalamic exclusion populations,neighbor_control,1,UNIQUE_to_subclass,22.8658,4,False,"131 LHA-AHN-PVH Otp Trh Glut in same dissection is higher (7.57, 82%)"
LM,132 AHN-RCH-LHA Otp Fezf1 Glut,Zic2,4156,1.5318,25.96,False,True,-3.0584,4.5902,1.5222,0.0096,False,Nearby hypothalamic exclusion populations,neighbor_control,1,UNIQUE_to_subclass,21.5222,5,False,"142 HY Gnrh1 Glut in same dissection is higher (4.59, 72%)"
LM,132 AHN-RCH-LHA Otp Fezf1 Glut,Map3k15,4156,1.634,27.89,False,True,-0.1156,1.7496,1.1312,0.5028,False,Nearby hypothalamic exclusion populations,neighbor_control,1,UNIQUE_to_subclass,21.1312,6,False,"131 LHA-AHN-PVH Otp Trh Glut in same dissection is higher (1.75, 28%)"
LM,132 AHN-RCH-LHA Otp Fezf1 Glut,Tac1,4156,2.6428,32.82,False,True,-7.1378,9.7806,0.5117,2.1311,False,Nearby hypothalamic exclusion populations,neighbor_control,1,UNIQUE_to_subclass,20.5117,7,False,"060 OT D3 Folh1 Gaba in same dissection is higher (9.78, 100%)"
LM,138 PH Pitx2 Glut,Dmrta2,1795,2.8667,40.0,False,True,-1.9452,4.8119,1.8114,1.0553,False,Lateral mammillary excitatory,target,1,UNIQUE_to_subclass,21.8114,1,False,"159 IF-RL-CLI-PAG Foxa1 Glut in same dissection is higher (4.81, 67%)"
LM,138 PH Pitx2 Glut,Nrgn,1795,5.2772,71.81,False,True,-3.2586,8.5358,1.3226,3.9546,False,Lateral mammillary excitatory,target,1,UNIQUE_to_subclass,21.3226,2,False,"096 PVHd Gsc Gaba in same dissection is higher (8.54, 88%)"
LM,138 PH Pitx2 Glut,Pou3f1,1795,1.6912,26.74,False,True,-5.0013,6.6925,1.1608,0.5304,False,Lateral mammillary excitatory,target,1,UNIQUE_to_subclass,21.160800000000002,3,False,"060 OT D3 Folh1 Gaba in same dissection is higher (6.69, 87%)"
LM,138 PH Pitx2 Glut,Calb2,1795,7.6921,89.92,False,True,-1.5483,9.2404,0.5467,7.1454,False,Lateral mammillary excitatory,target,1,UNIQUE_to_subclass,20.5467,4,False,"149 PVT-PT Ntrk1 Glut in same dissection is higher (9.24, 98%)"
LM,141 PH-SUM Foxa1 Glut,Tcf4,2921,9.188,95.28,False,True,-1.4685,10.6565,2.5549,6.6331,False,Lateral mammillary excitatory,target,1,UNIQUE_to_subclass,22.5549,1,False,"055 STR Lhx8 Gaba in same dissection is higher (10.66, 100%)"
LM,141 PH-SUM Foxa1 Glut,Zfp804b,2921,7.6782,80.04,False,True,-2.126,9.8042,2.4131,5.2651,False,Lateral mammillary excitatory,target,1,UNIQUE_to_subclass,22.4131,2,False,"074 MEA-BST Lhx6 Sp9 Gaba in same dissection is higher (9.80, 92%)"
LM,141 PH-SUM Foxa1 Glut,Barhl2,2921,2.2497,37.18,False,True,-1.9186,4.1683,1.7394,0.5103,False,Lateral mammillary excitatory,target,1,UNIQUE_to_subclass,21.7394,3,False,"092 TMv-PMv Tbx3 Hist-Gaba in same dissection is higher (4.17, 68%)"
LM,141 PH-SUM Foxa1 Glut,Ntsr1,2921,2.0914,33.17,False,True,-2.0134,4.1048,1.4881,0.6033,False,Lateral mammillary excitatory,target,1,UNIQUE_to_subclass,21.4881,4,False,"059 GPe-SI Sox6 Cyp26b1 Gaba in same dissection is higher (4.10, 67%)"
LM,141 PH-SUM Foxa1 Glut,Slc6a1,2921,7.4204,91.95,False,True,-2.5233,9.9437,1.431,5.9894,False,Lateral mammillary excitatory,target,1,UNIQUE_to_subclass,21.431,5,False,"213 SCsg Gabrr2 Gaba in same dissection is higher (9.94, 100%)"
LM,141 PH-SUM Foxa1 Glut,Nfib,2921,3.48,42.93,False,True,-5.4139,8.8939,1.3075,2.1725,False,Lateral mammillary excitatory,target,1,UNIQUE_to_subclass,21.3075,6,False,"064 STR-PAL Chst9 Gaba in same dissection is higher (8.89, 96%)"
LM,141 PH-SUM Foxa1 Glut,Bcl11b,2921,2.063,29.65,False,True,-7.5243,9.5873,1.1081,0.9549,False,Lateral mammillary excitatory,target,1,UNIQUE_to_subclass,21.1081,7,False,"060 OT D3 Folh1 Gaba in same dissection is higher (9.59, 100%)"
LM,141 PH-SUM Foxa1 Glut,Foxp2,2921,3.5573,44.88,False,True,-7.2802,10.8375,1.0728,2.4845,False,Lateral mammillary excitatory,target,1,UNIQUE_to_subclass,21.0728,8,False,"064 STR-PAL Chst9 Gaba in same dissection is higher (10.84, 100%)"
LM,141 PH-SUM Foxa1 Glut,Necab1,2921,3.6961,49.06,False,True,-4.9241,8.6202,0.9252,2.7709,False,Lateral mammillary excitatory,target,1,UNIQUE_to_subclass,20.9252,9,False,"149 PVT-PT Ntrk1 Glut in same dissection is higher (8.62, 96%)"
LM,141 PH-SUM Foxa1 Glut,Nr4a2,2921,6.0303,76.93,False,True,-1.0243,7.0546,0.8585,5.1718,False,Lateral mammillary excitatory,target,1,UNIQUE_to_subclass,20.8585,10,False,"215 SNc-VTA-RAmb Foxa1 Dopa in same dissection is higher (7.05, 90%)"
LM,141 PH-SUM Foxa1 Glut,Mpped1,2921,3.5323,51.8,False,True,-3.8977,7.43,0.8398,2.6925,False,Lateral mammillary excitatory,target,1,UNIQUE_to_subclass,20.8398,11,False,"056 Sst Chodl Gaba in same dissection is higher (7.43, 96%)"
LM,141 PH-SUM Foxa1 Glut,Oprm1,2921,5.1031,71.59,False,True,-2.6326,7.7357,0.786,4.3171,False,Lateral mammillary excitatory,target,1,UNIQUE_to_subclass,20.786,12,False,"064 STR-PAL Chst9 Gaba in same dissection is higher (7.74, 94%)"
LM,143 MM-ant Foxb1 Glut,Nts,5437,3.3898,47.93,False,True,-0.8824,4.2722,2.2807,1.1091,False,Nearby hypothalamic exclusion populations,neighbor_control,1,UNIQUE_to_subclass,22.2807,1,False,"085 SI-MPO-LPO Lhx8 Gaba in same dissection is higher (4.27, 53%)"
LM,143 MM-ant Foxb1 Glut,Pnoc,5437,3.4157,54.42,False,True,-2.3903,5.806,1.7296,1.6861,False,Nearby hypothalamic exclusion populations,neighbor_control,1,UNIQUE_to_subclass,21.7296,2,False,"142 HY Gnrh1 Glut in same dissection is higher (5.81, 81%)"
LM,143 MM-ant Foxb1 Glut,Pcp4,5437,11.773,100.0,False,True,-0.63,12.403,1.5219,10.2511,False,Nearby hypothalamic exclusion populations,neighbor_control,1,UNIQUE_to_subclass,21.5219,3,False,"151 TH Prkcd Grin2c Glut in same dissection is higher (12.40, 100%)"
LM,143 MM-ant Foxb1 Glut,Otof,5437,3.0396,47.82,False,True,-2.3264,5.366,1.172,1.8676,False,Nearby hypothalamic exclusion populations,neighbor_control,1,UNIQUE_to_subclass,21.172,4,False,"091 ARH-PVi Six6 Dopa-Gaba in same dissection is higher (5.37, 73%)"
LM,143 MM-ant Foxb1 Glut,Calb1,5437,8.4039,95.75,False,True,0.1949,8.209,1.1104,7.2935,False,Nearby hypothalamic exclusion populations,neighbor_control,1,UNIQUE_to_subclass,21.1104,5,False,
LM,143 MM-ant Foxb1 Glut,Tshz2,5437,8.9358,97.33,False,True,-0.91,9.8458,0.9893,7.9465,False,Nearby hypothalamic exclusion populations,neighbor_control,1,UNIQUE_to_subclass,20.9893,6,False,"059 GPe-SI Sox6 Cyp26b1 Gaba in same dissection is higher (9.85, 100%)"
LM,143 MM-ant Foxb1 Glut,Rprm,5437,8.7065,97.96,False,True,0.6355,8.071,0.6355,8.071,False,Nearby hypothalamic exclusion populations,neighbor_control,1,UNIQUE_to_subclass,20.6355,7,True,
LM,144 MM Foxb1 Glut,Cnih3,8270,7.1085,89.79,False,True,1.8239,5.2846,2.4743,4.6342,False,Nearby hypothalamic exclusion populations,neighbor_control,1,UNIQUE_to_subclass,22.4743,1,True,
LM,144 MM Foxb1 Glut,Pde1c,8270,7.4285,89.3,False,True,0.3057,7.1228,1.8963,5.5322,False,Nearby hypothalamic exclusion populations,neighbor_control,1,UNIQUE_to_subclass,21.8963,2,False,
LM,144 MM Foxb1 Glut,Rorb,8270,7.9149,94.68,False,True,-1.6597,9.5746,1.8917,6.0232,False,Nearby hypothalamic exclusion populations,neighbor_control,1,UNIQUE_to_subclass,21.8917,3,False,"094 SCH Six6 Cdc14a Gaba in same dissection is higher (9.57, 90%)"
LM,144 MM Foxb1 Glut,Maf,8270,3.0291,50.4,False,True,-0.2917,3.3208,1.8888,1.1403,False,Nearby hypothalamic exclusion populations,neighbor_control,1,UNIQUE_to_subclass,21.8888,4,False,"059 GPe-SI Sox6 Cyp26b1 Gaba in same dissection is higher (3.32, 53%)"
LM,144 MM Foxb1 Glut,Npnt,8270,3.0879,52.55,False,True,0.9278,2.1601,1.2447,1.8432,False,Nearby hypothalamic exclusion populations,neighbor_control,1,UNIQUE_to_subclass,21.2447,5,True,
LM,144 MM Foxb1 Glut,Pvalb,8270,4.6436,66.37,False,True,-0.9746,5.6182,1.1278,3.5158,False,Nearby hypothalamic exclusion populations,neighbor_control,1,UNIQUE_to_subclass,21.1278,6,False,"093 RT-ZI Gnb3 Gaba in same dissection is higher (5.62, 58%)"
LM,144 MM Foxb1 Glut,Thsd7b,8270,6.5204,84.84,False,True,-3.0482,9.5686,1.0879,5.4325,False,Nearby hypothalamic exclusion populations,neighbor_control,1,UNIQUE_to_subclass,21.0879,7,False,"088 BST Tac2 Gaba in same dissection is higher (9.57, 97%)"
LM,144 MM Foxb1 Glut,Cck,8270,6.9617,92.48,False,True,-2.0979,9.0596,1.0723,5.8894,False,Nearby hypothalamic exclusion populations,neighbor_control,1,UNIQUE_to_subclass,21.0723,8,False,"151 TH Prkcd Grin2c Glut in same dissection is higher (9.06, 99%)"
LM,144 MM Foxb1 Glut,Adcyap1,8270,8.8088,98.48,False,True,0.9709,7.8379,0.9709,7.8379,False,Nearby hypothalamic exclusion populations,neighbor_control,1,UNIQUE_to_subclass,20.9709,9,True,
LM,144 MM Foxb1 Glut,Adarb2,8270,9.7035,98.88,False,True,-1.0682,10.7717,0.8705,8.833,False,Nearby hypothalamic exclusion populations,neighbor_control,1,UNIQUE_to_subclass,20.8705,10,False,"057 NDB-SI-MA-STRv Lhx8 Gaba in same dissection is higher (10.77, 99%)"
LM,144 MM Foxb1 Glut,Cux2,8270,6.2194,87.01,False,True,-0.3619,6.5813,0.7656,5.4538,False,Nearby hypothalamic exclusion populations,neighbor_control,1,UNIQUE_to_subclass,20.7656,11,False,"151 TH Prkcd Grin2c Glut in same dissection is higher (6.58, 94%)"
LM,144 MM Foxb1 Glut,Cartpt,8270,7.5952,94.82,False,True,0.6774,6.9178,0.6774,6.9178,False,Nearby hypothalamic exclusion populations,neighbor_control,1,UNIQUE_to_subclass,20.6774,12,True,
ORBm,004 L6 IT CTX Glut,Oprk1,11338,2.4562,37.41,False,True,-4.6323,7.0885,2.0452,0.411,False,L6 CT / L6b,target,1,UNIQUE_to_subclass,22.0452,1,False,"001 CLA-EPd-CTX Car3 Glut in same dissection is higher (7.09, 90%)"
ORBm,004 L6 IT CTX Glut,Nnat,11338,6.5697,77.23,False,True,-2.4628,9.0325,1.3709,5.1988,False,L6 CT / L6b,target,1,UNIQUE_to_subclass,21.3709,2,False,"002 IT EP-CLA Glut in same dissection is higher (9.03, 95%)"
ORBm,004 L6 IT CTX Glut,Ptpru,11338,4.4273,66.65,False,True,-2.1639,6.5912,0.7496,3.6777,False,L6 CT / L6b,target,1,UNIQUE_to_subclass,20.7496,3,False,"001 CLA-EPd-CTX Car3 Glut in same dissection is higher (6.59, 92%)"
ORBm,006 L4/5 IT CTX Glut,Rorb,14152,8.5546,96.38,False,True,2.2252,6.3294,2.2252,6.3294,False,L4/5 IT excitatory,target,1,UNIQUE_to_subclass,22.2252,1,True,
ORBm,006 L4/5 IT CTX Glut,Coch,14152,3.4341,56.74,False,True,-0.5325,3.9666,1.8647,1.5694,False,L4/5 IT excitatory,target,1,UNIQUE_to_subclass,21.8647,2,False,"001 CLA-EPd-CTX Car3 Glut in same dissection is higher (3.97, 63%)"
ORBm,006 L4/5 IT CTX Glut,Cnih3,14152,7.3769,94.22,False,True,-0.0621,7.439,0.7934,6.5835,False,L4/5 IT excitatory,target,1,UNIQUE_to_subclass,20.7934,3,False,"003 L5/6 IT TPE-ENT Glut in same dissection is higher (7.44, 96%)"
ORBm,006 L4/5 IT CTX Glut,Deptor,14152,3.4992,54.74,False,True,-1.3188,4.818,0.7557,2.7435,False,L4/5 IT excitatory,target,1,UNIQUE_to_subclass,20.7557,4,False,"064 STR-PAL Chst9 Gaba in same dissection is higher (4.82, 60%)"
ORBm,006 L4/5 IT CTX Glut,Slc30a3,14152,5.9645,84.67,False,True,0.6768,5.2877,0.6768,5.2877,False,L4/5 IT excitatory,target,1,UNIQUE_to_subclass,20.6768,5,True,
ORBm,007 L2/3 IT CTX Glut,Otof,8869,2.9231,46.51,False,True,-1.9038,4.8269,2.4647,0.4584,False,L2/3 IT excitatory,target,1,UNIQUE_to_subclass,22.4647,1,False,"063 STR D1 Sema5a Gaba in same dissection is higher (4.83, 62%)"
ORBm,007 L2/3 IT CTX Glut,Cux2,8869,7.3805,94.73,False,True,0.9382,6.4423,2.0028,5.3777,False,L2/3 IT excitatory,target,1,UNIQUE_to_subclass,22.0028,2,True,
ORBm,007 L2/3 IT CTX Glut,Matn2,8869,4.6508,68.44,False,True,0.6408,4.01,1.7314,2.9194,False,L2/3 IT excitatory,target,1,UNIQUE_to_subclass,21.7314,3,True,
ORBm,007 L2/3 IT CTX Glut,Wfs1,8869,5.0945,72.98,False,True,1.022,4.0725,1.2203,3.8742,False,L2/3 IT excitatory,target,1,UNIQUE_to_subclass,21.2203,4,True,
ORBm,007 L2/3 IT CTX Glut,Gpr88,8869,4.1194,65.2,False,True,-6.2169,10.3363,0.8286,3.2908,False,L2/3 IT excitatory,target,1,UNIQUE_to_subclass,20.8286,5,False,"063 STR D1 Sema5a Gaba in same dissection is higher (10.34, 100%)"
ORBm,022 L5 ET CTX Glut,Pou3f1,3739,7.0529,92.06,False,True,2.7341,4.3188,4.5654,2.4875,False,L5 IT / L5 ET/PT output neurons,target,1,UNIQUE_to_subclass,24.5654,1,True,
ORBm,022 L5 ET CTX Glut,Lratd2,3739,2.789,47.26,False,True,2.3297,0.4593,2.4815,0.3075,False,L5 IT / L5 ET/PT output neurons,target,1,UNIQUE_to_subclass,22.4815,2,True,
ORBm,022 L5 ET CTX Glut,Vat1l,3739,6.2066,87.88,False,True,1.1018,5.1048,1.1018,5.1048,False,L5 IT / L5 ET/PT output neurons,target,1,UNIQUE_to_subclass,21.1018,3,True,
ORBm,022 L5 ET CTX Glut,Fezf2,3739,7.1323,94.12,False,True,0.6297,6.5026,0.6297,6.5026,False,L5 IT / L5 ET/PT output neurons,target,1,UNIQUE_to_subclass,20.6297,4,True,
ORBm,029 L6b CTX Glut,Nxph4,1586,4.9133,65.45,False,True,1.3618,3.5515,4.6146,0.2987,False,L6 CT / L6b,target,1,UNIQUE_to_subclass,24.6146,1,True,
ORBm,029 L6b CTX Glut,Ccn2,1586,6.1371,76.92,False,True,4.1362,2.0009,4.1362,2.0009,False,L6 CT / L6b,target,1,UNIQUE_to_subclass,24.1362,2,True,
ORBm,029 L6b CTX Glut,Gfra1,1586,3.6567,55.74,False,True,-4.4795,8.1362,1.9874,1.6693,False,L6 CT / L6b,target,1,UNIQUE_to_subclass,21.9874,3,False,"001 CLA-EPd-CTX Car3 Glut in same dissection is higher (8.14, 98%)"
ORBm,029 L6b CTX Glut,Drd1,1586,4.3575,67.21,False,True,-3.9447,8.3022,1.6799,2.6776,False,L6 CT / L6b,target,1,UNIQUE_to_subclass,21.6799,4,False,"061 STR D1 Gaba in same dissection is higher (8.30, 96%)"
ORBm,029 L6b CTX Glut,Rai14,1586,6.4099,86.51,False,True,1.2701,5.1398,1.6249,4.785,False,L6 CT / L6b,target,1,UNIQUE_to_subclass,21.6249,5,True,
ORBm,029 L6b CTX Glut,Nr4a2,1586,3.91,57.69,False,True,-6.6231,10.5331,1.336,2.574,False,L6 CT / L6b,target,1,UNIQUE_to_subclass,21.336,6,False,"001 CLA-EPd-CTX Car3 Glut in same dissection is higher (10.53, 100%)"
ORBm,029 L6b CTX Glut,Oprm1,1586,5.5076,80.26,False,True,-0.0946,5.6022,0.7291,4.7785,False,L6 CT / L6b,target,1,UNIQUE_to_subclass,20.7291,7,False,"064 STR-PAL Chst9 Gaba in same dissection is higher (5.60, 69%)"
ORBm,029 L6b CTX Glut,Sema5b,1586,5.4484,75.85,False,True,-2.6716,8.12,0.5204,4.928,False,L6 CT / L6b,target,1,UNIQUE_to_subclass,20.5204,8,False,"063 STR D1 Sema5a Gaba in same dissection is higher (8.12, 93%)"
ORBm,030 L6 CT CTX Glut,Syt6,21453,6.9018,91.71,False,True,-0.6973,7.5991,3.7585,3.1433,False,L6 CT / L6b,target,1,UNIQUE_to_subclass,23.7585,1,False,"041 OB-in Frmd7 Gaba in same dissection is higher (7.60, 82%)"
ORBm,030 L6 CT CTX Glut,Foxp2,21453,8.4979,98.67,False,True,-3.0325,11.5304,3.1231,5.3748,False,L6 CT / L6b,target,1,UNIQUE_to_subclass,23.1231,2,False,"063 STR D1 Sema5a Gaba in same dissection is higher (11.53, 100%)"
ORBm,030 L6 CT CTX Glut,Rprm,21453,7.3826,91.26,False,True,2.4924,4.8902,2.4924,4.8902,False,L6 CT / L6b,target,1,UNIQUE_to_subclass,22.4924,3,True,
ORBm,030 L6 CT CTX Glut,Sla,21453,4.4965,68.07,False,True,1.656,2.8405,1.656,2.8405,False,L6 CT / L6b,target,1,UNIQUE_to_subclass,21.656,4,True,
ORBm,030 L6 CT CTX Glut,Cyp26b1,21453,1.7606,27.17,False,True,1.2529,0.5077,1.6122,0.1484,False,L6 CT / L6b,target,1,UNIQUE_to_subclass,21.6122,5,True,
ORBm,030 L6 CT CTX Glut,Thsd7b,21453,7.399,91.8,False,True,-2.8155,10.2145,1.5868,5.8122,False,L6 CT / L6b,target,1,UNIQUE_to_subclass,21.5868,6,False,"039 OB Meis2 Thsd7b Gaba in same dissection is higher (10.21, 94%)"
ORBm,030 L6 CT CTX Glut,Zfhx3,21453,2.4413,39.69,False,True,-2.3876,4.8289,0.9455,1.4958,False,L6 CT / L6b,target,1,UNIQUE_to_subclass,20.9455,7,False,"062 STR D2 Gaba in same dissection is higher (4.83, 62%)"
ORBm,030 L6 CT CTX Glut,Ppp1r1b,21453,4.9494,73.33,False,True,-5.1116,10.061,0.8425,4.1069,False,L6 CT / L6b,target,1,UNIQUE_to_subclass,20.8425,8,False,"062 STR D2 Gaba in same dissection is higher (10.06, 100%)"
ORBm,032 L5 NP CTX Glut,Tshz2,3988,11.9126,99.95,False,True,4.049,7.8636,8.835,3.0776,False,L5 IT / L5 ET/PT output neurons,target,1,UNIQUE_to_subclass,28.835,1,True,
ORBm,032 L5 NP CTX Glut,Trhr,3988,5.3169,71.16,False,True,3.0481,2.2688,4.2905,1.0264,False,L5 IT / L5 ET/PT output neurons,target,1,UNIQUE_to_subclass,24.2905,2,True,
ORBm,032 L5 NP CTX Glut,Slc17a6,3988,5.1342,70.69,False,True,-0.5268,5.661,3.5241,1.6101,False,L5 IT / L5 ET/PT output neurons,target,1,UNIQUE_to_subclass,23.5241,3,False,"036 HPF CR Glut in same dissection is higher (5.66, 69%)"
ORBm,032 L5 NP CTX Glut,Etv1,3988,9.8937,99.82,False,True,1.7039,8.1898,3.1587,6.735,False,L5 IT / L5 ET/PT output neurons,target,1,UNIQUE_to_subclass,23.1587,4,True,
ORBm,032 L5 NP CTX Glut,Amigo2,3988,3.2756,48.87,False,True,0.9212,2.3544,1.7482,1.5274,False,L5 IT / L5 ET/PT output neurons,target,1,UNIQUE_to_subclass,21.7482,5,True,
ORBm,032 L5 NP CTX Glut,Slc17a8,3988,1.8377,26.35,False,True,0.8487,0.989,1.5795,0.2582,False,L5 IT / L5 ET/PT output neurons,target,1,UNIQUE_to_subclass,21.5795,6,True,
ORBm,032 L5 NP CTX Glut,Spon1,3988,7.7505,92.73,False,True,-1.888,9.6385,1.136,6.6145,False,L5 IT / L5 ET/PT output neurons,target,1,UNIQUE_to_subclass,21.136,7,False,"042 OB-out Frmd7 Gaba in same dissection is higher (9.64, 97%)"
ORBm,046 Vip Gaba,Vip,3277,10.6763,92.86,False,True,6.0366,4.6397,10.0631,0.6132,True,Cortical interneurons,target,1,UNIQUE_to_subclass,130.06310000000002,1,True,
ORBm,046 Vip Gaba,Calb2,3277,5.3505,64.63,False,True,-5.3913,10.7418,4.2359,1.1146,False,Cortical interneurons,target,1,UNIQUE_to_subclass,24.2359,2,False,"042 OB-out Frmd7 Gaba in same dissection is higher (10.74, 97%)"
ORBm,046 Vip Gaba,Tac2,3277,4.2275,47.67,False,True,-0.5728,4.8003,3.6808,0.5467,False,Cortical interneurons,target,1,UNIQUE_to_subclass,23.6808,3,False,"047 Sncg Gaba in same dissection is higher (4.80, 56%)"
ORBm,046 Vip Gaba,Crh,3277,4.9587,56.55,False,True,3.4502,1.5085,3.5482,1.4105,False,Cortical interneurons,target,1,UNIQUE_to_subclass,23.5482,4,True,
ORBm,046 Vip Gaba,Slc5a7,3277,3.1711,41.41,False,True,-0.9177,4.0888,3.1491,0.022,False,Cortical interneurons,target,1,UNIQUE_to_subclass,23.1491,5,False,"056 Sst Chodl Gaba in same dissection is higher (4.09, 58%)"
ORBm,046 Vip Gaba,Penk,3277,4.9753,60.51,False,True,-5.2549,10.2302,2.9263,2.049,False,Cortical interneurons,target,1,UNIQUE_to_subclass,22.9263,6,False,"062 STR D2 Gaba in same dissection is higher (10.23, 97%)"
ORBm,046 Vip Gaba,Htr3a,3277,2.9874,39.85,False,True,-3.1065,6.0939,2.2411,0.7463,False,Cortical interneurons,target,1,UNIQUE_to_subclass,22.2411,7,False,"047 Sncg Gaba in same dissection is higher (6.09, 76%)"
ORBm,046 Vip Gaba,Cnr1,3277,9.5271,98.47,False,True,-2.6354,12.1625,2.0832,7.4439,False,Cortical interneurons,target,1,UNIQUE_to_subclass,22.0832,8,False,"047 Sncg Gaba in same dissection is higher (12.16, 100%)"
ORBm,046 Vip Gaba,Nr2e1,3277,2.8867,41.53,False,True,1.0142,1.8725,1.6476,1.2391,False,Cortical interneurons,target,1,UNIQUE_to_subclass,21.6476,9,True,
ORBm,046 Vip Gaba,Dlx1,3277,6.3938,80.74,False,True,0.589,5.8048,1.6359,4.7579,False,Cortical interneurons,target,1,UNIQUE_to_subclass,21.6359,10,True,
ORBm,046 Vip Gaba,Prox1,3277,7.5814,89.32,False,True,1.3987,6.1827,1.3987,6.1827,False,Cortical interneurons,target,1,UNIQUE_to_subclass,21.3987,11,True,
ORBm,046 Vip Gaba,Adarb2,3277,12.7518,100.0,False,True,-0.7079,13.4597,1.1295,11.6223,False,Cortical interneurons,target,1,UNIQUE_to_subclass,21.1295,12,False,"047 Sncg Gaba in same dissection is higher (13.46, 100%)"
ORBm,049 Lamp5 Gaba,Lamp5,2339,7.9715,91.49,False,True,-0.3713,8.3428,1.5323,6.4392,True,Cortical interneurons,target,1,UNIQUE_to_subclass,121.5323,1,False,"050 Lamp5 Lhx6 Gaba in same dissection is higher (8.34, 98%)"
ORBm,049 Lamp5 Gaba,Ndnf,2339,4.8516,54.47,False,True,-5.3688,10.2204,4.3188,0.5328,False,Cortical interneurons,target,1,UNIQUE_to_subclass,24.3188,2,False,"036 HPF CR Glut in same dissection is higher (10.22, 97%)"
ORBm,049 Lamp5 Gaba,Npy,2339,9.3641,88.03,False,True,-2.7344,12.0985,3.6126,5.7515,False,Cortical interneurons,target,1,UNIQUE_to_subclass,23.6126,3,False,"056 Sst Chodl Gaba in same dissection is higher (12.10, 100%)"
ORBm,049 Lamp5 Gaba,Pnoc,2339,6.4288,81.45,False,True,-0.7769,7.2057,3.4629,2.9659,False,Cortical interneurons,target,1,UNIQUE_to_subclass,23.4629,4,False,"050 Lamp5 Lhx6 Gaba in same dissection is higher (7.21, 90%)"
ORBm,049 Lamp5 Gaba,Tnnt1,2339,3.1123,43.57,False,True,0.5948,2.5175,2.8523,0.26,False,Cortical interneurons,target,1,UNIQUE_to_subclass,22.8523,5,True,
ORBm,049 Lamp5 Gaba,Cplx3,2339,6.9994,89.1,False,True,1.6574,5.342,1.6574,5.342,False,Cortical interneurons,target,1,UNIQUE_to_subclass,21.6574,6,True,
ORBm,049 Lamp5 Gaba,Gad2,2339,11.4424,100.0,False,True,0.187,11.2554,1.4457,9.9967,False,Cortical interneurons,target,1,UNIQUE_to_subclass,21.4457,7,False,
ORBm,049 Lamp5 Gaba,Gad1,2339,10.867,99.96,False,True,-0.1932,11.0602,1.2319,9.6351,False,Cortical interneurons,target,1,UNIQUE_to_subclass,21.2319,8,False,"050 Lamp5 Lhx6 Gaba in same dissection is higher (11.06, 100%)"
ORBm,049 Lamp5 Gaba,Nos1,2339,4.495,63.87,False,True,-7.2164,11.7114,1.1839,3.3111,False,Cortical interneurons,target,1,UNIQUE_to_subclass,21.1839,9,False,"056 Sst Chodl Gaba in same dissection is higher (11.71, 98%)"
ORBm,049 Lamp5 Gaba,Sema5a,2339,8.1777,91.11,False,True,1.1613,7.0164,1.1613,7.0164,False,Cortical interneurons,target,1,UNIQUE_to_subclass,21.1613,10,True,
ORBm,049 Lamp5 Gaba,Necab1,2339,7.7226,90.81,False,True,-2.2381,9.9607,0.9982,6.7244,False,Cortical interneurons,target,1,UNIQUE_to_subclass,20.9982,11,False,"063 STR D1 Sema5a Gaba in same dissection is higher (9.96, 97%)"
ORBm,049 Lamp5 Gaba,Maf,2339,7.6504,91.45,False,True,-1.5029,9.1533,0.9647,6.6857,False,Cortical interneurons,target,1,UNIQUE_to_subclass,20.9647,12,False,"050 Lamp5 Lhx6 Gaba in same dissection is higher (9.15, 100%)"
ORBm,052 Pvalb Gaba,Pvalb,2869,6.1795,71.28,False,True,1.3,4.8795,5.5782,0.6013,True,Cortical interneurons,target,1,UNIQUE_to_subclass,125.5782,1,True,
ORBm,052 Pvalb Gaba,Tac1,2869,5.7798,70.06,False,True,-4.5075,10.2873,5.454,0.3258,False,Cortical interneurons,target,1,UNIQUE_to_subclass,25.454,2,False,"063 STR D1 Sema5a Gaba in same dissection is higher (10.29, 98%)"
ORBm,052 Pvalb Gaba,Cartpt,2869,3.9444,54.2,False,True,1.2228,2.7216,1.984,1.9604,False,Cortical interneurons,target,1,UNIQUE_to_subclass,21.984,3,True,
ORBm,052 Pvalb Gaba,Cux1,2869,5.843,82.05,False,True,-1.9179,7.7609,1.0699,4.7731,False,Cortical interneurons,target,1,UNIQUE_to_subclass,21.0699,4,False,"001 CLA-EPd-CTX Car3 Glut in same dissection is higher (7.76, 95%)"
ORBm,052 Pvalb Gaba,Moxd1,2869,4.0891,54.27,False,True,0.8168,3.2723,0.8168,3.2723,False,Cortical interneurons,target,1,UNIQUE_to_subclass,20.8168,5,True,
ORBm,052 Pvalb Gaba,Zfp804b,2869,8.154,89.02,False,True,-3.5229,11.6769,0.6561,7.4979,False,Cortical interneurons,target,1,UNIQUE_to_subclass,20.6561,6,False,"051 Pvalb chandelier Gaba in same dissection is higher (11.68, 100%)"
ORBm,053 Sst Gaba,Sst,5377,10.9578,99.05,False,True,-0.927,11.8848,8.1146,2.8432,True,Cortical interneurons,target,1,UNIQUE_to_subclass,128.1146,1,False,"056 Sst Chodl Gaba in same dissection is higher (11.88, 100%)"
ORBm,053 Sst Gaba,Baiap3,5377,2.9086,42.07,False,True,0.9603,1.9483,2.1649,0.7437,False,Cortical interneurons,target,1,UNIQUE_to_subclass,22.1649,2,True,
ORBm,053 Sst Gaba,Fibcd1,5377,1.9915,31.62,False,True,-1.7173,3.7088,1.4822,0.5093,False,Cortical interneurons,target,1,UNIQUE_to_subclass,21.4822,3,False,"044 OB Dopa-Gaba in same dissection is higher (3.71, 46%)"
RE,093 RT-ZI Gnb3 Gaba,Pvalb,7452,10.2935,95.14,False,True,6.8039,3.4896,8.6004,1.6931,False,Reticular/inhibitory thalamic exclusion,neighbor_control,1,UNIQUE_to_subclass,28.6004,1,True,
RE,093 RT-ZI Gnb3 Gaba,Meis2,7452,8.7816,93.59,False,True,-2.9828,11.7644,8.5668,0.2148,False,Reticular/inhibitory thalamic exclusion,neighbor_control,1,UNIQUE_to_subclass,28.5668,2,False,"064 STR-PAL Chst9 Gaba in same dissection is higher (11.76, 100%)"
RE,093 RT-ZI Gnb3 Gaba,Six3,7452,9.418,97.24,False,True,0.8942,8.5238,8.241,1.177,False,Reticular/inhibitory thalamic exclusion,neighbor_control,1,UNIQUE_to_subclass,28.241,3,True,
RE,093 RT-ZI Gnb3 Gaba,Isl1,7452,6.5546,86.57,False,True,0.7283,5.8263,6.4709,0.0837,False,Reticular/inhibitory thalamic exclusion,neighbor_control,1,UNIQUE_to_subclass,26.4709,4,True,
RE,093 RT-ZI Gnb3 Gaba,Sst,7452,7.4315,77.47,False,True,3.9043,3.5272,5.7129,1.7186,False,Reticular/inhibitory thalamic exclusion,neighbor_control,1,UNIQUE_to_subclass,25.7129,5,True,
RE,093 RT-ZI Gnb3 Gaba,Gfra1,7452,6.235,79.39,False,True,-2.9487,9.1837,4.3136,1.9214,False,Reticular/inhibitory thalamic exclusion,neighbor_control,1,UNIQUE_to_subclass,24.3136,6,False,"145 MH Tac2 Glut in same dissection is higher (9.18, 93%)"
RE,093 RT-ZI Gnb3 Gaba,Cplx3,7452,3.8347,52.76,False,True,-5.7684,9.6031,3.7709,0.0638,False,Reticular/inhibitory thalamic exclusion,neighbor_control,1,UNIQUE_to_subclass,23.7709,7,False,"262 Pineal Crx Glut in same dissection is higher (9.60, 99%)"
RE,093 RT-ZI Gnb3 Gaba,Npy,7452,3.6267,48.05,False,True,2.2014,1.4253,3.1693,0.4574,False,Reticular/inhibitory thalamic exclusion,neighbor_control,1,UNIQUE_to_subclass,23.1693,8,True,
RE,093 RT-ZI Gnb3 Gaba,Vat1l,7452,7.5539,91.63,False,True,-1.1016,8.6555,2.2029,5.351,False,Reticular/inhibitory thalamic exclusion,neighbor_control,1,UNIQUE_to_subclass,22.2029,9,False,"145 MH Tac2 Glut in same dissection is higher (8.66, 98%)"
RE,093 RT-ZI Gnb3 Gaba,Trh,7452,2.2236,31.32,False,True,0.6439,1.5797,2.182,0.0416,False,Reticular/inhibitory thalamic exclusion,neighbor_control,1,UNIQUE_to_subclass,22.182,10,True,
RE,093 RT-ZI Gnb3 Gaba,Wfs1,7452,4.0045,59.23,False,True,-3.6445,7.649,2.1249,1.8796,False,Reticular/inhibitory thalamic exclusion,neighbor_control,1,UNIQUE_to_subclass,22.1249,11,False,"061 STR D1 Gaba in same dissection is higher (7.65, 100%)"
RE,093 RT-ZI Gnb3 Gaba,Cdh13,7452,8.5251,92.07,False,True,-1.3012,9.8263,2.1199,6.4052,False,Reticular/inhibitory thalamic exclusion,neighbor_control,1,UNIQUE_to_subclass,22.1199,12,False,"110 BST-po Iigp1 Glut in same dissection is higher (9.83, 97%)"
RE,109 LGv-ZI Otx2 Gaba,Otx2,4380,3.0026,45.25,False,True,-4.6354,7.638,2.7193,0.2833,True,Reticular/inhibitory thalamic exclusion,neighbor_control,1,UNIQUE_to_subclass,122.7193,1,False,"213 SCsg Gabrr2 Gaba in same dissection is higher (7.64, 91%)"
RE,109 LGv-ZI Otx2 Gaba,Reln,4380,5.8856,72.95,False,True,-2.6458,8.5314,5.7859,0.0997,False,Reticular/inhibitory thalamic exclusion,neighbor_control,1,UNIQUE_to_subclass,25.785899999999998,2,False,"213 SCsg Gabrr2 Gaba in same dissection is higher (8.53, 94%)"
RE,109 LGv-ZI Otx2 Gaba,Nos1,4380,4.3883,59.18,False,True,-1.0455,5.4338,3.6127,0.7756,False,Reticular/inhibitory thalamic exclusion,neighbor_control,1,UNIQUE_to_subclass,23.6127,3,False,"117 LHA Barhl2 Glut in same dissection is higher (5.43, 62%)"
RE,109 LGv-ZI Otx2 Gaba,Syt6,4380,4.4743,61.6,False,True,-3.5759,8.0502,2.8123,1.662,False,Reticular/inhibitory thalamic exclusion,neighbor_control,1,UNIQUE_to_subclass,22.8123,4,False,"145 MH Tac2 Glut in same dissection is higher (8.05, 94%)"
RE,109 LGv-ZI Otx2 Gaba,Sp9,4380,3.4469,53.01,False,True,-0.2413,3.6882,2.6779,0.769,False,Reticular/inhibitory thalamic exclusion,neighbor_control,1,UNIQUE_to_subclass,22.6779,5,False,"064 STR-PAL Chst9 Gaba in same dissection is higher (3.69, 52%)"
RE,109 LGv-ZI Otx2 Gaba,Baiap3,4380,3.3787,47.58,False,True,-4.0881,7.4668,2.2478,1.1309,False,Reticular/inhibitory thalamic exclusion,neighbor_control,1,UNIQUE_to_subclass,22.247799999999998,6,False,"141 PH-SUM Foxa1 Glut in same dissection is higher (7.47, 93%)"
RE,109 LGv-ZI Otx2 Gaba,Lhx1,4380,2.5242,37.79,False,True,-1.8715,4.3957,2.2443,0.2799,False,Reticular/inhibitory thalamic exclusion,neighbor_control,1,UNIQUE_to_subclass,22.2443,7,False,"213 SCsg Gabrr2 Gaba in same dissection is higher (4.40, 62%)"
RE,109 LGv-ZI Otx2 Gaba,Slc6a1,4380,7.6973,93.08,False,True,-2.1157,9.813,1.9021,5.7952,False,Reticular/inhibitory thalamic exclusion,neighbor_control,1,UNIQUE_to_subclass,21.9021,8,False,"213 SCsg Gabrr2 Gaba in same dissection is higher (9.81, 99%)"
RE,109 LGv-ZI Otx2 Gaba,Gpr101,4380,1.957,30.07,False,True,-1.91,3.867,1.8701,0.0869,False,Reticular/inhibitory thalamic exclusion,neighbor_control,1,UNIQUE_to_subclass,21.8701,9,False,"134 PH-ant-LHA Otp Bsx Glut in same dissection is higher (3.87, 52%)"
RE,109 LGv-ZI Otx2 Gaba,Thsd7b,4380,4.8717,65.94,False,True,-4.2423,9.114,1.6901,3.1816,False,Reticular/inhibitory thalamic exclusion,neighbor_control,1,UNIQUE_to_subclass,21.6901,10,False,"064 STR-PAL Chst9 Gaba in same dissection is higher (9.11, 98%)"
RE,109 LGv-ZI Otx2 Gaba,Nrgn,4380,4.1157,57.21,False,True,-6.2164,10.3321,1.3948,2.7209,False,Reticular/inhibitory thalamic exclusion,neighbor_control,1,UNIQUE_to_subclass,21.3948,11,False,"037 DG Glut in same dissection is higher (10.33, 100%)"
RE,109 LGv-ZI Otx2 Gaba,Pcdh8,4380,2.3426,37.95,False,True,-1.9475,4.2901,1.2791,1.0635,False,Reticular/inhibitory thalamic exclusion,neighbor_control,1,UNIQUE_to_subclass,21.2791,12,False,"064 STR-PAL Chst9 Gaba in same dissection is higher (4.29, 61%)"
RE,151 TH Prkcd Grin2c Glut,Prkcd,68125,8.1702,89.77,False,True,5.1898,2.9804,5.6921,2.4781,True,Midline thalamic glutamatergic / reuniens,target,1,UNIQUE_to_subclass,125.6921,1,True,
RE,151 TH Prkcd Grin2c Glut,Grin2c,68125,3.8155,61.43,False,True,0.6787,3.1368,2.0171,1.7984,True,Midline thalamic glutamatergic / reuniens,target,1,UNIQUE_to_subclass,122.0171,2,True,
RE,151 TH Prkcd Grin2c Glut,Slc17a7,68125,5.6244,75.58,False,True,-2.51,8.1344,3.4741,2.1503,False,Midline thalamic glutamatergic / reuniens,target,1,UNIQUE_to_subclass,23.4741,3,False,"037 DG Glut in same dissection is higher (8.13, 94%)"
RE,151 TH Prkcd Grin2c Glut,Tnnt1,68125,6.3705,79.1,False,True,1.7621,4.6084,3.4362,2.9343,False,Midline thalamic glutamatergic / reuniens,target,1,UNIQUE_to_subclass,23.4362,4,True,
RE,151 TH Prkcd Grin2c Glut,Pcp4,68125,12.3194,99.66,False,True,0.3005,12.0189,3.3872,8.9322,False,Midline thalamic glutamatergic / reuniens,target,1,UNIQUE_to_subclass,23.3872,5,False,
RE,151 TH Prkcd Grin2c Glut,Adarb2,68125,10.0137,97.06,False,True,-0.147,10.1607,3.035,6.9787,False,Midline thalamic glutamatergic / reuniens,target,1,UNIQUE_to_subclass,23.035,6,False,"202 PRT Tcf7l2 Gaba in same dissection is higher (10.16, 96%)"
RE,151 TH Prkcd Grin2c Glut,Cacng5,68125,5.2348,78.44,False,True,0.4318,4.803,2.8528,2.382,False,Midline thalamic glutamatergic / reuniens,target,1,UNIQUE_to_subclass,22.8528,7,False,
RE,151 TH Prkcd Grin2c Glut,Prox1,68125,6.0653,84.89,False,True,-2.7081,8.7734,2.7105,3.3548,False,Midline thalamic glutamatergic / reuniens,target,1,UNIQUE_to_subclass,22.7105,8,False,"037 DG Glut in same dissection is higher (8.77, 97%)"
RE,151 TH Prkcd Grin2c Glut,Rorb,68125,7.5387,89.63,False,True,-1.2496,8.7883,2.2057,5.333,False,Midline thalamic glutamatergic / reuniens,target,1,UNIQUE_to_subclass,22.2057,9,False,"149 PVT-PT Ntrk1 Glut in same dissection is higher (8.79, 97%)"
RE,151 TH Prkcd Grin2c Glut,Gpr88,68125,2.448,38.13,False,True,-6.3055,8.7535,1.9957,0.4523,False,Midline thalamic glutamatergic / reuniens,target,1,UNIQUE_to_subclass,21.9957,10,False,"061 STR D1 Gaba in same dissection is higher (8.75, 100%)"
RE,151 TH Prkcd Grin2c Glut,Sema5a,68125,6.2977,83.44,False,True,-2.6921,8.9898,1.466,4.8317,False,Midline thalamic glutamatergic / reuniens,target,1,UNIQUE_to_subclass,21.466,11,False,"037 DG Glut in same dissection is higher (8.99, 97%)"
RE,151 TH Prkcd Grin2c Glut,Cnih3,68125,3.3739,48.58,False,True,-3.1135,6.4874,1.4644,1.9095,False,Midline thalamic glutamatergic / reuniens,target,1,UNIQUE_to_subclass,21.4644,12,False,"037 DG Glut in same dissection is higher (6.49, 85%)"
RE,152 RE-Xi Nox4 Glut,Nox4,5450,2.9056,42.11,False,True,0.4515,2.4541,1.6548,1.2508,True,Midline thalamic glutamatergic / reuniens,target,1,UNIQUE_to_subclass,121.6548,1,False,
RE,152 RE-Xi Nox4 Glut,Calb2,5450,7.775,91.5,False,True,-2.2814,10.0564,4.6034,3.1716,False,Midline thalamic glutamatergic / reuniens,target,1,UNIQUE_to_subclass,24.6034,2,False,"110 BST-po Iigp1 Glut in same dissection is higher (10.06, 100%)"
RE,152 RE-Xi Nox4 Glut,Necab1,5450,8.208,90.48,False,True,-1.4313,9.6393,2.8357,5.3723,False,Midline thalamic glutamatergic / reuniens,target,1,UNIQUE_to_subclass,22.8357,3,False,"150 CM-IAD-CL-PCN Sema5b Glut in same dissection is higher (9.64, 99%)"
RE,152 RE-Xi Nox4 Glut,Oprm1,5450,5.2752,70.33,False,True,-2.1498,7.425,2.5297,2.7455,False,Midline thalamic glutamatergic / reuniens,target,1,UNIQUE_to_subclass,22.5297,4,False,"150 CM-IAD-CL-PCN Sema5b Glut in same dissection is higher (7.42, 91%)"
RE,152 RE-Xi Nox4 Glut,Calb1,5450,8.4814,96.44,False,True,0.0504,8.431,2.2469,6.2345,False,Midline thalamic glutamatergic / reuniens,target,1,UNIQUE_to_subclass,22.2469,5,False,
RE,152 RE-Xi Nox4 Glut,Foxp1,5450,8.3834,97.03,False,True,-2.3637,10.7471,1.8719,6.5115,False,Midline thalamic glutamatergic / reuniens,target,1,UNIQUE_to_subclass,21.8719,6,False,"061 STR D1 Gaba in same dissection is higher (10.75, 100%)"
RE,152 RE-Xi Nox4 Glut,Amigo2,5450,2.2073,36.33,False,True,-3.5934,5.8007,1.4948,0.7125,False,Midline thalamic glutamatergic / reuniens,target,1,UNIQUE_to_subclass,21.4948,7,False,"145 MH Tac2 Glut in same dissection is higher (5.80, 76%)"
RE,152 RE-Xi Nox4 Glut,Deptor,5450,6.3282,85.83,False,True,-0.9776,7.3058,1.4675,4.8607,False,Midline thalamic glutamatergic / reuniens,target,1,UNIQUE_to_subclass,21.4675,8,False,"147 AD Serpinb7 Glut in same dissection is higher (7.31, 95%)"
RE,152 RE-Xi Nox4 Glut,Spon1,5450,7.4824,88.18,False,True,-0.2442,7.7266,1.0708,6.4116,False,Midline thalamic glutamatergic / reuniens,target,1,UNIQUE_to_subclass,21.0708,9,False,"153 MG-POL-SGN Nts Glut in same dissection is higher (7.73, 91%)"
RE,152 RE-Xi Nox4 Glut,Zfp804b,5450,7.3362,84.02,False,True,-4.2602,11.5964,0.6221,6.7141,False,Midline thalamic glutamatergic / reuniens,target,1,UNIQUE_to_subclass,20.6221,10,False,"110 BST-po Iigp1 Glut in same dissection is higher (11.60, 100%)"
RE,152 RE-Xi Nox4 Glut,Nxph1,5450,9.6321,99.76,False,True,-0.5199,10.152,0.5692,9.0629,False,Midline thalamic glutamatergic / reuniens,target,1,UNIQUE_to_subclass,20.5692,11,False,"154 PF Fzd5 Glut in same dissection is higher (10.15, 100%)"
